Departure,Destination,Weight_NumAirlines
AAE,ALG,1
AAE,CDG,1
AAE,ELU,1
AAE,IST,1
AAE,LYS,1
AAE,MRS,2
AAE,ORN,1
AAE,ORY,2
AAL,AAR,1
AAL,AGP,1
AAL,ALC,1
AAL,AMS,2
AAL,ARN,1
AAL,BCN,2
AAL,BLL,3
AAL,CPH,2
AAL,IST,1
AAL,LGW,1
AAL,OSL,3
AAL,PMI,1
AAL,SCR,1
AAL,SVG,1
AAN,CCJ,1
AAN,PEW,1
AAP,JOG,1
AAP,YIA,1
AAQ,DME,1
AAQ,LED,2
AAQ,OVB,1
AAQ,SVO,1
AAR,AAL,1
AAR,AGP,1
AAR,ARN,1
AAR,BLL,1
AAR,BMA,1
AAR,CPH,2
AAR,GOT,1
AAR,MAN,1
AAR,MUC,1
AAR,OSL,2
AAR,PMI,1
AAR,STN,1
AAT,CGO,1
AAT,FYN,1
AAT,KJI,1
AAT,KRY,1
AAT,URC,2
AAT,XIY,1
AAT,YIN,1
AAX,CNF,1
AAX,POJ,1
AAX,UBA,1
AAY,SAH,1
ABA,DME,1
ABA,IKT,1
ABA,NSK,1
ABA,OVB,1
ABA,SVO,1
ABB,ABV,1
ABB,LOS,1
ABD,MHD,2
ABD,SYZ,1
ABD,THR,3
ABE,ATL,3
ABE,CLT,2
ABE,DTW,1
ABE,MYR,1
ABE,ORD,2
ABE,PGD,1
ABE,PHL,2
ABE,PIE,1
ABE,SFB,1
ABI,DFW,2
ABI,MIA,1
ABI,ORD,1
ABI,PHL,1
ABJ,ABV,1
ABJ,ACC,8
ABJ,ADD,1
ABJ,ALG,1
ABJ,BKO,3
ABJ,BOY,1
ABJ,BRU,4
ABJ,BYK,1
ABJ,CDG,2
ABJ,CKY,2
ABJ,CMN,1
ABJ,COO,7
ABJ,DKR,3
ABJ,DLA,1
ABJ,DSS,4
ABJ,FIH,1
ABJ,FNA,2
ABJ,HGO,1
ABJ,IST,1
ABJ,JFK,1
ABJ,KEO,1
ABJ,LBV,1
ABJ,LFW,5
ABJ,LIS,1
ABJ,LOS,5
ABJ,MJC,1
ABJ,NBO,1
ABJ,NIM,1
ABJ,NSI,1
ABJ,ORY,1
ABJ,OUA,7
ABJ,PNR,1
ABJ,ROB,2
ABJ,SPY,1
ABJ,TUN,1
ABL,OTZ,2
ABL,SHG,2
ABM,CNS,2
ABM,HID,1
ABQ,ATL,5
ABQ,AUS,1
ABQ,BWI,1
ABQ,CID,1
ABQ,CLT,1
ABQ,CNM,2
ABQ,DAL,1
ABQ,DEN,3
ABQ,DFW,2
ABQ,HOU,1
ABQ,IAH,1
ABQ,JFK,1
ABQ,LAM,1
ABQ,LAS,2
ABQ,LAX,6
ABQ,MCI,2
ABQ,MDW,2
ABQ,MSP,1
ABQ,OAK,1
ABQ,ORD,3
ABQ,PDX,3
ABQ,PHX,3
ABQ,SAN,1
ABQ,SEA,2
ABQ,SFO,1
ABQ,SJC,1
ABQ,SLC,1
ABQ,SVC,1
ABR,MSP,1
ABS,ASW,1
ABS,CAI,1
ABT,DMM,1
ABT,JED,1
ABT,RUH,1
ABV,ABB,3
ABV,ABJ,1
ABV,ACC,1
ABV,ADD,1
ABV,AKR,1
ABV,BCU,1
ABV,BNI,2
ABV,CAI,1
ABV,CBQ,2
ABV,CDG,3
ABV,COO,1
ABV,DLA,1
ABV,ENU,2
ABV,FRA,1
ABV,GMO,1
ABV,IBA,2
ABV,ILR,2
ABV,IST,1
ABV,KAN,3
ABV,LFW,1
ABV,LHR,1
ABV,LOS,2
ABV,MIU,2
ABV,NDJ,2
ABV,NIM,1
ABV,PHC,7
ABV,QOW,3
ABV,QRW,1
ABV,QUO,2
ABV,SKO,1
ABV,SSG,1
ABV,YOL,3
ABX,MEL,1
ABX,SYD,3
ABY,ATL,4
ABZ,AMS,1
ABZ,BGO,2
ABZ,BHD,1
ABZ,BHX,2
ABZ,BRS,2
ABZ,CDG,3
ABZ,CPH,1
ABZ,DUB,1
ABZ,EBJ,2
ABZ,EMA,2
ABZ,FRA,1
ABZ,HAU,1
ABZ,HUY,1
ABZ,KOI,1
ABZ,KSU,1
ABZ,LBA,1
ABZ,LCY,1
ABZ,LGW,1
ABZ,LHR,5
ABZ,LSI,1
ABZ,LTN,1
ABZ,MAN,2
ABZ,MME,1
ABZ,NCL,2
ABZ,NWI,2
ABZ,OSL,3
ABZ,RIX,1
ABZ,SEN,1
ABZ,SVG,3
ABZ,SYY,1
ABZ,TFS,1
ABZ,WIC,1
ACA,DFW,1
ACA,IAH,1
ACA,MEX,3
ACA,MTY,1
ACA,TIJ,1
ACA,TLC,2
ACC,ABJ,10
ACC,ABV,3
ACC,ADD,1
ACC,AMS,1
ACC,BEY,2
ACC,BJL,1
ACC,BRU,2
ACC,CAI,1
ACC,CDG,1
ACC,CMN,1
ACC,COO,1
ACC,DKR,3
ACC,DXB,1
ACC,FCO,1
ACC,FNA,5
ACC,FRA,1
ACC,IAD,2
ACC,ISL,1
ACC,IST,1
ACC,JFK,1
ACC,JNB,1
ACC,KMS,4
ACC,LFW,3
ACC,LHR,2
ACC,LIS,1
ACC,LOS,6
ACC,MAD,1
ACC,MLW,1
ACC,MST,1
ACC,NBO,1
ACC,NYI,1
ACC,OUA,2
ACC,PHC,1
ACC,ROB,8
ACC,TKD,3
ACC,TML,3
ACC,TMS,1
ACC,WDH,1
ACE,AGP,1
ACE,AMS,1
ACE,BCN,3
ACE,BFS,3
ACE,BGY,1
ACE,BHX,6
ACE,BIO,3
ACE,BLK,1
ACE,BLQ,1
ACE,BOD,1
ACE,BOH,1
ACE,BRE,1
ACE,BRS,2
ACE,BRU,1
ACE,BVA,1
ACE,CGN,1
ACE,CRL,1
ACE,DUB,2
ACE,DUS,2
ACE,EDI,1
ACE,EIN,2
ACE,EMA,6
ACE,FCO,1
ACE,FKB,1
ACE,FRA,3
ACE,FUE,6
ACE,GLA,5
ACE,HAJ,2
ACE,HAM,2
ACE,HHN,1
ACE,LBA,3
ACE,LEJ,2
ACE,LGW,9
ACE,LPA,4
ACE,LPL,2
ACE,LTN,3
ACE,LUX,1
ACE,MAD,4
ACE,MAN,7
ACE,MUC,2
ACE,NCL,5
ACE,NOC,1
ACE,NRN,1
ACE,ORK,2
ACE,ORY,2
ACE,OSL,1
ACE,OVD,2
ACE,PAD,1
ACE,PIK,1
ACE,SCQ,3
ACE,SDR,1
ACE,SNN,2
ACE,STN,3
ACE,STR,2
ACE,SVQ,2
ACE,SXF,2
ACE,TFN,1
ACE,TXL,1
ACE,VLC,1
ACE,ZAZ,1
ACE,ZRH,4
ACH,EBA,1
ACH,VIE,1
ACI,GCI,1
ACI,SOU,1
ACK,BOS,1
ACK,EWB,1
ACK,HPN,1
ACK,HYA,1
ACK,JFK,1
ACK,MVY,1
ACK,TEB,1
ACR,LCR,1
ACR,SVI,1
ACT,DFW,2
ACU,PAC,1
ACV,CEC,1
ACV,PSP,1
ACV,SFO,1
ACV,SMF,1
ACX,CAN,1
ACX,CKG,1
ACX,KMG,1
ACX,KWE,1
ACX,NAY,2
ACX,NGB,1
ACX,PKX,2
ACX,PVG,2
ACX,WUH,1
ACX,XIY,1
ACY,BOS,1
ACY,DTW,1
ACY,EWR,1
ACY,FLL,1
ACY,IAH,1
ACY,IND,1
ACY,MCO,1
ACY,MYR,1
ACY,ORD,2
ACY,RSW,1
ACY,TPA,1
ACZ,MHD,1
ADA,ADB,2
ADA,AYT,2
ADA,BEY,1
ADA,CGN,1
ADA,DOH,1
ADA,EBL,2
ADA,ECN,3
ADA,ESB,1
ADA,IKA,1
ADA,IST,3
ADA,JED,1
ADA,KYA,1
ADA,SAW,2
ADA,STR,1
ADA,TZX,1
ADA,VAN,1
ADB,ADA,2
ADB,AJI,1
ADB,AMS,3
ADB,ARN,1
ADB,ASR,2
ADB,ATH,1
ADB,AYT,2
ADB,BER,1
ADB,BHX,1
ADB,BRE,1
ADB,BRU,1
ADB,BSL,2
ADB,CDG,2
ADB,CGN,1
ADB,CPH,1
ADB,DIY,2
ADB,DOH,1
ADB,DTM,1
ADB,DUB,1
ADB,DUS,2
ADB,ECN,3
ADB,ERZ,1
ADB,ESB,2
ADB,EZS,1
ADB,FRA,1
ADB,GNY,2
ADB,GZT,2
ADB,HAJ,1
ADB,HAM,2
ADB,HEL,1
ADB,HTY,1
ADB,IEV,1
ADB,IKA,1
ADB,IST,4
ADB,JED,1
ADB,KSY,1
ADB,LGW,2
ADB,LUX,1
ADB,LYS,1
ADB,MAN,1
ADB,MLX,1
ADB,MQM,1
ADB,MUC,2
ADB,NTE,1
ADB,SAW,3
ADB,STN,2
ADB,STR,3
ADB,SXB,1
ADB,SZF,1
ADB,TXL,1
ADB,TZX,2
ADB,VAN,1
ADB,VAS,1
ADB,VIE,1
ADB,ZRH,1
ADD,ABJ,1
ADD,ABV,1
ADD,ACC,1
ADD,AMH,1
ADD,ARN,1
ADD,ASM,1
ADD,ASO,1
ADD,ATH,1
ADD,AWA,1
ADD,AXU,1
ADD,BAH,2
ADD,BCO,1
ADD,BEY,1
ADD,BJM,1
ADD,BJR,1
ADD,BKK,2
ADD,BKO,2
ADD,BLR,1
ADD,BLZ,1
ADD,BOM,2
ADD,BRU,1
ADD,BZV,1
ADD,CAI,2
ADD,CAN,3
ADD,CDG,1
ADD,CGK,1
ADD,COO,1
ADD,CPT,1
ADD,CTU,1
ADD,DAR,2
ADD,DEL,2
ADD,DIR,1
ADD,DLA,2
ADD,DME,1
ADD,DMM,1
ADD,DOH,2
ADD,DSE,1
ADD,DUB,1
ADD,DXB,3
ADD,EBB,2
ADD,ENU,1
ADD,FBM,1
ADD,FCO,1
ADD,FIH,1
ADD,FKI,1
ADD,FRA,2
ADD,GBE,1
ADD,GDQ,1
ADD,GGR,1
ADD,GMB,1
ADD,GOB,1
ADD,GOM,1
ADD,GRU,1
ADD,GVA,1
ADD,HAH,1
ADD,HGA,1
ADD,HKG,1
ADD,HRE,4
ADD,IAD,1
ADD,ICN,1
ADD,IST,2
ADD,JED,6
ADD,JIB,4
ADD,JIJ,1
ADD,JIM,1
ADD,JNB,2
ADD,JRO,1
ADD,JUB,2
ADD,KAN,1
ADD,KGL,2
ADD,KRT,2
ADD,KWI,2
ADD,LAD,2
ADD,LBV,1
ADD,LFW,1
ADD,LGG,1
ADD,LHR,1
ADD,LLI,1
ADD,LLW,1
ADD,LOS,1
ADD,LUN,1
ADD,MAD,1
ADD,MAN,1
ADD,MBA,2
ADD,MCT,2
ADD,MED,1
ADD,MGQ,1
ADD,MNL,1
ADD,MPM,1
ADD,MQX,1
ADD,MXP,1
ADD,NBO,5
ADD,NDJ,1
ADD,NIM,1
ADD,NLA,1
ADD,NOS,1
ADD,NSI,1
ADD,ORD,1
ADD,OUA,1
ADD,PEK,2
ADD,PHC,1
ADD,PNR,1
ADD,PVG,1
ADD,RUH,2
ADD,SAH,1
ADD,SEZ,1
ADD,SHJ,1
ADD,SIN,1
ADD,SSG,2
ADD,SZE,1
ADD,TLV,1
ADD,TNR,1
ADD,VFA,1
ADD,VIE,1
ADD,WDH,1
ADD,YYZ,1
ADD,ZNZ,1
ADE,AHB,1
ADE,AMM,2
ADE,ASM,1
ADE,AUH,1
ADE,BBO,1
ADE,BOM,1
ADE,CAI,1
ADE,DMM,2
ADE,DOH,1
ADE,DXB,2
ADE,GXF,1
ADE,IST,1
ADE,JED,2
ADE,MGQ,1
ADE,RIY,1
ADE,RUH,1
ADE,SAH,2
ADE,SHJ,1
ADF,ESB,1
ADF,IST,1
ADF,SAW,1
ADK,ANC,1
ADL,AKL,4
ADL,ASP,2
ADL,AVV,1
ADL,AYQ,1
ADL,BBL,1
ADL,BHQ,1
ADL,BNE,5
ADL,CAN,1
ADL,CBR,2
ADL,CED,1
ADL,CNS,1
ADL,CPD,1
ADL,DOH,1
ADL,DPS,2
ADL,DRW,2
ADL,DXB,2
ADL,HBA,1
ADL,HKG,1
ADL,KGC,2
ADL,KGI,1
ADL,KUL,2
ADL,MCY,1
ADL,MEL,4
ADL,MGB,1
ADL,MOO,1
ADL,MQL,1
ADL,OLP,2
ADL,OOL,2
ADL,PER,3
ADL,PLO,2
ADL,PUG,2
ADL,SIN,3
ADL,SYD,5
ADL,WYA,2
ADQ,AKK,1
ADQ,ANC,2
ADQ,AOS,1
ADQ,KKB,1
ADQ,KLN,1
ADQ,KOY,1
ADQ,KOZ,2
ADQ,KPY,1
ADQ,OLH,2
ADQ,ORI,1
ADU,MHD,1
ADU,THR,2
ADZ,BAQ,2
ADZ,BOG,3
ADZ,CLO,3
ADZ,CTG,3
ADZ,MDE,2
ADZ,PEI,1
ADZ,PTY,1
ADZ,PVA,1
ADZ,YUL,1
AEB,CAN,2
AEB,CKG,2
AEB,CSX,1
AEB,HGH,1
AEB,KWL,2
AEB,LJG,1
AEP,AFA,1
AEP,ASU,1
AEP,BHI,2
AEP,BPS,1
AEP,BRC,4
AEP,CNQ,1
AEP,COR,4
AEP,CPC,1
AEP,CRD,3
AEP,CTC,1
AEP,CWB,1
AEP,EQS,1
AEP,EZE,1
AEP,FLN,2
AEP,FMA,1
AEP,FTE,2
AEP,GIG,2
AEP,GRU,4
AEP,IGR,4
AEP,IRJ,1
AEP,JUJ,2
AEP,LUQ,1
AEP,MDQ,3
AEP,MDZ,4
AEP,MVD,2
AEP,NQN,3
AEP,PDP,5
AEP,PMY,1
AEP,POA,1
AEP,PRA,2
AEP,PSS,1
AEP,RCU,1
AEP,REL,1
AEP,RES,1
AEP,RGA,1
AEP,RGL,2
AEP,RHD,2
AEP,ROS,3
AEP,RSA,1
AEP,SCL,2
AEP,SDE,1
AEP,SFN,3
AEP,SLA,4
AEP,TUC,2
AEP,UAQ,2
AEP,USH,2
AEP,VDM,1
AEP,VVI,1
AER,CEK,1
AER,DME,4
AER,DYU,1
AER,EVN,3
AER,IST,2
AER,KIV,1
AER,KJA,1
AER,KRR,2
AER,KZN,2
AER,LBD,2
AER,LED,3
AER,MSQ,1
AER,NBC,1
AER,OMS,1
AER,OSS,1
AER,OVB,1
AER,PEE,1
AER,SIP,2
AER,SVO,2
AER,SVX,3
AER,TAS,3
AER,TBS,1
AER,TZX,1
AER,UFA,1
AER,VKO,3
AER,VOZ,1
AES,ALC,1
AES,AMS,2
AES,BGO,2
AES,CPH,1
AES,GDN,1
AES,KSU,1
AES,LGW,1
AES,LPA,1
AES,OSL,2
AES,RIX,1
AES,TRD,2
AES,VNO,1
AET,BTT,2
AET,FAI,1
AET,HUS,2
AEX,ATL,3
AEX,DFW,2
AEX,IAH,1
AEY,AMS,1
AEY,RKV,1
AFA,AEP,1
AFA,LUQ,1
AFL,CGB,1
AFZ,THR,1
AGA,AMS,1
AGA,ARN,1
AGA,BHX,1
AGA,BRU,3
AGA,BSL,1
AGA,CDG,1
AGA,CGN,1
AGA,CMN,1
AGA,CPH,1
AGA,CRL,1
AGA,DUB,1
AGA,DUS,1
AGA,EUN,1
AGA,FEZ,1
AGA,FRA,3
AGA,LEJ,1
AGA,LGW,3
AGA,LIL,2
AGA,LPA,1
AGA,LUX,1
AGA,LYS,2
AGA,MAN,5
AGA,MPL,1
AGA,MRS,1
AGA,MUC,3
AGA,NTE,1
AGA,ORY,2
AGA,RAK,1
AGA,RAL,1
AGA,RBA,1
AGA,STN,1
AGA,SXF,1
AGA,TNG,1
AGA,VIL,1
AGA,ZRH,1
AGB,MRS,1
AGF,DCM,1
AGF,ORY,1
AGH,ARN,2
AGH,BMA,2
AGH,MXX,1
AGM,IOQ,1
AGM,KUS,1
AGM,KUZ,1
AGM,SGG,1
AGM,TQI,1
AGN,TKE,1
AGP,AAL,1
AGP,AAR,1
AGP,ACE,1
AGP,AMS,5
AGP,ARN,2
AGP,BCN,3
AGP,BFS,3
AGP,BGO,1
AGP,BGY,1
AGP,BHD,1
AGP,BHX,2
AGP,BIO,4
AGP,BLK,1
AGP,BLL,2
AGP,BLQ,1
AGP,BOD,2
AGP,BOH,1
AGP,BRE,1
AGP,BRS,2
AGP,BRU,5
AGP,BSL,1
AGP,BTS,1
AGP,BUD,2
AGP,BVA,1
AGP,BVE,1
AGP,CDG,3
AGP,CGN,3
AGP,CIA,1
AGP,CMN,2
AGP,CPH,5
AGP,CRL,1
AGP,CWL,3
AGP,DME,2
AGP,DTM,1
AGP,DUB,2
AGP,DUS,4
AGP,EDI,2
AGP,EIN,2
AGP,EMA,3
AGP,EXT,2
AGP,FCO,4
AGP,FKB,1
AGP,FMM,1
AGP,FMO,1
AGP,FRA,2
AGP,FUE,1
AGP,GLA,4
AGP,GOT,3
AGP,GSE,1
AGP,GVA,2
AGP,HAJ,2
AGP,HAM,5
AGP,HAU,1
AGP,HEL,2
AGP,HHN,1
AGP,IBZ,3
AGP,IST,1
AGP,KRK,1
AGP,KTW,1
AGP,LBA,2
AGP,LCG,1
AGP,LCY,2
AGP,LEN,1
AGP,LGW,6
AGP,LHR,2
AGP,LIL,1
AGP,LIS,2
AGP,LPA,3
AGP,LPL,2
AGP,LTN,3
AGP,LUX,1
AGP,LYS,2
AGP,MAD,2
AGP,MAN,5
AGP,MLN,3
AGP,MMX,1
AGP,MRS,2
AGP,MUC,5
AGP,MXP,1
AGP,NCL,4
AGP,NOC,1
AGP,NRN,1
AGP,NTE,2
AGP,NUE,1
AGP,NYO,1
AGP,ORK,2
AGP,ORY,3
AGP,OSL,2
AGP,OVD,2
AGP,PIK,1
AGP,PMI,5
AGP,PRG,3
AGP,RAK,1
AGP,RTM,1
AGP,RUH,1
AGP,RYG,2
AGP,SCQ,3
AGP,SDR,1
AGP,SEN,1
AGP,SNN,2
AGP,SOF,1
AGP,SOU,1
AGP,STN,2
AGP,STR,3
AGP,SVG,1
AGP,SVO,2
AGP,SXF,2
AGP,TFN,3
AGP,TFS,1
AGP,TLS,2
AGP,TMP,1
AGP,TRD,1
AGP,TRF,2
AGP,TSF,1
AGP,TXL,3
AGP,VIE,3
AGP,VKO,1
AGP,VLC,1
AGP,VST,1
AGP,WAW,1
AGP,WMI,1
AGP,WRO,1
AGP,YUL,1
AGP,ZRH,2
AGR,BOM,1
AGR,HJR,1
AGR,JAI,1
AGS,ATL,3
AGS,CLT,2
AGS,DCA,2
AGS,DFW,1
AGT,ASU,2
AGT,GRU,2
AGU,CUN,1
AGU,DFW,2
AGU,IAH,1
AGU,LAX,1
AGU,MEX,2
AGU,MTY,1
AGU,TIJ,1
AGX,COK,2
AHB,ADE,1
AHB,BHH,1
AHB,CAI,4
AHB,DMM,2
AHB,DXB,1
AHB,JED,3
AHB,KRT,1
AHB,MED,1
AHB,RUH,3
AHB,SAH,1
AHB,SHJ,1
AHB,SHW,1
AHB,TIF,1
AHB,TUU,1
AHE,PPT,1
AHE,XMH,1
AHN,BNA,1
AHO,AOI,1
AHO,BGY,1
AHO,BLL,1
AHO,BLQ,1
AHO,BTS,1
AHO,BVA,1
AHO,CIA,1
AHO,CRL,1
AHO,CUF,1
AHO,DTM,1
AHO,DUB,1
AHO,EIN,1
AHO,FCO,2
AHO,FMM,1
AHO,GRO,1
AHO,GSE,1
AHO,HHN,1
AHO,LIN,1
AHO,LTN,1
AHO,MAD,1
AHO,MXP,1
AHO,NRN,1
AHO,NYO,1
AHO,OTP,1
AHO,PMF,1
AHO,PSA,1
AHO,STN,1
AHO,TRF,1
AHO,TRN,1
AHO,TRS,1
AHO,TSF,1
AHU,BRU,1
AHU,CMN,1
AHU,RTM,1
AHU,TNG,1
AHU,TTU,1
AIA,CDR,4
AIN,ATK,1
AIN,BRW,1
AIT,AIU,1
AIT,RAR,2
AIU,RAR,1
AJA,ARN,1
AJA,AVN,1
AJA,BES,1
AJA,BOD,2
AJA,BSL,1
AJA,BVE,1
AJA,CDG,2
AJA,CFR,2
AJA,CRL,1
AJA,DCM,1
AJA,ETZ,1
AJA,GVA,2
AJA,LGG,2
AJA,LGW,1
AJA,LIL,3
AJA,LUX,1
AJA,LYS,5
AJA,MPL,1
AJA,MRS,3
AJA,NCE,3
AJA,NTE,4
AJA,OLB,1
AJA,ORY,2
AJA,OSL,1
AJA,PIS,1
AJA,PUF,1
AJA,RNS,1
AJA,STN,1
AJA,SXB,2
AJA,TLS,3
AJA,TUF,1
AJF,JED,1
AJF,RUH,1
AJI,ESB,1
AJI,IST,1
AJI,SAW,1
AJL,CCU,3
AJL,GAU,2
AJL,IMF,1
AJR,ARN,2
AJR,GEV,2
AJR,LYC,2
AJU,BSB,3
AJU,CGH,1
AJU,GIG,1
AJU,GRU,3
AJU,MCZ,1
AJU,REC,2
AJU,SDU,1
AJU,SSA,4
AJU,VCP,1
AKB,DUT,1
AKF,BEN,2
AKF,TIP,1
AKI,KKI,1
AKI,TLT,2
AKJ,HND,3
AKJ,NGO,1
AKJ,TPE,3
AKK,ADQ,1
AKL,ADL,3
AKL,APW,2
AKL,BHE,1
AKL,BKK,2
AKL,BNE,7
AKL,CAN,1
AKL,CHC,3
AKL,CHT,1
AKL,CNS,2
AKL,DOH,1
AKL,DUD,2
AKL,EZE,1
AKL,GIS,1
AKL,HKG,2
AKL,HLZ,1
AKL,HNL,1
AKL,IAH,1
AKL,ICN,1
AKL,IUE,1
AKL,IVC,1
AKL,KAT,1
AKL,KIX,1
AKL,KKE,1
AKL,KUL,1
AKL,LAX,3
AKL,MCY,1
AKL,MEL,8
AKL,NOU,2
AKL,NPE,2
AKL,NPL,2
AKL,NRT,3
AKL,NSN,2
AKL,NTL,1
AKL,OOL,3
AKL,ORD,1
AKL,PEK,1
AKL,PER,2
AKL,PMR,2
AKL,PPQ,2
AKL,PPT,4
AKL,PVG,2
AKL,RAR,3
AKL,ROT,1
AKL,SCL,2
AKL,SFO,2
AKL,SIN,4
AKL,SUV,1
AKL,SYD,11
AKL,TBU,2
AKL,TPE,1
AKL,TRG,1
AKL,TUO,1
AKL,VLI,2
AKL,WAG,2
AKL,WHK,2
AKL,WLG,2
AKL,WRE,1
AKL,YVR,2
AKL,ZQN,2
AKN,ANC,2
AKN,DLG,1
AKN,EGX,1
AKN,IGG,1
AKN,KCG,1
AKN,KLL,1
AKN,PIP,1
AKN,PTH,1
AKN,WSN,1
AKP,BTT,1
AKP,FAI,2
AKU,BPL,1
AKU,CKG,1
AKU,CTU,2
AKU,HTN,1
AKU,KCA,1
AKU,KHG,1
AKU,KRY,1
AKU,LHW,1
AKU,QSZ,1
AKU,SHF,1
AKU,TWC,1
AKU,URC,5
AKU,XIY,2
AKV,YIK,1
AKV,YPX,1
AKX,ALA,2
AKX,DME,2
AKX,SCO,1
AKX,SVO,1
AKX,TSE,2
AKY,KYP,1
AKY,RGN,2
AKY,SNW,2
AKY,VBA,1
ALA,AKX,2
ALA,AMS,1
ALA,AUH,2
ALA,BKK,1
ALA,CAN,2
ALA,CIT,3
ALA,DEL,1
ALA,DMB,1
ALA,DME,2
ALA,DXB,1
ALA,DYU,3
ALA,DZN,1
ALA,FRA,1
ALA,FRU,3
ALA,GUW,2
ALA,GYD,1
ALA,HKG,2
ALA,ICN,2
ALA,IKA,1
ALA,IST,2
ALA,KBP,2
ALA,KGF,2
ALA,KOV,1
ALA,KSN,1
ALA,KUF,1
ALA,KUL,1
ALA,KZN,1
ALA,KZO,1
ALA,LED,2
ALA,LHR,2
ALA,OSS,1
ALA,OVB,1
ALA,PEK,2
ALA,PLX,2
ALA,PPK,1
ALA,PRG,1
ALA,PVG,1
ALA,PWQ,2
ALA,SAW,1
ALA,SCO,3
ALA,SGN,1
ALA,SHJ,1
ALA,SSH,1
ALA,SVO,2
ALA,TAS,2
ALA,TBS,1
ALA,TSE,5
ALA,UKK,3
ALA,URA,1
ALA,URC,2
ALA,USJ,1
ALA,VKO,1
ALB,ATL,5
ALB,BOS,2
ALB,BWI,2
ALB,CLE,1
ALB,CLT,2
ALB,DAY,1
ALB,DCA,2
ALB,DTW,1
ALB,EWR,2
ALB,FLL,2
ALB,IAD,1
ALB,LAS,1
ALB,LGA,1
ALB,MCO,1
ALB,MDW,2
ALB,MKE,1
ALB,MSP,1
ALB,MSS,1
ALB,OGS,1
ALB,ORD,2
ALB,PHL,2
ALB,TPA,2
ALC,AAL,1
ALC,ABZ,1
ALC,AES,1
ALC,ALG,2
ALC,AMS,4
ALC,ARN,2
ALC,BCN,2
ALC,BFS,3
ALC,BGO,2
ALC,BGY,1
ALC,BHX,4
ALC,BIO,2
ALC,BJZ,1
ALC,BLK,1
ALC,BLL,2
ALC,BLQ,1
ALC,BOH,1
ALC,BRE,1
ALC,BRS,3
ALC,BRU,4
ALC,BSL,1
ALC,BVA,1
ALC,CGN,2
ALC,CPH,4
ALC,CRL,1
ALC,CWL,3
ALC,DME,4
ALC,DUB,2
ALC,DUS,3
ALC,EDI,3
ALC,EIN,2
ALC,EMA,4
ALC,EVE,1
ALC,EXT,2
ALC,FCO,3
ALC,FKB,1
ALC,FMM,1
ALC,FRA,3
ALC,GDN,1
ALC,GLA,3
ALC,GOT,3
ALC,GSE,1
ALC,GVA,2
ALC,HAM,3
ALC,HAU,1
ALC,HEL,1
ALC,HHN,1
ALC,IBZ,2
ALC,KEF,3
ALC,KIR,1
ALC,KRK,1
ALC,KRS,1
ALC,KSD,1
ALC,KTW,1
ALC,KUN,1
ALC,LBA,2
ALC,LCG,1
ALC,LGW,8
ALC,LPA,2
ALC,LPL,2
ALC,LTN,2
ALC,MAD,2
ALC,MAN,5
ALC,MOL,1
ALC,MRS,1
ALC,MST,1
ALC,MUC,3
ALC,MXP,2
ALC,NCL,4
ALC,NOC,1
ALC,NQY,1
ALC,NRN,1
ALC,NUE,1
ALC,NYO,1
ALC,ORK,1
ALC,ORN,3
ALC,ORY,2
ALC,OSL,2
ALC,OUL,1
ALC,OVD,1
ALC,PIK,1
ALC,PMI,4
ALC,POZ,1
ALC,RTM,1
ALC,RYG,2
ALC,SCQ,2
ALC,SEN,1
ALC,SNN,1
ALC,SOU,1
ALC,STN,1
ALC,STR,2
ALC,SVG,2
ALC,SVO,1
ALC,SVQ,1
ALC,SXF,1
ALC,TFN,2
ALC,TFS,2
ALC,TKU,1
ALC,TMP,1
ALC,TOS,1
ALC,TRD,2
ALC,TRF,2
ALC,TXL,2
ALC,UME,1
ALC,VIE,1
ALC,VST,1
ALC,VXO,1
ALC,WMI,1
ALC,WRO,1
ALC,ZRH,3
ALF,HFT,1
ALF,KKN,1
ALF,LKL,1
ALF,OSL,2
ALF,SOJ,1
ALF,TOS,3
ALF,VDS,1
ALG,AAE,2
ALG,ABJ,1
ALG,ALC,2
ALG,AMM,2
ALG,AZR,2
ALG,BCN,3
ALG,BEY,1
ALG,BJA,1
ALG,BKO,1
ALG,BLJ,1
ALG,BOD,1
ALG,BRU,2
ALG,BSK,2
ALG,CAI,2
ALG,CBH,2
ALG,CDG,6
ALG,CGN,1
ALG,CMN,2
ALG,CRL,1
ALG,CZL,2
ALG,DJG,1
ALG,DKR,1
ALG,DOH,1
ALG,DSS,1
ALG,DXB,2
ALG,EBH,1
ALG,ELG,1
ALG,ELU,2
ALG,ETZ,1
ALG,FCO,2
ALG,FRA,2
ALG,GHA,2
ALG,GJL,1
ALG,GVA,1
ALG,HME,1
ALG,HRM,1
ALG,IAM,1
ALG,INZ,2
ALG,IST,2
ALG,JED,2
ALG,LGW,1
ALG,LHR,1
ALG,LIL,2
ALG,LIS,2
ALG,LOO,2
ALG,LYS,3
ALG,MAD,2
ALG,MED,2
ALG,MLA,1
ALG,MLH,1
ALG,MPL,2
ALG,MRS,4
ALG,MUW,1
ALG,MXP,2
ALG,MZW,1
ALG,NCE,1
ALG,NIM,1
ALG,NKC,1
ALG,NTE,1
ALG,OGX,1
ALG,ORN,2
ALG,ORY,3
ALG,OUA,1
ALG,PEK,1
ALG,PMI,1
ALG,QSF,1
ALG,SVO,1
ALG,SXB,1
ALG,TEE,1
ALG,TGR,1
ALG,TID,1
ALG,TIN,2
ALG,TIP,2
ALG,TLM,2
ALG,TLS,2
ALG,TMR,2
ALG,TMX,1
ALG,TUN,2
ALG,VIE,2
ALG,VLC,1
ALG,VVZ,2
ALG,YUL,2
ALG,ZRH,1
ALH,BQB,1
ALH,OCM,1
ALH,PER,3
ALO,ORD,2
ALS,DEN,3
ALS,FMN,3
ALW,SEA,1
AMA,DAL,2
AMA,DEN,3
AMA,DFW,2
AMA,IAH,1
AMA,LAS,1
AMA,MDW,1
AMD,AUH,2
AMD,BHO,1
AMD,BKK,2
AMD,BLR,3
AMD,BOM,6
AMD,CCU,3
AMD,COK,2
AMD,DED,1
AMD,DEL,6
AMD,DOH,1
AMD,DWC,1
AMD,DXB,3
AMD,GAU,1
AMD,GOI,3
AMD,HBX,1
AMD,HYD,3
AMD,IDR,1
AMD,ISK,2
AMD,IXB,2
AMD,IXC,1
AMD,IXU,1
AMD,JAI,3
AMD,JDH,1
AMD,JLR,1
AMD,JSA,2
AMD,KNU,1
AMD,KQH,1
AMD,KUL,1
AMD,KWI,2
AMD,LHR,1
AMD,LKO,2
AMD,MAA,3
AMD,MCT,1
AMD,NAG,1
AMD,PAT,1
AMD,PBD,1
AMD,PNQ,3
AMD,SHJ,1
AMD,SIN,1
AMD,UDR,1
AMD,VNS,2
AMH,ADD,1
AMH,BCO,1
AMM,ADE,2
AMM,ALG,2
AMM,AMS,2
AMM,AQJ,1
AMM,ATH,2
AMM,ATZ,1
AMM,AUH,3
AMM,BAH,2
AMM,BCN,2
AMM,BEN,3
AMM,BER,1
AMM,BEY,3
AMM,BGW,2
AMM,BKK,2
AMM,BOM,1
AMM,BSR,1
AMM,CAI,4
AMM,CDG,2
AMM,CMN,1
AMM,CPH,1
AMM,DEL,1
AMM,DME,2
AMM,DMM,1
AMM,DOH,2
AMM,DTW,1
AMM,DWC,1
AMM,DXB,4
AMM,EBL,3
AMM,FCO,3
AMM,FRA,3
AMM,GVA,1
AMM,HBE,2
AMM,HMB,1
AMM,HOD,1
AMM,IEV,1
AMM,IST,2
AMM,ISU,1
AMM,JED,5
AMM,JFK,3
AMM,KBP,1
AMM,KRT,1
AMM,KWI,4
AMM,LCA,1
AMM,LHR,2
AMM,LOS,1
AMM,MAD,2
AMM,MCT,2
AMM,MED,3
AMM,MRA,1
AMM,MST,1
AMM,MUC,2
AMM,NJF,1
AMM,ORD,3
AMM,OSM,2
AMM,OTP,2
AMM,RUH,3
AMM,SAH,2
AMM,SHJ,2
AMM,SSH,3
AMM,TIP,3
AMM,TLV,2
AMM,TUN,1
AMM,TXL,2
AMM,VIE,3
AMM,YUL,3
AMM,ZRH,1
AMQ,CGK,3
AMQ,FKQ,1
AMQ,JIO,1
AMQ,LUV,3
AMQ,MKW,1
AMQ,NAM,1
AMQ,NBX,2
AMQ,NRE,1
AMQ,SOQ,3
AMQ,SQN,1
AMQ,SUB,2
AMQ,SXK,3
AMQ,TTE,2
AMQ,UPG,4
AMS,AAL,2
AMS,ABZ,1
AMS,ACC,1
AMS,ACE,1
AMS,ADB,3
AMS,AES,2
AMS,AEY,1
AMS,AGA,1
AMS,AGP,5
AMS,AJA,1
AMS,ALA,1
AMS,ALC,5
AMS,AMM,2
AMS,ARN,5
AMS,ASR,2
AMS,ATH,3
AMS,ATL,2
AMS,AUA,2
AMS,AUH,7
AMS,AYT,2
AMS,BCN,6
AMS,BEG,3
AMS,BER,1
AMS,BEY,1
AMS,BFS,1
AMS,BGO,2
AMS,BHD,1
AMS,BHX,2
AMS,BIO,3
AMS,BJV,1
AMS,BKK,3
AMS,BLL,2
AMS,BLQ,3
AMS,BLR,1
AMS,BOD,3
AMS,BOG,1
AMS,BOJ,1
AMS,BOM,2
AMS,BON,2
AMS,BOS,2
AMS,BRE,2
AMS,BRI,1
AMS,BRN,1
AMS,BRS,3
AMS,BRU,1
AMS,BSL,3
AMS,BUD,2
AMS,CAG,1
AMS,CAI,3
AMS,CAN,2
AMS,CDG,3
AMS,CFE,3
AMS,CFU,1
AMS,CGK,2
AMS,CGN,2
AMS,CHQ,1
AMS,CKG,1
AMS,CMN,2
AMS,CPH,6
AMS,CPT,2
AMS,CTA,4
AMS,CTG,1
AMS,CTU,2
AMS,CUR,2
AMS,CWL,2
AMS,DAR,1
AMS,DBV,1
AMS,DEL,2
AMS,DFW,2
AMS,DLM,1
AMS,DMM,3
AMS,DOH,4
AMS,DRS,1
AMS,DTW,2
AMS,DUB,2
AMS,DUS,2
AMS,DXB,4
AMS,EBB,1
AMS,EBL,1
AMS,EDI,2
AMS,EMA,1
AMS,ETM,1
AMS,EWR,4
AMS,EXT,1
AMS,EZE,1
AMS,FAO,2
AMS,FCO,5
AMS,FLR,3
AMS,FNC,1
AMS,FOR,1
AMS,FRA,6
AMS,FUE,2
AMS,FUK,1
AMS,GCI,1
AMS,GDN,2
AMS,GIG,1
AMS,GLA,3
AMS,GOA,1
AMS,GOT,1
AMS,GRO,1
AMS,GRU,1
AMS,GRZ,1
AMS,GUW,1
AMS,GVA,2
AMS,GYE,1
AMS,HAJ,2
AMS,HAM,4
AMS,HAV,1
AMS,HEL,5
AMS,HER,1
AMS,HGH,2
AMS,HKG,2
AMS,HOG,1
AMS,HRE,3
AMS,HRG,2
AMS,HUY,2
AMS,IAD,4
AMS,IAH,4
AMS,IBZ,4
AMS,ICN,2
AMS,IKA,1
AMS,INN,1
AMS,INV,2
AMS,ISL,1
AMS,IST,2
AMS,IVL,1
AMS,JED,1
AMS,JER,1
AMS,JFK,3
AMS,JKH,1
AMS,JMK,1
AMS,JNB,2
AMS,JRO,3
AMS,JTR,1
AMS,KAO,1
AMS,KBP,2
AMS,KEF,2
AMS,KGL,3
AMS,KGS,1
AMS,KIT,1
AMS,KIX,1
AMS,KRK,2
AMS,KRS,2
AMS,KTW,1
AMS,KUL,3
AMS,KWI,3
AMS,KYA,1
AMS,LAD,1
AMS,LAS,1
AMS,LAX,2
AMS,LBA,3
AMS,LCA,3
AMS,LCY,4
AMS,LED,2
AMS,LEJ,1
AMS,LGG,1
AMS,LGW,2
AMS,LHR,6
AMS,LIM,2
AMS,LIN,4
AMS,LIS,10
AMS,LJU,2
AMS,LOS,1
AMS,LPA,2
AMS,LPI,1
AMS,LPL,1
AMS,LTN,3
AMS,LUX,1
AMS,LYS,2
AMS,MAD,5
AMS,MAN,3
AMS,MCO,1
AMS,MCT,1
AMS,MEX,2
AMS,MIA,1
AMS,MLA,2
AMS,MME,2
AMS,MPL,1
AMS,MRS,2
AMS,MSP,2
AMS,MSQ,1
AMS,MUC,2
AMS,MXP,3
AMS,NAP,3
AMS,NBO,4
AMS,NCE,4
AMS,NCL,2
AMS,NDR,2
AMS,NRT,1
AMS,NTE,2
AMS,NUE,1
AMS,NWI,2
AMS,OLB,1
AMS,OPO,5
AMS,ORD,5
AMS,ORK,2
AMS,ORY,1
AMS,OSL,3
AMS,OTP,2
AMS,PBM,2
AMS,PDL,1
AMS,PDX,2
AMS,PEK,2
AMS,PFO,1
AMS,PHL,2
AMS,PMI,3
AMS,PMO,3
AMS,POP,1
AMS,PRG,4
AMS,PSA,1
AMS,PTY,2
AMS,PUJ,1
AMS,PUY,1
AMS,PVG,5
AMS,PVK,1
AMS,RAK,1
AMS,RHO,1
AMS,RIX,2
AMS,RMF,1
AMS,RNS,1
AMS,RUH,2
AMS,RVN,1
AMS,SAW,3
AMS,SCL,1
AMS,SCQ,1
AMS,SEA,2
AMS,SEN,1
AMS,SFB,1
AMS,SFO,3
AMS,SHJ,1
AMS,SIN,2
AMS,SKG,1
AMS,SLC,2
AMS,SMI,1
AMS,SOF,2
AMS,SOU,1
AMS,SPC,1
AMS,SPU,1
AMS,STN,1
AMS,STR,2
AMS,SUF,1
AMS,SVG,2
AMS,SVO,2
AMS,SVQ,3
AMS,SXB,3
AMS,SXF,1
AMS,SXM,1
AMS,SZG,1
AMS,TBS,3
AMS,TFS,1
AMS,TIA,1
AMS,TLL,2
AMS,TLS,2
AMS,TLV,5
AMS,TNG,2
AMS,TPA,1
AMS,TPE,3
AMS,TRD,2
AMS,TRF,2
AMS,TRN,2
AMS,TUN,1
AMS,TXL,2
AMS,UIO,2
AMS,VCE,4
AMS,VCP,1
AMS,VIE,4
AMS,VLC,4
AMS,VRA,1
AMS,VRN,1
AMS,VXE,1
AMS,VXO,2
AMS,WAW,2
AMS,WRO,1
AMS,XMN,3
AMS,YEG,1
AMS,YUL,2
AMS,YVR,2
AMS,YYC,3
AMS,YYZ,4
AMS,ZAG,2
AMS,ZAZ,1
AMS,ZNZ,1
AMS,ZRH,3
AMS,ZTH,1
ANC,ADK,1
ANC,ADQ,2
ANC,AKN,2
ANC,ANI,3
ANC,ATL,5
ANC,BET,2
ANC,BRW,1
ANC,CDB,2
ANC,CDV,2
ANC,DEN,1
ANC,DFW,5
ANC,DLG,2
ANC,ENA,3
ANC,FAI,2
ANC,FRA,1
ANC,HKG,1
ANC,HNL,1
ANC,HOM,2
ANC,ICN,2
ANC,ILI,1
ANC,JFK,5
ANC,JNU,1
ANC,KIX,2
ANC,KOA,1
ANC,KSM,2
ANC,LAS,1
ANC,LAX,7
ANC,LCK,3
ANC,MCG,2
ANC,MIA,4
ANC,MSP,1
ANC,OGG,1
ANC,OME,1
ANC,ORD,11
ANC,OTZ,1
ANC,PDX,1
ANC,PHX,3
ANC,PVG,1
ANC,RDB,1
ANC,SCC,1
ANC,SDP,2
ANC,SEA,3
ANC,SIT,1
ANC,SLC,1
ANC,SNP,2
ANC,STG,2
ANC,TPE,2
ANC,UNK,3
ANC,VDZ,2
ANC,YVR,1
ANE,BIA,1
ANF,CCP,1
ANF,CJC,2
ANF,IQQ,3
ANF,LIM,2
ANF,LSC,2
ANF,SCL,3
ANG,FSC,1
ANI,ANC,3
ANI,CHU,1
ANI,HCR,2
ANI,KLG,2
ANI,KSM,1
ANI,MCG,2
ANI,RSH,1
ANI,SHX,1
ANM,TMM,1
ANM,TNR,1
ANM,WMN,1
ANR,AGP,1
ANR,ALC,1
ANR,LCY,4
ANR,NDR,1
ANR,RMU,1
ANR,TNG,1
ANS,LIM,1
ANU,ATL,1
ANU,AXA,1
ANU,BGI,2
ANU,CLT,2
ANU,DOM,1
ANU,EWR,1
ANU,FRA,1
ANU,GND,1
ANU,JFK,2
ANU,KIN,1
ANU,LGW,3
ANU,LHR,1
ANU,MIA,2
ANU,MNI,1
ANU,NEV,1
ANU,PLS,1
ANU,POS,1
ANU,PTP,2
ANU,PUJ,3
ANU,SBH,2
ANU,SDQ,1
ANU,SJU,1
ANU,SKB,3
ANU,SLU,1
ANU,STT,1
ANU,SXM,1
ANU,TAB,2
ANU,UVF,1
ANU,YUL,1
ANU,YYZ,2
ANV,HCR,1
ANV,KGX,2
ANX,BOO,1
ANX,EVE,1
ANX,TOS,1
AOE,BRU,1
AOG,CAN,1
AOG,NKG,1
AOG,PEK,1
AOG,PKX,1
AOG,PVG,2
AOI,AHO,1
AOI,CRL,1
AOI,CTA,1
AOI,DUS,1
AOI,FCO,1
AOI,MUC,2
AOI,NRN,1
AOI,STN,1
AOI,TPS,1
AOI,TXL,1
AOJ,CTS,2
AOJ,HND,1
AOJ,ICN,1
AOJ,ITM,2
AOJ,NKM,1
AOJ,TPE,1
AOK,ATH,2
AOK,DUS,1
AOK,KSJ,3
AOK,MUC,1
AOK,PRG,1
AOK,RHO,2
AOK,VIE,1
AOO,IAD,1
AOO,JST,1
AOQ,JUV,1
AOR,KUL,2
AOR,SZB,3
AOS,KZB,1
APA,DIK,1
APA,FAR,1
APA,HLN,1
APA,SDF,1
APF,MIA,1
APK,XMH,1
APL,BEW,2
APL,JNB,2
APL,LLW,1
APL,MNC,1
APL,MPM,2
APL,NBO,1
APL,POL,3
APL,TET,2
APL,UEL,1
APL,VXC,1
APN,DTW,1
APN,MSP,1
APN,PLN,1
APO,BOG,1
APO,EOH,3
APW,AKL,3
APW,BNE,1
APW,HNL,1
APW,SYD,1
AQA,VCP,1
AQG,CAN,1
AQG,CKG,1
AQG,HAK,1
AQG,KWL,1
AQG,PEK,1
AQG,SHA,1
AQG,WUH,1
AQG,XMN,1
AQI,JED,1
AQI,RUH,1
AQJ,AMM,1
AQJ,IST,1
AQP,CUZ,1
AQP,JUL,2
AQP,LIM,5
AQP,LPB,1
AQP,TCQ,1
ARC,VEE,2
ARH,CSH,1
ARH,KSZ,1
ARH,LED,3
ARH,MMK,1
ARH,NNM,2
ARH,SVO,2
ARH,USK,1
ARI,ANF,2
ARI,IQQ,2
ARI,LPB,1
ARI,SCL,1
ARK,ZNZ,1
ARM,SYD,2
ARN,AAL,1
ARN,AAR,1
ARN,ADB,1
ARN,ADD,2
ARN,AGH,2
ARN,AGP,2
ARN,AJA,1
ARN,AJR,1
ARN,ALC,2
ARN,AMS,4
ARN,ATH,3
ARN,AYT,1
ARN,BCN,4
ARN,BEG,3
ARN,BER,1
ARN,BGO,2
ARN,BGW,1
ARN,BHX,1
ARN,BJV,1
ARN,BKK,3
ARN,BLL,1
ARN,BLQ,1
ARN,BRU,2
ARN,BUD,1
ARN,CDG,4
ARN,CGN,2
ARN,CHQ,2
ARN,CMN,1
ARN,CPH,3
ARN,CTA,2
ARN,DBV,2
ARN,DEL,1
ARN,DME,1
ARN,DOH,1
ARN,DUB,3
ARN,DUS,4
ARN,DXB,2
ARN,EBL,3
ARN,EDI,2
ARN,EIN,1
ARN,EVG,1
ARN,EWR,2
ARN,FAO,2
ARN,FCO,2
ARN,FLL,1
ARN,FNC,1
ARN,FRA,3
ARN,GEV,2
ARN,GOT,4
ARN,GVA,4
ARN,GZP,1
ARN,HAD,1
ARN,HAM,3
ARN,HEL,6
ARN,HFS,1
ARN,HRG,1
ARN,ICN,1
ARN,IKA,2
ARN,ISL,1
ARN,IST,2
ARN,ISU,2
ARN,JFK,1
ARN,JKG,1
ARN,KEF,1
ARN,KID,1
ARN,KLR,2
ARN,KLX,2
ARN,KRF,2
ARN,KRK,2
ARN,KRN,2
ARN,KSD,1
ARN,LAX,2
ARN,LCA,2
ARN,LCY,1
ARN,LED,2
ARN,LGW,1
ARN,LHR,6
ARN,LIN,1
ARN,LIS,4
ARN,LLA,2
ARN,LPA,2
ARN,LUX,1
ARN,LYC,2
ARN,MAD,3
ARN,MAN,3
ARN,MHQ,1
ARN,MLA,1
ARN,MMX,2
ARN,MSQ,1
ARN,MUC,3
ARN,MXX,1
ARN,NCE,2
ARN,OAK,1
ARN,OER,3
ARN,OLB,1
ARN,ORD,1
ARN,ORY,1
ARN,OSD,2
ARN,OSL,4
ARN,OTP,1
ARN,OUL,1
ARN,PEK,2
ARN,PMI,2
ARN,PMO,2
ARN,POR,1
ARN,PRG,4
ARN,PSA,1
ARN,PUY,1
ARN,PVG,1
ARN,RHO,1
ARN,RIX,3
ARN,RNB,2
ARN,SAW,1
ARN,SDL,1
ARN,SFT,1
ARN,SJJ,1
ARN,SKG,2
ARN,SPU,2
ARN,STR,1
ARN,SVG,1
ARN,SVO,2
ARN,SXF,1
ARN,TFS,1
ARN,TKU,3
ARN,TLL,4
ARN,TLV,1
ARN,TMP,4
ARN,TOS,1
ARN,TRD,2
ARN,TRF,1
ARN,TXL,5
ARN,UME,3
ARN,VAA,5
ARN,VBY,3
ARN,VCE,1
ARN,VHM,2
ARN,VIE,4
ARN,VNO,2
ARN,VXO,1
ARN,WAW,2
ARN,ZAG,1
ARN,ZRH,2
ART,ORD,2
ART,PHL,2
ARU,GRU,1
ARU,VCP,1
ARW,BGY,1
ASB,ALA,1
ASB,ATQ,1
ASB,AUH,1
ASB,BHX,1
ASB,BKK,1
ASB,BKN,1
ASB,CAN,1
ASB,CDG,1
ASB,CRZ,1
ASB,DAC,1
ASB,DEL,1
ASB,DME,2
ASB,DXB,2
ASB,ESB,1
ASB,FRA,1
ASB,GYD,2
ASB,IST,2
ASB,KRW,1
ASB,KUL,1
ASB,KZN,1
ASB,LED,1
ASB,LHR,1
ASB,MSQ,2
ASB,MYP,1
ASB,PEK,1
ASB,TAZ,1
ASB,URC,1
ASE,DEN,1
ASE,DFW,1
ASE,LAS,1
ASE,LAX,2
ASE,ORD,1
ASE,PHX,1
ASE,SLC,1
ASF,AER,1
ASF,DME,2
ASF,KZN,1
ASF,LED,2
ASF,MRV,1
ASF,ROV,1
ASF,SAW,1
ASF,SCO,1
ASF,SVO,1
ASF,VKO,1
ASF,ZRH,1
ASJ,FUK,1
ASJ,HND,1
ASJ,ITM,1
ASJ,KOJ,1
ASJ,NRT,1
ASM,ADD,2
ASM,ADE,1
ASM,CAI,1
ASM,IST,1
ASM,JED,1
ASM,JUB,1
ASM,KRT,1
ASM,NBO,1
ASM,SAH,1
ASO,ADD,1
ASP,ADL,2
ASP,AYQ,1
ASP,BNE,1
ASP,CNS,1
ASP,DRW,2
ASP,MEL,2
ASP,PER,2
ASP,SYD,3
ASR,ADB,2
ASR,AMS,1
ASR,DUS,1
ASR,IST,1
ASR,MED,1
ASR,SAW,2
ASR,STR,1
ASU,AEP,2
ASU,AGT,3
ASU,COR,1
ASU,CWB,1
ASU,EZE,5
ASU,FLN,1
ASU,GIG,1
ASU,GRU,4
ASU,IGR,1
ASU,IQQ,1
ASU,LIM,2
ASU,MAD,1
ASU,MIA,2
ASU,MVD,2
ASU,PDP,1
ASU,PTY,1
ASU,SCL,2
ASU,SLA,1
ASU,VVI,2
ASV,ILU,1
ASV,WIL,2
ASW,ABS,1
ASW,CAI,3
ASW,JED,1
ATA,LIM,1
ATC,NAS,2
ATC,TBI,1
ATD,HIR,1
ATH,ADB,2
ATH,AMM,2
ATH,AMS,3
ATH,AOK,3
ATH,ARN,3
ATH,AUH,2
ATH,AXD,3
ATH,BCN,4
ATH,BEG,3
ATH,BER,1
ATH,BEY,2
ATH,BGW,1
ATH,BGY,1
ATH,BLQ,1
ATH,BOD,1
ATH,BRU,2
ATH,BSL,1
ATH,BUD,1
ATH,CAI,2
ATH,CDG,3
ATH,CFU,3
ATH,CGN,2
ATH,CHQ,4
ATH,CMN,2
ATH,CPH,3
ATH,CTA,1
ATH,DBV,1
ATH,DME,3
ATH,DOH,2
ATH,DUB,2
ATH,DUS,3
ATH,DXB,1
ATH,EDI,2
ATH,EFL,3
ATH,EIN,1
ATH,EVN,2
ATH,FCO,4
ATH,FRA,2
ATH,GVA,3
ATH,HAM,2
ATH,HBE,2
ATH,HEL,2
ATH,HER,6
ATH,IEV,1
ATH,IOA,3
ATH,IST,3
ATH,JED,3
ATH,JFK,1
ATH,JIK,3
ATH,JKH,4
ATH,JKL,4
ATH,JMK,3
ATH,JNX,3
ATH,JSH,2
ATH,JSI,3
ATH,JSY,3
ATH,JTR,5
ATH,JTY,3
ATH,KBP,3
ATH,KGS,3
ATH,KIT,3
ATH,KIV,1
ATH,KRK,1
ATH,KRR,1
ATH,KSO,2
ATH,KTW,1
ATH,KVA,2
ATH,KZI,2
ATH,LCA,5
ATH,LED,1
ATH,LGW,2
ATH,LHR,4
ATH,LIN,1
ATH,LIS,1
ATH,LRS,2
ATH,LUX,1
ATH,LXS,3
ATH,LYS,3
ATH,MAD,3
ATH,MAN,3
ATH,MJT,4
ATH,MLA,2
ATH,MLO,3
ATH,MPL,1
ATH,MRS,3
ATH,MUC,3
ATH,MXP,3
ATH,NAP,1
ATH,NCE,1
ATH,NTE,2
ATH,OPO,1
ATH,ORY,2
ATH,OSL,3
ATH,OTP,4
ATH,PAS,3
ATH,PEK,1
ATH,PFO,1
ATH,PHL,3
ATH,PRG,1
ATH,RAK,1
ATH,RHO,3
ATH,RIX,1
ATH,RUH,1
ATH,SAW,1
ATH,SIN,1
ATH,SKG,3
ATH,SKP,1
ATH,SKU,2
ATH,SMI,4
ATH,SOF,5
ATH,SPU,1
ATH,STN,2
ATH,STR,3
ATH,SVO,1
ATH,SXF,2
ATH,TBS,1
ATH,TIA,2
ATH,TLS,2
ATH,TLV,4
ATH,TXL,2
ATH,VCE,3
ATH,VIE,2
ATH,WAW,2
ATH,YUL,2
ATH,YYZ,2
ATH,ZAG,1
ATH,ZRH,2
ATH,ZTH,3
ATK,AIN,1
ATK,BRW,1
ATL,ABE,3
ATL,ABQ,5
ATL,ABY,4
ATL,AEX,3
ATL,AGS,3
ATL,ALB,4
ATL,AMS,2
ATL,ANC,4
ATL,ANU,1
ATL,ATW,3
ATL,AUA,3
ATL,AUS,8
ATL,AVL,4
ATL,AVP,3
ATL,AZO,2
ATL,BCN,1
ATL,BDA,1
ATL,BDL,7
ATL,BHM,7
ATL,BJX,1
ATL,BMI,3
ATL,BNA,8
ATL,BOG,1
ATL,BOI,1
ATL,BON,1
ATL,BOS,9
ATL,BQK,3
ATL,BRU,3
ATL,BSB,1
ATL,BTR,3
ATL,BTV,3
ATL,BUF,4
ATL,BUR,1
ATL,BWI,8
ATL,BZE,1
ATL,BZN,1
ATL,CAE,4
ATL,CAK,5
ATL,CCS,1
ATL,CDG,4
ATL,CHA,5
ATL,CHO,3
ATL,CHS,7
ATL,CID,4
ATL,CLE,7
ATL,CLT,8
ATL,CMH,8
ATL,COS,3
ATL,CRW,4
ATL,CSG,3
ATL,CTG,1
ATL,CUN,9
ATL,CVG,7
ATL,CZM,5
ATL,DAB,3
ATL,DAL,5
ATL,DAY,6
ATL,DCA,8
ATL,DEN,11
ATL,DFW,14
ATL,DHN,3
ATL,DOH,1
ATL,DSM,3
ATL,DTW,9
ATL,DUB,3
ATL,DUS,3
ATL,DXB,1
ATL,ECP,3
ATL,ELH,1
ATL,ELP,4
ATL,EVV,4
ATL,EWN,3
ATL,EWR,9
ATL,EYW,3
ATL,EZE,1
ATL,FAR,1
ATL,FAY,3
ATL,FCO,5
ATL,FLL,8
ATL,FNT,3
ATL,FPO,1
ATL,FRA,6
ATL,FSD,1
ATL,FSM,3
ATL,FWA,4
ATL,GCM,1
ATL,GDL,6
ATL,GGT,1
ATL,GIG,2
ATL,GNV,4
ATL,GPT,4
ATL,GRB,3
ATL,GRK,3
ATL,GRR,3
ATL,GRU,1
ATL,GSO,6
ATL,GSP,5
ATL,GTR,3
ATL,GUA,1
ATL,HAV,1
ATL,HHH,1
ATL,HND,1
ATL,HNL,1
ATL,HOU,6
ATL,HPN,3
ATL,HSV,5
ATL,IAD,10
ATL,IAH,10
ATL,ICN,2
ATL,ICT,4
ATL,ILM,4
ATL,IND,9
ATL,ISP,1
ATL,IST,1
ATL,JAC,1
ATL,JAN,5
ATL,JAX,9
ATL,JFK,10
ATL,JNB,1
ATL,KIN,1
ATL,LAN,2
ATL,LAS,8
ATL,LAX,14
ATL,LEX,4
ATL,LFT,3
ATL,LGA,10
ATL,LHR,8
ATL,LIM,1
ATL,LIR,1
ATL,LIT,4
ATL,LNK,1
ATL,LOS,1
ATL,LUX,1
ATL,LWB,1
ATL,MAD,4
ATL,MAN,4
ATL,MBJ,3
ATL,MBS,2
ATL,MCI,8
ATL,MCN,1
ATL,MCO,9
ATL,MDT,3
ATL,MDW,5
ATL,MEI,1
ATL,MEM,7
ATL,MEX,7
ATL,MGA,1
ATL,MGM,3
ATL,MHT,3
ATL,MIA,13
ATL,MKE,6
ATL,MKL,1
ATL,MLB,3
ATL,MLI,3
ATL,MLU,3
ATL,MOB,3
ATL,MSL,1
ATL,MSN,3
ATL,MSP,9
ATL,MSY,10
ATL,MTY,6
ATL,MUC,3
ATL,MYR,4
ATL,NAS,4
ATL,NRT,1
ATL,OAJ,3
ATL,OAK,2
ATL,OKC,7
ATL,OMA,4
ATL,ONT,1
ATL,ORD,21
ATL,ORF,7
ATL,PAP,1
ATL,PBI,8
ATL,PDX,5
ATL,PHF,3
ATL,PHL,10
ATL,PHX,9
ATL,PIA,3
ATL,PIB,1
ATL,PIT,7
ATL,PLS,1
ATL,PNS,5
ATL,PTY,3
ATL,PUJ,3
ATL,PVD,3
ATL,PVG,1
ATL,PVR,2
ATL,PWM,3
ATL,RDU,10
ATL,RIC,7
ATL,ROA,4
ATL,ROC,4
ATL,RST,1
ATL,RSW,8
ATL,RTB,1
ATL,SAL,1
ATL,SAN,8
ATL,SAP,1
ATL,SAT,7
ATL,SAV,6
ATL,SBN,3
ATL,SCL,2
ATL,SDF,6
ATL,SDQ,1
ATL,SEA,6
ATL,SFO,10
ATL,SGF,3
ATL,SHV,3
ATL,SJC,3
ATL,SJD,4
ATL,SJO,2
ATL,SJU,8
ATL,SLC,7
ATL,SMF,4
ATL,SNA,4
ATL,SRQ,5
ATL,STL,8
ATL,STR,3
ATL,STT,2
ATL,SXM,1
ATL,SYR,4
ATL,TGU,1
ATL,TLH,3
ATL,TPA,8
ATL,TRI,3
ATL,TTN,1
ATL,TUL,4
ATL,TUP,1
ATL,TUS,5
ATL,TYS,6
ATL,UIO,1
ATL,UVF,1
ATL,VLD,3
ATL,VPS,4
ATL,XNA,5
ATL,YUL,3
ATL,YVR,1
ATL,YYC,1
ATL,YYZ,6
ATL,ZRH,1
ATM,BEL,2
ATM,ITB,1
ATM,ORX,1
ATM,STM,2
ATQ,ASB,1
ATQ,BHX,1
ATQ,BOM,2
ATQ,DEL,4
ATQ,DOH,1
ATQ,DXB,2
ATQ,JAI,1
ATQ,NDC,1
ATQ,PAT,1
ATQ,SHJ,1
ATQ,SIN,1
ATQ,STN,1
ATQ,SXR,1
ATQ,TAS,1
ATT,BET,1
ATT,KUK,1
ATW,ATL,3
ATW,AZA,1
ATW,CWA,1
ATW,DEN,1
ATW,DTW,1
ATW,LAS,1
ATW,MSP,1
ATW,ORD,2
ATW,SFB,1
ATY,DEN,1
ATY,MSP,1
ATY,PIR,3
ATZ,AMM,2
ATZ,CAI,2
ATZ,JED,3
ATZ,KWI,3
ATZ,RUH,2
ATZ,SHJ,1
AUA,AMS,2
AUA,ATL,3
AUA,BOG,2
AUA,BON,2
AUA,BOS,1
AUA,BWI,1
AUA,CCS,6
AUA,CLT,2
AUA,CUR,3
AUA,DFW,1
AUA,EWR,1
AUA,FLL,1
AUA,IAD,1
AUA,IAH,1
AUA,JBQ,1
AUA,JFK,2
AUA,LGA,2
AUA,LRM,1
AUA,LSP,1
AUA,MAR,2
AUA,MCO,1
AUA,MIA,6
AUA,ORD,2
AUA,PBM,1
AUA,PHL,2
AUA,PTY,2
AUA,RCH,1
AUA,VLN,2
AUA,YYZ,2
AUC,BOG,2
AUG,BOS,1
AUH,ADE,1
AUH,ALA,2
AUH,AMD,2
AUH,AMM,3
AUH,AMS,7
AUH,ATH,2
AUH,BAH,8
AUH,BCN,1
AUH,BEG,2
AUH,BEY,2
AUH,BGW,1
AUH,BKK,3
AUH,BLR,3
AUH,BNE,1
AUH,BOM,4
AUH,BRU,3
AUH,BSR,1
AUH,CAI,2
AUH,CCJ,3
AUH,CCU,1
AUH,CDG,2
AUH,CGK,3
AUH,CGP,1
AUH,CMB,5
AUH,CMN,3
AUH,CNN,1
AUH,COK,4
AUH,CTU,3
AUH,DAC,1
AUH,DEL,5
AUH,DME,2
AUH,DMM,3
AUH,DOH,2
AUH,DUB,2
AUH,DUS,3
AUH,EBL,1
AUH,FCO,2
AUH,FRA,5
AUH,GRU,1
AUH,GVA,2
AUH,GXF,1
AUH,GYD,1
AUH,HKG,2
AUH,HKT,2
AUH,HYD,2
AUH,IAD,2
AUH,ICN,3
AUH,IKA,1
AUH,ISB,6
AUH,IST,2
AUH,IXE,1
AUH,JAI,1
AUH,JED,3
AUH,JFK,2
AUH,JNB,4
AUH,KHI,3
AUH,KIH,1
AUH,KRT,4
AUH,KTM,1
AUH,KUL,4
AUH,KWI,5
AUH,LAX,1
AUH,LCA,2
AUH,LHE,7
AUH,LHR,5
AUH,LOS,1
AUH,MAA,2
AUH,MAD,1
AUH,MAN,1
AUH,MCT,12
AUH,MED,3
AUH,MEL,3
AUH,MLE,2
AUH,MNL,2
AUH,MSQ,2
AUH,MUC,3
AUH,MXP,2
AUH,NBO,3
AUH,NRT,2
AUH,ORD,2
AUH,PEK,5
AUH,PEW,4
AUH,PVG,2
AUH,RBA,1
AUH,RIY,1
AUH,RUH,3
AUH,RYK,1
AUH,SAH,1
AUH,SEZ,3
AUH,SGN,2
AUH,SIN,6
AUH,STN,1
AUH,SYD,3
AUH,TRV,3
AUH,TSE,2
AUH,TXL,2
AUH,VIE,1
AUH,YYZ,2
AUH,ZRH,1
AUH,ZYL,1
AUK,EMK,1
AUK,SXP,1
AUQ,NHV,1
AUQ,PPT,1
AUQ,UAH,1
AUQ,UAP,1
AUR,ORY,2
AUS,ATL,7
AUS,BNA,1
AUS,BOS,2
AUS,BWI,2
AUS,CLE,1
AUS,CLT,2
AUS,CUN,2
AUS,CVG,1
AUS,DAL,1
AUS,DCA,1
AUS,DEN,5
AUS,DFW,2
AUS,DTW,2
AUS,ELP,2
AUS,EWR,2
AUS,FLL,3
AUS,FRA,1
AUS,HOU,1
AUS,HRL,2
AUS,IAD,2
AUS,IAH,1
AUS,JFK,4
AUS,LAS,3
AUS,LAX,7
AUS,LBB,1
AUS,LGB,1
AUS,LHR,4
AUS,MCI,1
AUS,MCO,5
AUS,MDW,2
AUS,MEM,1
AUS,MEX,2
AUS,MIA,1
AUS,MSP,1
AUS,MSY,4
AUS,OAK,2
AUS,ORD,4
AUS,PDX,1
AUS,PHL,2
AUS,PHX,3
AUS,RDU,1
AUS,SAN,3
AUS,SEA,2
AUS,SFO,5
AUS,SJC,3
AUS,SLC,2
AUS,SMF,2
AUS,STL,1
AUS,TPA,1
AUS,YYC,1
AUS,YYZ,1
AUU,ABM,1
AUU,CNS,1
AUU,CUQ,1
AUU,IRG,1
AUX,BSB,1
AUX,MAB,1
AUX,PMW,2
AUY,TAH,1
AVA,CAN,1
AVA,CKG,1
AVA,NAY,2
AVA,NKG,1
AVA,PKX,1
AVL,ATL,4
AVL,BWI,1
AVL,CLT,2
AVL,DFW,1
AVL,DTW,1
AVL,EWR,1
AVL,FLL,1
AVL,IAD,1
AVL,LGA,1
AVL,ORD,1
AVL,PBI,1
AVL,PGD,1
AVL,PHL,1
AVL,PIE,1
AVL,SFB,1
AVL,SRQ,1
AVN,AJA,1
AVN,LIG,1
AVP,ATL,2
AVP,CLT,2
AVP,DTW,1
AVP,IAD,1
AVP,ORD,2
AVP,PHL,2
AVP,SFB,1
AVV,ADL,1
AVV,KUL,1
AVV,OOL,1
AVV,SYD,1
AWA,ADD,1
AWA,GOB,1
AWD,FTA,1
AWD,TAH,1
AWZ,AZD,2
AWZ,BND,2
AWZ,DXB,2
AWZ,IFN,4
AWZ,KHK,1
AWZ,KIH,2
AWZ,KWI,2
AWZ,MED,1
AWZ,MHD,3
AWZ,PGU,2
AWZ,RAS,2
AWZ,SRY,3
AWZ,SYZ,3
AWZ,TBZ,2
AWZ,THR,5
AXA,ANU,1
AXA,SJU,2
AXA,STT,1
AXA,SXM,2
AXD,ATH,2
AXD,JSH,1
AXJ,FUK,1
AXK,SAH,1
AXM,BOG,1
AXM,FLL,1
AXP,CRI,1
AXP,NAS,1
AXR,AHE,1
AXR,KKR,1
AXR,PPT,1
AXT,CTS,2
AXT,HND,2
AXT,ICN,1
AXT,ITM,2
AXT,NGO,1
AXU,ADD,1
AXU,GDQ,1
AXU,LLI,1
AYP,LIM,3
AYQ,ADL,1
AYQ,ASP,1
AYQ,BNE,1
AYQ,CNS,1
AYQ,DRW,1
AYQ,MEL,1
AYQ,SYD,2
AYT,ADA,2
AYT,ADB,2
AYT,AMM,1
AYT,AMS,4
AYT,ARN,1
AYT,ASR,2
AYT,BAH,1
AYT,BER,2
AYT,BGO,1
AYT,BGW,1
AYT,BHX,3
AYT,BLL,1
AYT,BRE,1
AYT,BRS,2
AYT,BRU,3
AYT,BSL,2
AYT,CGN,7
AYT,CPH,1
AYT,DIY,1
AYT,DME,1
AYT,DRS,3
AYT,DUS,6
AYT,EBL,1
AYT,ECN,2
AYT,EIN,1
AYT,ERF,2
AYT,ESB,2
AYT,FDH,1
AYT,FMO,2
AYT,FRA,5
AYT,GLA,1
AYT,GOT,1
AYT,GRQ,1
AYT,GRZ,2
AYT,GVA,2
AYT,GZT,1
AYT,HAJ,4
AYT,HAM,7
AYT,HEL,1
AYT,IST,3
AYT,KSC,1
AYT,KSF,1
AYT,KZN,1
AYT,LBA,1
AYT,LED,1
AYT,LEJ,5
AYT,LGW,5
AYT,LNZ,1
AYT,LTN,2
AYT,LUX,1
AYT,MAN,5
AYT,MUC,5
AYT,NUE,4
AYT,ORY,1
AYT,OSL,1
AYT,OTP,1
AYT,PAD,4
AYT,PRG,1
AYT,RLG,1
AYT,ROV,1
AYT,RTM,1
AYT,SAW,3
AYT,SCN,1
AYT,STR,6
AYT,SVO,3
AYT,SXF,2
AYT,SZF,1
AYT,SZG,2
AYT,TLV,1
AYT,TRD,1
AYT,TRF,1
AYT,TXL,4
AYT,TZX,2
AYT,VAN,1
AYT,VIE,4
AYT,VKO,4
AYT,ZQW,1
AYT,ZRH,4
AZA,ATW,1
AZA,BIL,1
AZA,BIS,1
AZA,BLI,1
AZA,BOI,1
AZA,BZN,1
AZA,CID,1
AZA,DLH,1
AZA,DSM,1
AZA,EUG,1
AZA,FAR,1
AZA,FSD,1
AZA,FWA,1
AZA,GFK,1
AZA,GJT,1
AZA,GRI,1
AZA,GRR,1
AZA,GTF,1
AZA,ICT,1
AZA,IDA,1
AZA,LAS,1
AZA,MFE,1
AZA,MLI,1
AZA,MOT,1
AZA,MSO,1
AZA,OAK,1
AZA,OGD,1
AZA,OMA,1
AZA,PIA,1
AZA,PSC,1
AZA,PVU,1
AZA,RAP,1
AZA,RDM,1
AZA,RFD,1
AZA,RST,1
AZA,SBN,1
AZA,SCK,1
AZA,SGF,1
AZA,STC,1
AZA,TVC,1
AZA,YEG,1
AZA,YYC,1
AZD,BND,1
AZD,MED,1
AZD,MHD,3
AZD,THR,2
AZI,DXB,1
AZI,FJR,1
AZI,XSB,1
AZI,ZDY,1
AZN,DME,1
AZN,LED,1
AZN,TAS,1
AZO,ATL,2
AZO,DTW,1
AZO,MSP,1
AZO,ORD,3
AZR,ALG,1
AZR,BMW,1
AZR,CZL,1
AZR,INZ,1
AZR,OGX,1
AZR,ORN,1
AZS,DUS,1
AZS,JFK,1
AZS,SJU,1
AZS,YHZ,1
AZS,YUL,2
AZS,YYZ,2
BAH,ADD,2
BAH,AMM,2
BAH,ATH,1
BAH,AUH,8
BAH,AYT,1
BAH,BEY,1
BAH,BGW,1
BAH,BKK,3
BAH,BLR,1
BAH,BOM,2
BAH,CAI,2
BAH,CCJ,2
BAH,CDG,1
BAH,CMB,3
BAH,CMN,1
BAH,COK,1
BAH,DAC,1
BAH,DEL,2
BAH,DME,1
BAH,DMM,4
BAH,DOH,10
BAH,DWC,2
BAH,DXB,5
BAH,EBL,1
BAH,ELQ,1
BAH,FRA,1
BAH,GYD,1
BAH,HBE,1
BAH,HYD,1
BAH,IKA,1
BAH,ISB,1
BAH,IST,2
BAH,IXE,1
BAH,JED,2
BAH,KHI,1
BAH,KRT,1
BAH,KWI,6
BAH,LCA,1
BAH,LHE,2
BAH,LHR,4
BAH,LYP,1
BAH,MAA,1
BAH,MCT,3
BAH,MED,2
BAH,MHD,2
BAH,MNL,2
BAH,MUX,1
BAH,NJF,1
BAH,PEW,1
BAH,PNH,1
BAH,RUH,3
BAH,SAH,2
BAH,SAW,1
BAH,SHJ,1
BAH,SKT,1
BAH,SSH,1
BAH,TBS,1
BAH,TRV,1
BAH,TZX,2
BAL,ESB,1
BAL,IST,1
BAL,SAW,2
BAQ,ADZ,2
BAQ,BOG,3
BAQ,CLO,1
BAQ,CTG,1
BAQ,MDE,2
BAQ,MIA,4
BAQ,PTY,1
BAQ,VUP,1
BAR,CGO,2
BAR,HET,1
BAR,HFE,1
BAR,KHN,1
BAR,KWE,2
BAR,KWL,1
BAR,SJW,1
BAR,TNA,1
BAR,TYN,2
BAR,WUH,2
BAR,ZYI,1
BAV,CAN,2
BAV,CGO,3
BAV,CIF,1
BAV,CSX,1
BAV,CTU,1
BAV,HDG,1
BAV,NAY,2
BAV,NKG,1
BAV,PEK,3
BAV,PKX,1
BAV,PVG,2
BAV,SHA,2
BAV,SHE,1
BAV,SJW,3
BAV,TSN,3
BAV,TYN,2
BAV,URC,1
BAV,WUH,2
BAV,WUT,2
BAV,XIY,3
BAV,YNT,1
BAX,DME,2
BAX,SVO,1
BAY,OTP,2
BAZ,MAO,1
BBA,PMC,2
BBA,PUQ,1
BBA,SCL,1
BBI,BLR,2
BBI,BOM,2
BBI,CCU,2
BBI,DEL,2
BBI,HYD,1
BBI,IXR,1
BBI,IXZ,1
BBI,JRG,1
BBI,RPR,1
BBI,VTZ,1
BBK,GBE,1
BBK,JNB,2
BBK,MUB,1
BBL,MOO,1
BBN,BKM,1
BBN,LGL,1
BBN,MUR,1
BBN,MYY,1
BBN,ODN,1
BBO,ADE,1
BBO,BSA,2
BBO,DXB,1
BBO,JIB,1
BBO,MGQ,1
BBO,SHJ,1
BCD,CEB,1
BCD,CGY,1
BCD,DVO,1
BCD,MNL,3
BCI,LRE,1
BCM,BGY,1
BCM,BLQ,1
BCM,BRU,1
BCM,DUB,1
BCM,FCO,1
BCM,LPL,1
BCM,LTN,1
BCM,TRN,1
BCN,AAL,2
BCN,ACE,3
BCN,AGP,3
BCN,ALC,2
BCN,ALG,3
BCN,AMM,2
BCN,AMS,6
BCN,ARN,4
BCN,ATH,4
BCN,ATL,1
BCN,AUH,1
BCN,BER,1
BCN,BES,2
BCN,BEY,1
BCN,BFS,1
BCN,BGO,3
BCN,BGY,2
BCN,BHX,3
BCN,BIO,2
BCN,BJL,3
BCN,BJZ,2
BCN,BLQ,3
BCN,BOD,2
BCN,BOG,1
BCN,BOS,1
BCN,BRI,2
BCN,BRN,1
BCN,BRS,1
BCN,BRU,5
BCN,BSL,4
BCN,BUD,3
BCN,BVA,1
BCN,CAG,1
BCN,CAI,1
BCN,CDG,5
BCN,CGN,3
BCN,CIA,1
BCN,CLJ,1
BCN,CMN,4
BCN,CPH,4
BCN,CRA,1
BCN,CRL,1
BCN,CTA,2
BCN,CWL,2
BCN,DBV,2
BCN,DKR,2
BCN,DME,4
BCN,DOH,2
BCN,DRS,2
BCN,DSS,1
BCN,DTM,2
BCN,DUB,3
BCN,DUS,5
BCN,DXB,1
BCN,EAS,2
BCN,EDI,3
BCN,EIN,1
BCN,EMA,1
BCN,EWR,3
BCN,EZE,2
BCN,FCO,4
BCN,FEZ,3
BCN,FLR,2
BCN,FRA,5
BCN,FUE,3
BCN,GDN,1
BCN,GLA,1
BCN,GOA,2
BCN,GOT,3
BCN,GRU,2
BCN,GRX,2
BCN,GVA,3
BCN,HAJ,3
BCN,HAM,6
BCN,HEL,4
BCN,HKG,1
BCN,IBZ,3
BCN,ICN,2
BCN,IEV,2
BCN,ISB,1
BCN,IST,1
BCN,JFK,9
BCN,KBP,3
BCN,KEF,1
BCN,KIV,1
BCN,KRK,1
BCN,KTW,1
BCN,KUT,1
BCN,LAX,1
BCN,LBA,2
BCN,LCG,2
BCN,LED,4
BCN,LEI,2
BCN,LEJ,2
BCN,LEN,1
BCN,LGW,6
BCN,LHE,1
BCN,LHR,3
BCN,LIL,2
BCN,LIM,1
BCN,LIN,1
BCN,LIS,4
BCN,LPA,4
BCN,LPL,2
BCN,LTN,1
BCN,LUX,4
BCN,LYS,3
BCN,MAD,3
BCN,MAH,4
BCN,MAN,4
BCN,MEX,2
BCN,MIA,5
BCN,MLA,3
BCN,MLN,1
BCN,MPL,1
BCN,MRS,2
BCN,MSQ,1
BCN,MUC,3
BCN,MXP,4
BCN,NAP,3
BCN,NCE,3
BCN,NCL,1
BCN,NDR,4
BCN,NTE,2
BCN,NUE,2
BCN,NYO,1
BCN,OLB,1
BCN,OPO,5
BCN,ORK,1
BCN,ORN,3
BCN,ORY,3
BCN,OSL,4
BCN,OTP,5
BCN,OVD,2
BCN,PEK,1
BCN,PHL,2
BCN,PIK,1
BCN,PMI,6
BCN,PMO,2
BCN,POZ,1
BCN,PRG,6
BCN,PSA,2
BCN,PVG,1
BCN,RAK,3
BCN,RGS,1
BCN,RIX,1
BCN,RNS,2
BCN,RTM,1
BCN,RYG,1
BCN,SAW,2
BCN,SCL,1
BCN,SCQ,3
BCN,SDR,3
BCN,SEN,1
BCN,SFO,1
BCN,SIN,1
BCN,SKP,1
BCN,SLM,1
BCN,SOF,3
BCN,SPC,1
BCN,STN,1
BCN,STR,4
BCN,SVG,2
BCN,SVO,2
BCN,SVQ,3
BCN,SXF,3
BCN,TFN,6
BCN,TFS,3
BCN,TIX,1
BCN,TLS,2
BCN,TLV,5
BCN,TNG,4
BCN,TRF,1
BCN,TRN,3
BCN,TSF,1
BCN,TSR,1
BCN,TUN,1
BCN,TXL,4
BCN,VCE,3
BCN,VGO,2
BCN,VIE,8
BCN,VLC,2
BCN,VLL,3
BCN,VNO,2
BCN,WAW,5
BCN,WMI,1
BCN,XRY,3
BCN,YUL,2
BCN,YYZ,2
BCN,ZAG,3
BCN,ZRH,3
BCO,ADD,1
BCV,BZE,1
BCV,CUK,1
BCV,SPR,1
BCV,SQS,1
BCV,TZA,1
BDA,ATL,1
BDA,BOS,1
BDA,EWR,1
BDA,JFK,4
BDA,LGA,1
BDA,LGW,2
BDA,MIA,2
BDA,PHL,2
BDA,YYZ,2
BDB,BNE,2
BDD,KUG,1
BDD,UBB,1
BDH,DXB,1
BDH,SYZ,1
BDJ,AAP,1
BDJ,BDO,1
BDJ,BPN,4
BDJ,BTW,2
BDJ,CGK,4
BDJ,JOG,1
BDJ,KBU,3
BDJ,PKN,1
BDJ,PNK,1
BDJ,SMQ,1
BDJ,SOC,1
BDJ,SRG,2
BDJ,SUB,4
BDJ,YIA,2
BDL,ATL,7
BDL,BWI,2
BDL,CLE,1
BDL,CLT,2
BDL,CVG,1
BDL,DCA,2
BDL,DEN,2
BDL,DFW,2
BDL,DTW,1
BDL,DUB,1
BDL,EWR,1
BDL,FLL,2
BDL,IAD,1
BDL,LAS,1
BDL,LAX,3
BDL,MCO,4
BDL,MDW,2
BDL,MIA,2
BDL,MSP,1
BDL,ORD,3
BDL,PBI,1
BDL,PHL,2
BDL,PIT,2
BDL,RDU,1
BDL,RSW,1
BDL,SJU,1
BDL,TPA,2
BDL,YUL,2
BDL,YYZ,2
BDO,BDJ,1
BDO,BKS,1
BDO,BPN,1
BDO,BTH,1
BDO,BWX,1
BDO,DPS,5
BDO,HLP,2
BDO,JHB,1
BDO,JOG,3
BDO,KNO,1
BDO,KUL,3
BDO,LOP,1
BDO,PDG,1
BDO,PGK,1
BDO,PKN,1
BDO,PKU,3
BDO,PLM,2
BDO,PNK,2
BDO,SIN,5
BDO,SOC,2
BDO,SRG,1
BDO,SUB,4
BDO,TJQ,1
BDP,KTM,1
BDQ,BOM,3
BDQ,DEL,2
BDS,BGY,1
BDS,BLQ,1
BDS,BSL,1
BDS,BVA,1
BDS,CIA,1
BDS,CRL,1
BDS,DUS,1
BDS,EIN,1
BDS,FCO,2
BDS,FRA,1
BDS,GRO,1
BDS,GVA,2
BDS,HAJ,1
BDS,LIN,1
BDS,MAN,1
BDS,MUC,2
BDS,MXP,3
BDS,PSA,1
BDS,STN,1
BDS,STR,2
BDS,TRN,1
BDS,TSF,1
BDS,TXL,1
BDS,VIE,1
BDS,VRN,1
BDS,ZRH,4
BDU,OSL,2
BEB,GLA,1
BEB,SYY,1
BEG,AMS,3
BEG,ARN,3
BEG,ATH,3
BEG,AUH,2
BEG,BEY,1
BEG,BNX,1
BEG,BRU,1
BEG,BSL,1
BEG,BUD,2
BEG,BVA,1
BEG,CDG,2
BEG,CPH,1
BEG,CRL,1
BEG,DOH,1
BEG,DTM,1
BEG,DUS,2
BEG,DXB,1
BEG,EIN,1
BEG,ESB,1
BEG,FCO,3
BEG,FKB,1
BEG,FMM,1
BEG,FRA,5
BEG,GSE,1
BEG,GVA,3
BEG,HAJ,1
BEG,HEL,1
BEG,HRG,1
BEG,IST,1
BEG,JFK,1
BEG,LCA,2
BEG,LHR,2
BEG,LJU,1
BEG,LTN,1
BEG,LYS,1
BEG,MLA,1
BEG,MLH,1
BEG,MMX,1
BEG,MUC,2
BEG,MXP,3
BEG,NYO,1
BEG,OSL,1
BEG,OTP,2
BEG,PRG,2
BEG,SAW,2
BEG,SJJ,2
BEG,SKG,1
BEG,SKP,1
BEG,SOF,1
BEG,SPU,1
BEG,STR,3
BEG,SVO,2
BEG,TGD,2
BEG,TIA,1
BEG,TIV,2
BEG,TLV,1
BEG,TRF,1
BEG,TUN,1
BEG,TXL,2
BEG,VAR,1
BEG,VCE,1
BEG,VIE,2
BEG,WAW,2
BEG,ZAG,1
BEG,ZRH,2
BEJ,BPN,3
BEJ,SRI,1
BEL,ATM,2
BEL,BSB,3
BEL,BVS,1
BEL,CAY,2
BEL,CGB,1
BEL,CKS,2
BEL,CNF,1
BEL,FLL,1
BEL,FOR,4
BEL,GIG,2
BEL,GRU,3
BEL,IMP,1
BEL,LIS,1
BEL,MAB,4
BEL,MAO,4
BEL,MCP,4
BEL,MEU,1
BEL,MIA,2
BEL,PBM,2
BEL,REC,1
BEL,SLZ,3
BEL,STM,5
BEN,AKF,2
BEN,AMM,3
BEN,CAI,3
BEN,CMN,2
BEN,HBE,2
BEN,IST,3
BEN,JED,1
BEN,MJI,1
BEN,MLA,1
BEN,MRA,2
BEN,SEB,2
BEN,SFA,2
BEN,TIP,2
BEN,TUN,3
BEN,ZIS,1
BER,ADB,1
BER,AMM,1
BER,AMS,1
BER,ARN,1
BER,ATH,1
BER,AYT,2
BER,BCN,1
BER,BIA,1
BER,BRU,1
BER,CAG,1
BER,CAI,1
BER,CDG,1
BER,CGN,1
BER,CMN,1
BER,CPH,1
BER,DBV,1
BER,DME,1
BER,DOH,1
BER,DUB,1
BER,DUS,1
BER,ESB,1
BER,EWR,1
BER,FCO,1
BER,FKB,1
BER,FRA,1
BER,HEL,1
BER,HER,2
BER,IST,1
BER,JFK,1
BER,KGS,1
BER,LCY,1
BER,LED,1
BER,LHR,2
BER,LIS,1
BER,MAD,1
BER,MUC,2
BER,NUE,1
BER,OSL,1
BER,PMI,1
BER,RHO,1
BER,RJK,1
BER,SAW,1
BER,SCN,1
BER,SIN,1
BER,SPU,2
BER,STN,1
BER,STR,1
BER,SVO,1
BER,VIE,1
BER,VKO,1
BER,WAW,1
BER,ZAD,1
BER,ZAG,1
BER,ZRH,1
BES,AGA,1
BES,AJA,1
BES,BCN,2
BES,BIA,2
BES,BOD,1
BES,CDG,2
BES,DOL,1
BES,LCY,2
BES,LYS,3
BES,MRS,2
BES,NCE,1
BES,ORY,1
BES,PUF,1
BES,SOU,2
BES,TLN,1
BET,ANC,2
BET,ANI,1
BET,ATT,1
BET,CYF,2
BET,DLG,1
BET,EEK,3
BET,EMK,1
BET,GNU,1
BET,HPB,2
BET,KKH,1
BET,KLG,1
BET,KOT,1
BET,KPN,2
BET,KUK,1
BET,KWK,1
BET,KWN,3
BET,KWT,2
BET,MLL,2
BET,NME,2
BET,OOK,2
BET,PQS,1
BET,SCM,1
BET,TLT,1
BET,VAK,2
BET,WNA,1
BET,WTL,2
BET,WWT,1
BEU,BQL,2
BEU,BVI,1
BEW,ADD,1
BEW,APL,2
BEW,JNB,3
BEW,MNC,1
BEW,MPM,2
BEW,POL,2
BEW,TET,1
BEW,UEL,2
BEW,VPY,2
BEW,VXC,1
BEY,ABJ,1
BEY,ACC,1
BEY,ADD,1
BEY,ALG,1
BEY,AMM,3
BEY,ATH,2
BEY,AUH,2
BEY,BAH,1
BEY,BCN,1
BEY,BGW,1
BEY,BRU,1
BEY,BSR,1
BEY,CAI,2
BEY,CDG,2
BEY,CMN,1
BEY,CPH,1
BEY,DMM,1
BEY,DOH,2
BEY,DUS,1
BEY,DWC,1
BEY,DXB,2
BEY,EBL,2
BEY,EVN,1
BEY,FCO,2
BEY,FRA,2
BEY,GVA,1
BEY,HBE,1
BEY,IKA,1
BEY,IST,2
BEY,JED,2
BEY,KAN,1
BEY,KWI,3
BEY,LCA,3
BEY,LHR,2
BEY,LOS,1
BEY,LYS,1
BEY,MAD,1
BEY,MCT,1
BEY,MED,2
BEY,MHD,1
BEY,MSQ,1
BEY,MXP,2
BEY,NCE,1
BEY,NJF,1
BEY,ORY,1
BEY,OTP,2
BEY,PRG,1
BEY,RUH,2
BEY,SAH,1
BEY,SAW,1
BEY,SHJ,1
BEY,SVO,2
BEY,SXF,1
BEY,TUN,2
BEY,WAW,1
BFD,CLE,1
BFD,JHW,1
BFF,DEN,3
BFI,CLM,1
BFI,ESD,1
BFI,FRD,1
BFI,SEA,2
BFJ,CAN,1
BFJ,CKG,1
BFJ,CTU,1
BFJ,HAK,1
BFJ,HGH,1
BFJ,KMG,1
BFJ,KWE,1
BFJ,LZH,1
BFJ,NAY,2
BFJ,NKG,1
BFJ,PKX,1
BFJ,SHA,1
BFJ,SZX,1
BFJ,TNA,1
BFJ,WUH,1
BFJ,XIY,1
BFJ,XMN,1
BFL,DEN,1
BFL,DFW,1
BFL,IAH,1
BFL,LAX,1
BFL,PHX,2
BFL,SFO,1
BFM,DFW,1
BFN,CPT,3
BFN,DUR,1
BFN,JNB,2
BFQ,JQE,1
BFS,ACE,1
BFS,AGP,2
BFS,ALC,2
BFS,AMS,1
BFS,BCN,1
BFS,BHX,1
BFS,BRS,1
BFS,CDG,1
BFS,DBV,1
BFS,DLM,1
BFS,EDI,1
BFS,EWR,2
BFS,FAO,2
BFS,FNC,1
BFS,FUE,1
BFS,GLA,1
BFS,IOM,1
BFS,KRK,1
BFS,LCA,1
BFS,LGW,1
BFS,LPA,1
BFS,LPL,1
BFS,LTN,1
BFS,MAN,1
BFS,MJV,1
BFS,MLA,1
BFS,NBE,1
BFS,NCE,1
BFS,NCL,1
BFS,PMI,3
BFS,REU,1
BFS,STN,1
BFS,TFS,2
BFV,DMK,1
BGA,AUC,1
BGA,BAQ,1
BGA,BOG,3
BGA,CTG,2
BGA,CUC,2
BGA,EOH,1
BGA,EYP,1
BGA,MDE,2
BGA,PEI,1
BGA,PTY,1
BGA,SMR,1
BGF,CMN,1
BGF,DLA,3
BGF,EBB,1
BGF,NBO,1
BGF,NSI,1
BGG,ESB,1
BGG,IST,1
BGI,ANU,2
BGI,CLT,1
BGI,DOM,1
BGI,FDF,1
BGI,FRA,1
BGI,GND,1
BGI,GRU,1
BGI,JFK,1
BGI,KIN,1
BGI,LGW,3
BGI,LHR,1
BGI,MAN,2
BGI,MIA,2
BGI,OGL,1
BGI,POS,2
BGI,PTP,1
BGI,PTY,1
BGI,SLU,1
BGI,SVD,1
BGI,SXM,1
BGI,YUL,1
BGI,YYZ,2
BGM,DTW,1
BGM,IAD,1
BGM,PHL,2
BGO,ABZ,2
BGO,AES,2
BGO,AGP,1
BGO,ALC,2
BGO,AMS,2
BGO,ARN,2
BGO,AYT,1
BGO,BCN,3
BGO,BLL,2
BGO,BNN,1
BGO,BOO,1
BGO,CDG,1
BGO,CHQ,1
BGO,CPH,2
BGO,DBV,1
BGO,EDI,1
BGO,FAE,1
BGO,FCO,1
BGO,FDE,1
BGO,FRA,2
BGO,FRO,1
BGO,GDN,2
BGO,GOT,1
BGO,HAM,2
BGO,HAU,1
BGO,HOV,1
BGO,JFK,1
BGO,KEF,1
BGO,KRK,1
BGO,KRS,1
BGO,KSU,1
BGO,KTW,1
BGO,LCA,1
BGO,LGW,2
BGO,LHR,2
BGO,LPA,2
BGO,LPL,1
BGO,MAN,1
BGO,MOL,1
BGO,MUC,1
BGO,NCE,1
BGO,ORY,1
BGO,OSL,4
BGO,PLQ,1
BGO,PMI,1
BGO,PRG,1
BGO,RIX,2
BGO,SKE,1
BGO,SOG,1
BGO,SVG,4
BGO,SXF,1
BGO,TFS,1
BGO,TOS,1
BGO,TRD,3
BGO,TRF,2
BGO,VNO,1
BGR,DCA,2
BGR,DTW,1
BGR,EWR,1
BGR,LGA,2
BGR,PHL,2
BGR,PIE,1
BGR,SFB,1
BGW,AMM,3
BGW,ARN,1
BGW,AUH,1
BGW,AYT,2
BGW,BAH,1
BGW,BEY,4
BGW,BOM,1
BGW,BSR,1
BGW,CAI,2
BGW,CAN,1
BGW,CPH,1
BGW,DAM,1
BGW,DEL,1
BGW,DLM,1
BGW,DOH,1
BGW,DXB,3
BGW,EBL,2
BGW,ESB,3
BGW,EVN,1
BGW,FRA,1
BGW,GYD,2
BGW,IKA,1
BGW,ISL,1
BGW,IST,4
BGW,ISU,1
BGW,KBP,1
BGW,KUL,1
BGW,LGW,1
BGW,MHD,1
BGW,MSQ,1
BGW,NJF,1
BGW,SAW,4
BGW,SHJ,1
BGW,SOF,1
BGW,SZF,2
BGW,TBS,1
BGW,VKO,1
BGW,XNH,1
BGY,ACE,1
BGY,AGP,1
BGY,AHO,1
BGY,ALC,1
BGY,AMM,1
BGY,ARW,1
BGY,ATH,1
BGY,BCN,2
BGY,BDS,1
BGY,BFS,1
BGY,BLL,1
BGY,BOD,1
BGY,BRE,1
BGY,BRI,1
BGY,BRQ,1
BGY,BRS,1
BGY,BTS,1
BGY,BUD,1
BGY,BVA,1
BGY,CAG,1
BGY,CGN,1
BGY,CHQ,1
BGY,CLJ,1
BGY,CMN,1
BGY,CPH,1
BGY,CRA,1
BGY,CRL,1
BGY,CRV,1
BGY,CTA,1
BGY,DUB,1
BGY,EIN,1
BGY,EMA,1
BGY,EVN,1
BGY,FCO,1
BGY,FEZ,1
BGY,FRA,1
BGY,FUE,1
BGY,GDN,2
BGY,GRO,1
BGY,GSE,1
BGY,HAM,1
BGY,HHN,1
BGY,IBZ,1
BGY,IEV,1
BGY,INI,1
BGY,KGS,1
BGY,KRK,1
BGY,KTW,2
BGY,LBA,1
BGY,LBC,1
BGY,LDE,1
BGY,LGW,1
BGY,LPA,1
BGY,LPP,1
BGY,LUX,1
BGY,LWO,1
BGY,MAD,1
BGY,MAN,1
BGY,MLA,1
BGY,MRS,1
BGY,NRN,1
BGY,NUE,1
BGY,NYO,1
BGY,OMO,1
BGY,OPO,1
BGY,OTP,2
BGY,PMI,1
BGY,PMO,1
BGY,POZ,1
BGY,PRG,2
BGY,PSR,1
BGY,RAK,1
BGY,RHO,1
BGY,RIX,1
BGY,RYG,1
BGY,SAW,1
BGY,SCQ,1
BGY,SDR,1
BGY,SEN,1
BGY,SKG,1
BGY,SKP,1
BGY,SOF,2
BGY,SSH,1
BGY,STN,1
BGY,SUF,1
BGY,SVQ,1
BGY,SXF,1
BGY,TBS,1
BGY,TFS,1
BGY,TIA,1
BGY,TLL,1
BGY,TLV,1
BGY,TMP,1
BGY,TNG,1
BGY,TPS,1
BGY,TSR,2
BGY,VIT,1
BGY,VKO,1
BGY,VLC,1
BGY,VNO,2
BGY,WAW,1
BGY,WMI,1
BGY,WRO,1
BGY,ZAZ,1
BHB,BOS,1
BHD,ABZ,1
BHD,AGP,1
BHD,AMS,1
BHD,BHX,1
BHD,CWL,1
BHD,EDI,1
BHD,EMA,1
BHD,EXT,1
BHD,FAO,1
BHD,GLA,1
BHD,INV,1
BHD,IOM,1
BHD,LBA,1
BHD,LGW,1
BHD,LHR,4
BHD,MAN,1
BHD,NCL,1
BHD,PMI,1
BHD,SOU,1
BHE,AKL,1
BHE,CHC,2
BHE,NPE,1
BHE,PPQ,1
BHE,WLG,1
BHH,DMM,1
BHH,JED,1
BHH,RUH,1
BHI,AEP,2
BHI,MDQ,2
BHI,REL,2
BHI,USH,1
BHJ,BOM,3
BHK,DME,3
BHK,LED,2
BHK,OVB,1
BHK,SVO,1
BHK,TAS,1
BHM,ATL,6
BHM,BWI,2
BHM,CLT,2
BHM,DAL,2
BHM,DCA,2
BHM,DEN,1
BHM,DFW,2
BHM,DTW,1
BHM,FPO,1
BHM,HOU,1
BHM,HSV,1
BHM,IAH,1
BHM,LAS,2
BHM,LGA,1
BHM,MCO,3
BHM,MDW,1
BHM,MIA,2
BHM,MSP,1
BHM,ORD,2
BHM,PHL,2
BHM,TPA,2
BHO,BOM,3
BHO,DEL,3
BHO,JAI,1
BHO,PNQ,1
BHO,RPR,1
BHQ,ADL,1
BHQ,DBO,1
BHQ,GFF,1
BHQ,MQL,1
BHQ,SYD,1
BHR,KTM,1
BHS,PKE,1
BHS,SYD,1
BHU,BOM,3
BHV,ISB,1
BHV,KHI,2
BHV,LHE,2
BHX,ABZ,1
BHX,ACE,8
BHX,ADB,1
BHX,AGP,4
BHX,ALC,6
BHX,AMS,2
BHX,ARN,1
BHX,ASB,1
BHX,ATQ,1
BHX,AYT,4
BHX,BCN,3
BHX,BFS,1
BHX,BHD,1
BHX,BJV,2
BHX,BRU,2
BHX,BTS,1
BHX,BVC,3
BHX,BZG,1
BHX,CDG,2
BHX,CGN,1
BHX,CPH,1
BHX,CUN,1
BHX,DBV,3
BHX,DEL,1
BHX,DLM,4
BHX,DOH,1
BHX,DUB,2
BHX,DUS,3
BHX,DXB,2
BHX,EDI,1
BHX,EWR,2
BHX,FAO,4
BHX,FCO,2
BHX,FLR,1
BHX,FNC,3
BHX,FRA,1
BHX,FUE,7
BHX,GCI,1
BHX,GDN,1
BHX,GIB,1
BHX,GLA,1
BHX,GOT,1
BHX,HAJ,1
BHX,HAM,1
BHX,HER,1
BHX,HRG,2
BHX,IBZ,1
BHX,INV,1
BHX,IOM,1
BHX,ISB,1
BHX,IST,1
BHX,JER,1
BHX,KRK,2
BHX,KTW,1
BHX,KUN,1
BHX,LCA,3
BHX,LDY,1
BHX,LEI,1
BHX,LPA,5
BHX,LYS,2
BHX,MAD,2
BHX,MAH,1
BHX,MBJ,1
BHX,MJV,1
BHX,MLA,2
BHX,MUC,1
BHX,MXP,1
BHX,NBE,4
BHX,NCE,1
BHX,NCL,1
BHX,NOC,1
BHX,OPO,1
BHX,ORK,1
BHX,PFO,4
BHX,PMI,6
BHX,PRG,1
BHX,PUJ,1
BHX,RAK,1
BHX,REU,1
BHX,RMF,1
BHX,RMU,1
BHX,SID,1
BHX,SNN,1
BHX,SOF,1
BHX,SPU,1
BHX,SSH,4
BHX,STR,1
BHX,TFS,7
BHX,TXL,1
BHX,VCE,1
BHX,VIE,2
BHX,VRN,1
BHX,WAT,1
BHX,ZRH,1
BHY,ACX,1
BHY,CAN,1
BHY,CGO,1
BHY,CKG,2
BHY,CSX,2
BHY,CTU,1
BHY,DAD,1
BHY,HAK,1
BHY,HGH,3
BHY,HNY,2
BHY,KHN,1
BHY,KMG,2
BHY,KWL,1
BHY,LYA,1
BHY,NKG,1
BHY,PEK,2
BHY,PVG,2
BHY,SJW,1
BHY,SZX,2
BHY,WUH,2
BHY,XIY,4
BIA,AJA,1
BIA,ANE,1
BIA,BER,1
BIA,BES,2
BIA,BOD,2
BIA,BRU,1
BIA,CDG,2
BIA,CFE,1
BIA,CGN,2
BIA,CRL,1
BIA,DUS,2
BIA,EBU,2
BIA,FRA,1
BIA,GVA,1
BIA,HAM,2
BIA,LGG,2
BIA,LGW,1
BIA,LIL,2
BIA,LUX,1
BIA,LYS,4
BIA,MRS,3
BIA,MUC,1
BIA,NCE,3
BIA,NTE,4
BIA,ORY,2
BIA,RNS,1
BIA,STN,1
BIA,STR,2
BIA,SXB,2
BIA,TLS,2
BIA,TXL,1
BIK,DJJ,2
BIK,NBX,1
BIK,UPG,2
BIL,AZA,1
BIL,CLT,1
BIL,DEN,1
BIL,DFW,1
BIL,GDV,1
BIL,GGW,1
BIL,HVR,1
BIL,LAS,1
BIL,MSP,1
BIL,OLF,1
BIL,PDX,1
BIL,PHX,1
BIL,SDY,1
BIL,SEA,1
BIL,SLC,1
BIL,YAM,1
BIM,FLL,2
BIO,ACE,3
BIO,AGP,2
BIO,ALC,2
BIO,AMS,3
BIO,BCN,2
BIO,BRU,2
BIO,CDG,4
BIO,DUB,1
BIO,DUS,2
BIO,FCO,2
BIO,FLR,1
BIO,FRA,1
BIO,FUE,2
BIO,GRX,1
BIO,GVA,1
BIO,IBZ,3
BIO,IST,1
BIO,LCG,2
BIO,LGW,2
BIO,LHR,2
BIO,LIS,5
BIO,LPA,3
BIO,MAD,2
BIO,MAN,1
BIO,MUC,1
BIO,MXP,2
BIO,OPO,1
BIO,ORY,2
BIO,OSL,1
BIO,PMI,4
BIO,PRG,1
BIO,RTM,1
BIO,SCQ,2
BIO,STN,1
BIO,STR,2
BIO,SVQ,2
BIO,TFN,3
BIO,TXL,2
BIO,VCE,1
BIO,VGO,1
BIO,VIE,1
BIO,VLC,2
BIO,XRY,1
BIO,ZRH,1
BIQ,CDG,2
BIQ,CPH,1
BIQ,CRL,1
BIQ,DUB,1
BIQ,GVA,3
BIQ,LIL,1
BIQ,LYS,2
BIQ,MRS,1
BIQ,NCE,1
BIQ,NYO,1
BIQ,ORY,2
BIQ,STN,1
BIQ,SXB,1
BIR,KTM,1
BIS,AZA,1
BIS,DEN,2
BIS,DFW,1
BIS,LAS,1
BIS,MSP,1
BIS,ORD,1
BIS,SFB,1
BJA,ALG,1
BJA,LYS,2
BJA,MRS,2
BJA,ORY,3
BJB,THR,1
BJC,DIK,1
BJF,BVG,1
BJF,HFT,1
BJF,MEH,1
BJF,VAW,1
BJF,VDS,1
BJI,MSP,1
BJL,BCN,3
BJL,BRU,1
BJL,CKY,1
BJL,CMN,1
BJL,DKR,4
BJL,DSS,1
BJL,FNA,4
BJL,IST,1
BJL,LIS,1
BJL,LPA,1
BJL,OXB,1
BJL,RAI,1
BJL,ROB,2
BJM,ADD,1
BJM,EBB,2
BJM,GOM,1
BJM,KGL,6
BJM,NBO,6
BJR,ADD,1
BJR,LLI,1
BJV,ADB,1
BJV,AMS,1
BJV,ARN,1
BJV,BHX,1
BJV,BRS,1
BJV,BRU,1
BJV,EDI,1
BJV,EIN,1
BJV,EMA,1
BJV,ESB,2
BJV,FRA,1
BJV,GLA,1
BJV,IEV,1
BJV,IST,3
BJV,LBA,2
BJV,LGW,3
BJV,LPL,1
BJV,LTN,1
BJV,MAN,4
BJV,MUC,1
BJV,NCL,1
BJV,ORY,1
BJV,RTM,1
BJV,SAW,2
BJV,STN,1
BJV,ZRH,1
BJW,LBJ,1
BJX,ATL,2
BJX,CJS,2
BJX,CUN,1
BJX,DFW,2
BJX,DRW,1
BJX,DTW,1
BJX,IAH,1
BJX,LAX,4
BJX,MDW,1
BJX,MEX,1
BJX,MID,1
BJX,MTY,2
BJX,MXL,1
BJX,OAK,1
BJX,PVR,1
BJX,SFO,1
BJX,SJC,1
BJX,SJD,2
BJX,TIJ,3
BJZ,ALC,1
BJZ,BCN,2
BJZ,MAD,2
BKC,DRG,2
BKC,OTZ,2
BKG,AUS,1
BKG,CVG,1
BKG,DAL,1
BKG,DEN,2
BKG,HOU,2
BKG,MDW,2
BKG,MSY,1
BKI,BTU,2
BKI,BWN,3
BKI,CAN,2
BKI,CGK,1
BKI,CGO,1
BKI,CTU,1
BKI,DPS,1
BKI,FOC,1
BKI,HGH,1
BKI,HKG,5
BKI,ICN,6
BKI,JHB,1
BKI,KBR,1
BKI,KCH,3
BKI,KMG,1
BKI,KUD,1
BKI,KUL,3
BKI,LBU,1
BKI,LDU,1
BKI,LMN,1
BKI,LWY,1
BKI,MFM,1
BKI,MNL,2
BKI,MYY,2
BKI,MZV,1
BKI,NRT,2
BKI,PEN,1
BKI,PER,1
BKI,PPS,1
BKI,PUS,1
BKI,PVG,2
BKI,SBW,2
BKI,SDK,2
BKI,SIN,4
BKI,SZX,2
BKI,TAE,1
BKI,TPE,2
BKI,TSN,1
BKI,TWU,2
BKI,WUH,2
BKK,ADD,2
BKK,AKL,2
BKK,ALA,1
BKK,AMD,1
BKK,AMM,2
BKK,AMS,3
BKK,ARN,3
BKK,AUH,3
BKK,BAH,3
BKK,BHY,1
BKK,BLR,2
BKK,BNE,2
BKK,BOM,6
BKK,BRU,2
BKK,BWN,2
BKK,CAI,3
BKK,CAN,8
BKK,CCU,4
BKK,CDG,3
BKK,CEI,10
BKK,CGK,3
BKK,CGO,2
BKK,CGP,1
BKK,CKG,3
BKK,CMB,4
BKK,CNX,12
BKK,CPH,2
BKK,CRK,1
BKK,CSX,2
BKK,CTS,1
BKK,CTU,3
BKK,CXR,1
BKK,DAC,6
BKK,DAD,3
BKK,DEL,4
BKK,DLI,1
BKK,DME,3
BKK,DOH,1
BKK,DPS,1
BKK,DUS,1
BKK,DWC,1
BKK,DXB,3
BKK,DYG,1
BKK,FCO,1
BKK,FOC,2
BKK,FRA,2
BKK,FUK,2
BKK,GAU,1
BKK,GAY,1
BKK,HAN,4
BKK,HDY,2
BKK,HEL,1
BKK,HFE,1
BKK,HGH,1
BKK,HKG,18
BKK,HKT,12
BKK,HND,4
BKK,HYD,1
BKK,ICN,10
BKK,IKA,1
BKK,IKT,1
BKK,INC,1
BKK,ISB,1
BKK,IST,2
BKK,IXB,1
BKK,JAI,1
BKK,JNB,2
BKK,KBP,1
BKK,KBV,10
BKK,KHH,2
BKK,KHI,2
BKK,KHN,1
BKK,KHV,1
BKK,KIX,4
BKK,KJA,2
BKK,KKC,2
BKK,KMG,3
BKK,KTM,2
BKK,KUL,10
BKK,KWE,1
BKK,KWI,1
BKK,LHE,1
BKK,LHR,4
BKK,LHW,2
BKK,LKO,1
BKK,LPQ,5
BKK,LPT,1
BKK,LYA,1
BKK,LYG,1
BKK,MAA,2
BKK,MAD,1
BKK,MCT,1
BKK,MDL,4
BKK,MEL,3
BKK,MFM,2
BKK,MLE,1
BKK,MNL,5
BKK,MUC,3
BKK,MXP,1
BKK,NAW,1
BKK,NBO,3
BKK,NGB,1
BKK,NGO,3
BKK,NKG,1
BKK,NNG,2
BKK,NRT,8
BKK,NYT,1
BKK,OKA,1
BKK,OSL,3
BKK,OVB,1
BKK,PEK,4
BKK,PEN,3
BKK,PER,2
BKK,PKX,1
BKK,PNH,6
BKK,PQC,1
BKK,PUS,5
BKK,PVG,9
BKK,REP,3
BKK,RGN,5
BKK,RMQ,1
BKK,SDJ,1
BKK,SGN,4
BKK,SHE,1
BKK,SIN,10
BKK,SJW,1
BKK,SVO,2
BKK,SVX,1
BKK,SWA,2
BKK,SYD,4
BKK,SZX,4
BKK,TAO,1
BKK,TAS,1
BKK,TDX,1
BKK,THS,1
BKK,TLV,2
BKK,TNA,1
BKK,TNR,2
BKK,TPE,6
BKK,TSN,1
BKK,TYN,1
BKK,UBP,2
BKK,ULN,1
BKK,URC,1
BKK,URT,2
BKK,USM,2
BKK,UTH,3
BKK,VIE,3
BKK,VKO,1
BKK,VNS,1
BKK,VTE,5
BKK,VVO,1
BKK,WNZ,1
BKK,WUH,1
BKK,WUS,1
BKK,XMN,3
BKK,XUZ,1
BKK,YTY,1
BKK,ZRH,2
BKK,ZVK,1
BKL,LGA,1
BKM,LWY,1
BKO,ABJ,5
BKO,ADD,2
BKO,ALG,1
BKO,CDG,1
BKO,CKY,3
BKO,CMN,1
BKO,COO,3
BKO,DKR,5
BKO,DLA,1
BKO,DSS,3
BKO,IST,1
BKO,LFW,1
BKO,LIS,1
BKO,LOS,1
BKO,NBO,1
BKO,NIM,1
BKO,NKC,1
BKO,ORY,1
BKO,OUA,4
BKO,TUN,1
BKQ,LRE,1
BKS,BTH,1
BKS,CGK,4
BKS,PLM,1
BKW,IAD,1
BKW,SHD,1
BKY,FMI,1
BKY,GOM,1
BKY,KND,1
BKY,KOO,1
BKZ,MWZ,1
BLA,CCS,4
BLA,MIA,1
BLA,PMV,1
BLA,PTY,1
BLA,PZO,2
BLA,VLN,2
BLB,CLO,1
BLB,CTG,1
BLB,MDE,1
BLD,GCW,1
BLE,GOT,1
BLE,ORB,1
BLI,AZA,1
BLI,HNL,1
BLI,LAS,2
BLI,LAX,1
BLI,OAK,1
BLI,PDX,1
BLI,PSP,1
BLI,SAN,1
BLI,SEA,1
BLJ,ALG,1
BLJ,LYS,1
BLJ,MRS,1
BLJ,ORY,1
BLK,ACE,1
BLK,AGP,1
BLK,ALC,1
BLK,DLM,1
BLK,DUB,1
BLK,FAO,1
BLK,IOM,1
BLK,PMI,1
BLK,TFS,1
BLL,AAL,2
BLL,AGP,1
BLL,AHO,1
BLL,ALC,2
BLL,AMS,2
BLL,ARN,1
BLL,AYT,1
BLL,BGO,2
BLL,BGY,1
BLL,BRU,1
BLL,BUD,1
BLL,CCF,1
BLL,CDG,2
BLL,CFU,1
BLL,CHQ,1
BLL,CIA,1
BLL,CPH,1
BLL,DUS,1
BLL,EBJ,1
BLL,FAE,1
BLL,FAO,1
BLL,FRA,2
BLL,GRO,1
BLL,HEL,1
BLL,ISL,1
BLL,IST,2
BLL,KEF,1
BLL,LCY,1
BLL,LHR,1
BLL,MAN,1
BLL,MLA,1
BLL,MUC,1
BLL,OSL,3
BLL,PMI,1
BLL,PSA,1
BLL,RIX,1
BLL,STN,1
BLL,SVG,1
BLL,TFS,1
BLL,TSF,1
BLL,WAW,2
BLL,ZAD,1
BLL,ZRH,1
BLQ,ACE,1
BLQ,AGP,1
BLQ,AHO,1
BLQ,ALC,1
BLQ,AMM,1
BLQ,AMS,3
BLQ,ARN,1
BLQ,ATH,2
BLQ,BCN,3
BLQ,BDS,1
BLQ,BIO,1
BLQ,BOD,1
BLQ,BRI,1
BLQ,BRS,1
BLQ,BRU,1
BLQ,BTS,1
BLQ,BVA,1
BLQ,CAG,1
BLQ,CDG,3
BLQ,CGN,3
BLQ,CLJ,1
BLQ,CMN,2
BLQ,CPH,2
BLQ,CRL,1
BLQ,CRV,1
BLQ,CTA,4
BLQ,DUB,2
BLQ,DUS,1
BLQ,EDI,1
BLQ,EIN,2
BLQ,FCO,1
BLQ,FRA,1
BLQ,IAS,2
BLQ,IBZ,1
BLQ,IST,1
BLQ,KIV,2
BLQ,KRK,1
BLQ,KTW,1
BLQ,LGW,1
BLQ,LHR,2
BLQ,LIS,3
BLQ,LYS,2
BLQ,MAD,2
BLQ,MAN,1
BLQ,MLA,1
BLQ,MRS,1
BLQ,MUC,2
BLQ,NRN,1
BLQ,OLB,1
BLQ,OPO,1
BLQ,ORY,2
BLQ,OTP,2
BLQ,PMI,1
BLQ,PMO,1
BLQ,PRG,2
BLQ,RYG,1
BLQ,SAW,1
BLQ,SKG,1
BLQ,SOF,1
BLQ,SSH,1
BLQ,STN,1
BLQ,SUF,1
BLQ,SVO,2
BLQ,SVQ,1
BLQ,SXF,1
BLQ,TFS,1
BLQ,TIA,4
BLQ,TPS,1
BLQ,TSR,1
BLQ,TUN,1
BLQ,TXL,1
BLQ,VIE,1
BLQ,VLC,1
BLQ,WMI,1
BLQ,WRO,1
BLQ,ZAG,2
BLR,ADD,1
BLR,AMD,3
BLR,AMS,1
BLR,ATQ,1
BLR,AUH,3
BLR,BBI,3
BLR,BDQ,1
BLR,BHO,1
BLR,BKK,3
BLR,BOM,7
BLR,CCJ,2
BLR,CCU,6
BLR,CDG,1
BLR,CJB,5
BLR,CMB,3
BLR,CNN,2
BLR,COK,8
BLR,DED,1
BLR,DEL,6
BLR,DMM,1
BLR,DOH,1
BLR,DXB,2
BLR,FRA,2
BLR,GAU,3
BLR,GOI,7
BLR,GOP,1
BLR,GWL,1
BLR,HBX,5
BLR,HKG,4
BLR,HKT,2
BLR,HYD,6
BLR,IDR,4
BLR,IMF,1
BLR,IXA,1
BLR,IXB,3
BLR,IXC,2
BLR,IXD,1
BLR,IXE,5
BLR,IXG,4
BLR,IXM,1
BLR,IXR,3
BLR,IXZ,2
BLR,JAI,2
BLR,JED,1
BLR,KLH,1
BLR,KUL,4
BLR,LHR,3
BLR,LKO,2
BLR,MAA,8
BLR,MCT,1
BLR,MLE,1
BLR,MUC,1
BLR,MYQ,2
BLR,NAG,2
BLR,PAT,3
BLR,PNQ,6
BLR,PNY,1
BLR,RJA,1
BLR,RPR,1
BLR,RUH,1
BLR,SAG,1
BLR,SFO,1
BLR,SGN,1
BLR,SHJ,2
BLR,SIN,5
BLR,STV,1
BLR,TIR,1
BLR,TRV,5
BLR,TRZ,1
BLR,UDR,1
BLR,VDY,1
BLR,VGA,2
BLR,VNS,1
BLR,VTZ,5
BLV,SFB,1
BLZ,ADD,1
BLZ,BEW,1
BLZ,DAR,1
BLZ,JNB,3
BLZ,LLW,1
BLZ,NBO,1
BMA,AAR,1
BMA,AGH,2
BMA,BRU,2
BMA,GOT,2
BMA,HAD,2
BMA,HEL,2
BMA,JKG,1
BMA,KID,1
BMA,KLR,2
BMA,MMX,2
BMA,OSD,1
BMA,RNB,2
BMA,SDL,2
BMA,THN,2
BMA,UME,2
BMA,VBY,2
BMA,VXO,2
BME,BNE,1
BME,DRW,2
BME,KNX,2
BME,KTA,2
BME,MEL,1
BME,PER,2
BME,PHE,1
BME,SYD,1
BMI,ATL,3
BMI,DEN,1
BMI,DFW,2
BMI,DTW,1
BMI,MCO,1
BMI,MSP,1
BMI,ORD,2
BMI,SFB,1
BMO,MYT,1
BMU,DPS,2
BMU,LOP,2
BMV,DAD,1
BMV,HAN,2
BMV,SGN,3
BMV,VII,2
BMW,AZR,1
BMY,GEA,1
BMY,KOC,1
BNA,AHN,1
BNA,ATL,6
BNA,AUS,1
BNA,BOS,2
BNA,BUF,1
BNA,BWI,2
BNA,CHS,2
BNA,CLE,2
BNA,CLT,3
BNA,CMH,1
BNA,CVG,1
BNA,DAL,1
BNA,DCA,3
BNA,DEN,3
BNA,DFW,2
BNA,DTW,2
BNA,ECP,1
BNA,EWR,2
BNA,FLL,1
BNA,GSP,1
BNA,HOU,2
BNA,IAD,1
BNA,IAH,1
BNA,JAX,1
BNA,JFK,3
BNA,LAS,1
BNA,LAX,5
BNA,LGA,4
BNA,LHR,1
BNA,MCI,1
BNA,MCO,3
BNA,MDW,2
BNA,MIA,2
BNA,MKE,1
BNA,MKL,1
BNA,MSP,2
BNA,MSY,1
BNA,OAK,1
BNA,OKC,1
BNA,ORD,3
BNA,PHL,3
BNA,PHX,1
BNA,PIT,2
BNA,PNS,1
BNA,PVD,1
BNA,RDU,2
BNA,SAN,1
BNA,SAT,1
BNA,SEA,2
BNA,SFO,1
BNA,SJC,1
BNA,SLC,1
BNA,STL,1
BNA,TPA,2
BNA,TTN,1
BNA,YYC,1
BNA,YYZ,2
BNB,MDK,1
BNC,BUX,1
BNC,GOM,1
BND,ABD,1
BND,AEU,2
BND,AWZ,1
BND,AZD,2
BND,BDH,1
BND,DXB,3
BND,IFN,2
BND,KIH,4
BND,KSH,1
BND,MHD,2
BND,RAS,1
BND,SRY,1
BND,SYZ,2
BND,TBZ,1
BND,THR,2
BND,ZAH,1
BND,ZBR,1
BNE,ADL,5
BNE,AKL,8
BNE,APW,1
BNE,ARM,1
BNE,ASP,3
BNE,AYQ,1
BNE,BBL,1
BNE,BCI,1
BNE,BDB,2
BNE,BKK,2
BNE,BKQ,2
BNE,BME,1
BNE,CAN,1
BNE,CBR,4
BNE,CCL,1
BNE,CFS,1
BNE,CHC,4
BNE,CNJ,4
BNE,CNS,8
BNE,CTL,1
BNE,DBO,1
BNE,DOH,1
BNE,DPS,3
BNE,DRW,6
BNE,DUD,2
BNE,DXB,2
BNE,EMD,2
BNE,GLT,2
BNE,HBA,2
BNE,HIR,2
BNE,HKG,3
BNE,HNL,1
BNE,HTI,3
BNE,HVB,1
BNE,ICN,1
BNE,INU,1
BNE,ISA,2
BNE,KTA,1
BNE,KUL,1
BNE,LAX,4
BNE,LDH,1
BNE,LRE,2
BNE,LST,2
BNE,MCY,1
BNE,MEL,5
BNE,MKY,3
BNE,MOV,2
BNE,MRZ,1
BNE,NAA,1
BNE,NLK,1
BNE,NOU,2
BNE,NRT,1
BNE,NTL,3
BNE,OAG,1
BNE,PER,4
BNE,PHE,1
BNE,POM,4
BNE,PPP,2
BNE,PQQ,2
BNE,PVG,1
BNE,RMA,2
BNE,ROK,3
BNE,SFO,1
BNE,SIN,9
BNE,SON,2
BNE,SYD,5
BNE,TMW,1
BNE,TPE,2
BNE,TQP,1
BNE,TSV,4
BNE,TWB,1
BNE,VLI,3
BNE,WLG,2
BNE,WTB,1
BNE,XTO,1
BNE,YVR,1
BNE,ZBL,1
BNE,ZQN,2
BNI,ABV,1
BNI,LOS,1
BNK,MEL,1
BNK,NTL,1
BNK,SYD,3
BNN,BGO,1
BNN,MQN,1
BNN,OSL,1
BNN,SSJ,1
BNN,TRD,1
BNS,CCS,2
BNX,BEG,1
BNX,SJJ,1
BNX,ZRH,1
BNY,HIR,1
BNY,RNL,1
BOB,HUH,1
BOB,MAU,1
BOB,MOZ,1
BOB,PPT,1
BOB,RFP,1
BOB,RGI,1
BOB,TIH,1
BOC,PAC,1
BOC,SJO,1
BOD,AGP,2
BOD,AJA,2
BOD,ALG,1
BOD,AMS,3
BOD,ATH,1
BOD,BCN,3
BOD,BES,1
BOD,BIA,2
BOD,BLQ,1
BOD,BRS,1
BOD,BRU,2
BOD,BSL,1
BOD,CDG,2
BOD,CFR,1
BOD,CIA,1
BOD,CLY,2
BOD,CMN,1
BOD,CRL,1
BOD,CTA,1
BOD,DUB,1
BOD,DUS,1
BOD,EDI,1
BOD,FAO,1
BOD,FCO,3
BOD,FLR,1
BOD,FRA,1
BOD,FSC,2
BOD,GVA,2
BOD,HAM,1
BOD,HEL,1
BOD,HER,1
BOD,IST,1
BOD,LGW,2
BOD,LIL,3
BOD,LIS,2
BOD,LTN,1
BOD,LUX,1
BOD,LYS,3
BOD,MAD,2
BOD,MPL,1
BOD,MRS,4
BOD,MUC,1
BOD,MXP,1
BOD,NCE,3
BOD,NTE,2
BOD,OLB,1
BOD,OPO,1
BOD,ORY,1
BOD,OZZ,1
BOD,PMI,3
BOD,PMO,1
BOD,PRG,1
BOD,RAK,2
BOD,RNS,1
BOD,STN,1
BOD,SVQ,1
BOD,SXB,2
BOD,TFS,1
BOD,TLV,1
BOD,TUN,1
BOD,VCE,2
BOD,VIE,1
BOD,YUL,1
BOD,ZRH,2
BOG,ADZ,5
BOG,AMS,1
BOG,APO,1
BOG,ATL,1
BOG,AUA,3
BOG,AUC,2
BOG,AXM,1
BOG,BAQ,3
BOG,BCN,1
BOG,BGA,4
BOG,BLB,1
BOG,BOS,1
BOG,BUN,2
BOG,CCS,4
BOG,CDG,1
BOG,CLO,3
BOG,CTG,6
BOG,CUC,3
BOG,CUN,4
BOG,CUR,3
BOG,CUZ,1
BOG,CZU,2
BOG,DFW,4
BOG,EJA,1
BOG,EOH,1
BOG,EWR,2
BOG,EYP,3
BOG,EZE,2
BOG,FLA,3
BOG,FLL,4
BOG,FRA,2
BOG,GIG,1
BOG,GRU,3
BOG,GUA,1
BOG,GYE,2
BOG,HAV,4
BOG,IAD,2
BOG,IAH,2
BOG,IBE,2
BOG,IPI,1
BOG,JFK,4
BOG,LAX,1
BOG,LET,3
BOG,LHR,1
BOG,LIM,3
BOG,LPB,1
BOG,MAD,3
BOG,MCO,3
BOG,MDE,4
BOG,MEX,5
BOG,MIA,7
BOG,MTR,3
BOG,MUC,1
BOG,MVD,1
BOG,MVP,1
BOG,MZL,2
BOG,NVA,3
BOG,ORD,1
BOG,PCR,2
BOG,PDA,2
BOG,PEI,5
BOG,PPN,2
BOG,PSO,2
BOG,PTX,1
BOG,PTY,4
BOG,PUJ,3
BOG,PUU,3
BOG,RCH,2
BOG,RVE,1
BOG,SAL,1
BOG,SCL,2
BOG,SDQ,1
BOG,SJE,2
BOG,SJO,1
BOG,SJU,1
BOG,SMR,4
BOG,SVI,1
BOG,TCO,2
BOG,TME,1
BOG,UIB,4
BOG,UIO,7
BOG,VCP,1
BOG,VGZ,1
BOG,VUP,2
BOG,VVC,3
BOG,VVI,1
BOG,YUL,1
BOG,YYZ,2
BOH,ACE,2
BOH,AGP,1
BOH,ALC,1
BOH,CCF,1
BOH,CHQ,1
BOH,DUB,1
BOH,FAO,1
BOH,FUE,1
BOH,GCI,1
BOH,GRO,1
BOH,IBZ,1
BOH,JER,1
BOH,LPA,2
BOH,MJV,1
BOH,MLA,1
BOH,PMI,2
BOH,PSA,1
BOH,RHO,1
BOH,TFS,3
BOI,ATL,1
BOI,DEN,3
BOI,DFW,1
BOI,GEG,2
BOI,LAS,2
BOI,LAX,2
BOI,LWS,1
BOI,MSP,1
BOI,OAK,1
BOI,ORD,2
BOI,PDX,1
BOI,PHX,3
BOI,RNO,1
BOI,SAN,2
BOI,SEA,2
BOI,SFO,1
BOI,SJC,2
BOI,SLC,1
BOI,SMF,2
BOJ,BRU,1
BOJ,CPH,1
BOJ,DME,1
BOJ,DUB,1
BOJ,HEL,1
BOJ,LED,3
BOJ,LTN,1
BOJ,OSL,1
BOJ,PRG,1
BOJ,SOF,1
BOJ,SVO,2
BOJ,VAR,1
BOM,ADD,2
BOM,ADE,1
BOM,AGR,1
BOM,AMD,6
BOM,AMM,1
BOM,AMS,3
BOM,ATQ,4
BOM,AUH,6
BOM,BAH,2
BOM,BBI,3
BOM,BDQ,3
BOM,BHJ,3
BOM,BHO,5
BOM,BHU,3
BOM,BKK,9
BOM,BLR,8
BOM,BRU,2
BOM,CAI,2
BOM,CAN,1
BOM,CCJ,5
BOM,CCU,7
BOM,CDG,1
BOM,CGK,1
BOM,CJB,5
BOM,CMB,5
BOM,CNN,1
BOM,COK,8
BOM,CTU,1
BOM,DAC,2
BOM,DED,3
BOM,DEL,6
BOM,DIU,3
BOM,DMM,2
BOM,DOH,4
BOM,DXB,7
BOM,EWR,2
BOM,FRA,4
BOM,GAU,2
BOM,GOI,7
BOM,GOP,1
BOM,GWL,1
BOM,HBX,2
BOM,HKG,4
BOM,HKT,1
BOM,HYD,8
BOM,ICN,1
BOM,IDR,6
BOM,IKA,1
BOM,IST,2
BOM,IXB,2
BOM,IXC,6
BOM,IXD,2
BOM,IXE,6
BOM,IXG,1
BOM,IXJ,2
BOM,IXM,1
BOM,IXR,2
BOM,IXU,3
BOM,IXY,1
BOM,IXZ,1
BOM,JAI,6
BOM,JDH,4
BOM,JED,5
BOM,JFK,1
BOM,JGA,1
BOM,JLR,1
BOM,JNB,3
BOM,JNU,1
BOM,KHI,1
BOM,KTM,1
BOM,KUL,3
BOM,KWI,4
BOM,LHR,5
BOM,LKO,5
BOM,MAA,8
BOM,MCT,5
BOM,MLE,1
BOM,MRU,2
BOM,MUC,2
BOM,NAG,5
BOM,NBO,2
BOM,NDC,1
BOM,NRT,2
BOM,PAT,4
BOM,PBD,1
BOM,PEK,1
BOM,PNQ,2
BOM,RAJ,3
BOM,RDP,1
BOM,RPR,4
BOM,RUH,5
BOM,SAG,1
BOM,SAH,1
BOM,SHJ,2
BOM,SIN,6
BOM,STV,2
BOM,SXR,2
BOM,TIR,1
BOM,TLV,1
BOM,TRV,6
BOM,UDR,5
BOM,VGA,2
BOM,VNS,4
BOM,VTZ,3
BOM,YYZ,1
BOM,ZRH,2
BON,AMS,2
BON,ATL,1
BON,AUA,3
BON,CUR,4
BON,EWR,1
BON,IAH,1
BON,MIA,1
BOO,ANX,1
BOO,BGO,1
BOO,BNN,1
BOO,EVE,1
BOO,LKN,1
BOO,MJF,1
BOO,MQN,1
BOO,NVK,1
BOO,OSL,2
BOO,RET,1
BOO,SKN,1
BOO,SSJ,1
BOO,SVJ,1
BOO,TOS,2
BOO,TRD,2
BOS,ACK,1
BOS,ACY,1
BOS,ALB,1
BOS,AMS,2
BOS,ATL,8
BOS,AUA,1
BOS,AUG,1
BOS,AUS,2
BOS,BCN,1
BOS,BDA,2
BOS,BGI,1
BOS,BHB,1
BOS,BNA,3
BOS,BUF,4
BOS,BUR,1
BOS,BWI,3
BOS,CAK,2
BOS,CDG,3
BOS,CHS,2
BOS,CLE,3
BOS,CLT,3
BOS,CMH,1
BOS,CMN,1
BOS,CPH,1
BOS,CUN,5
BOS,CVG,1
BOS,DCA,4
BOS,DEN,3
BOS,DFW,4
BOS,DOH,1
BOS,DTW,2
BOS,DUB,3
BOS,DXB,2
BOS,EWR,3
BOS,FCO,2
BOS,FLL,3
BOS,FRA,2
BOS,GRU,1
BOS,GSP,1
BOS,HAV,1
BOS,HKG,1
BOS,HOU,2
BOS,HYA,1
BOS,IAD,2
BOS,IAH,2
BOS,ICN,1
BOS,IND,1
BOS,ISP,2
BOS,IST,1
BOS,JAX,2
BOS,JFK,4
BOS,KEF,1
BOS,LAS,2
BOS,LAX,7
BOS,LEB,1
BOS,LGA,4
BOS,LGB,1
BOS,LHR,9
BOS,LIS,2
BOS,MAD,4
BOS,MBJ,2
BOS,MCI,2
BOS,MCO,4
BOS,MDT,2
BOS,MDW,2
BOS,MIA,3
BOS,MKE,2
BOS,MSP,3
BOS,MSS,1
BOS,MSY,2
BOS,MUC,2
BOS,MVY,1
BOS,MYR,2
BOS,NAS,2
BOS,NRT,2
BOS,ORD,6
BOS,ORF,1
BOS,PBG,2
BOS,PBI,2
BOS,PDL,2
BOS,PDX,3
BOS,PHL,4
BOS,PHX,3
BOS,PIE,1
BOS,PIT,4
BOS,PLS,3
BOS,PQI,2
BOS,PTY,2
BOS,PUJ,1
BOS,PVC,1
BOS,RAI,1
BOS,RDU,3
BOS,RIC,4
BOS,RKD,1
BOS,ROC,3
BOS,RSW,2
BOS,RUT,1
BOS,SAN,3
BOS,SAV,1
BOS,SDQ,1
BOS,SEA,4
BOS,SFO,5
BOS,SJC,1
BOS,SJU,2
BOS,SLC,2
BOS,SLK,1
BOS,SNN,1
BOS,STI,1
BOS,STL,1
BOS,STT,1
BOS,SXM,1
BOS,SYR,3
BOS,TPA,2
BOS,VIE,1
BOS,YHZ,2
BOS,YOW,2
BOS,YTZ,1
BOS,YUL,2
BOS,YYZ,3
BOS,ZRH,2
BOW,IAD,1
BOY,ABJ,1
BOY,OUA,1
BPE,CGO,1
BPE,PVG,1
BPE,SJW,1
BPE,TAO,1
BPE,YNJ,1
BPE,YSQ,1
BPL,KRY,1
BPL,URC,1
BPL,XIY,1
BPN,BDJ,5
BPN,BDO,1
BPN,BEJ,5
BPN,BTH,1
BPN,CGK,5
BPN,DPS,1
BPN,JOG,4
BPN,KJT,1
BPN,KUL,1
BPN,MDC,2
BPN,MJU,1
BPN,PKY,3
BPN,PLW,3
BPN,PNK,1
BPN,SIN,3
BPN,SRG,1
BPN,SUB,4
BPN,TJS,2
BPN,TRK,4
BPN,UPG,4
BPN,YIA,1
BPS,BSB,2
BPS,CGH,3
BPS,CNF,5
BPS,GRU,3
BPS,GYN,1
BPS,POA,2
BPS,PPB,1
BPS,SDU,1
BPS,SJP,2
BPS,SSA,3
BPS,UDI,1
BPS,VCP,2
BPT,DFW,2
BPX,CTU,2
BPX,LXA,1
BQB,ALH,1
BQB,BYP,1
BQB,GET,1
BQB,OCM,1
BQB,PER,2
BQK,ATL,3
BQL,BEU,2
BQL,ISA,2
BQN,EWR,1
BQN,FLL,1
BQN,JFK,1
BQN,MCO,1
BQS,DME,2
BQS,HTA,2
BQS,KHV,2
BQS,OVB,1
BQS,UUS,1
BQS,VVO,3
BQS,YKS,1
BRA,BSB,3
BRA,SSA,3
BRC,AEP,2
BRC,COR,1
BRC,CRD,1
BRC,EQS,1
BRC,EZE,2
BRC,MDZ,1
BRC,ROS,1
BRD,INL,1
BRD,MSP,1
BRE,ACE,1
BRE,ADB,1
BRE,AGP,1
BRE,ALC,1
BRE,AMS,2
BRE,AYT,1
BRE,BGY,1
BRE,BZR,1
BRE,CDG,2
BRE,CFU,1
BRE,CHQ,1
BRE,CPH,1
BRE,DUB,1
BRE,EDI,1
BRE,FAO,1
BRE,FMO,1
BRE,FNC,1
BRE,FRA,1
BRE,FUE,2
BRE,GRO,1
BRE,HAU,1
BRE,IBZ,1
BRE,IST,1
BRE,LEJ,1
BRE,LPA,2
BRE,MAN,1
BRE,MUC,1
BRE,NBE,1
BRE,NYO,1
BRE,OPO,1
BRE,PMI,4
BRE,RIX,1
BRE,SKG,1
BRE,STN,1
BRE,STR,2
BRE,TFS,2
BRE,TLL,1
BRE,TLS,2
BRE,TMP,1
BRE,TSF,1
BRE,VIE,1
BRE,VNO,1
BRE,ZRH,2
BRI,AMS,1
BRI,BCN,2
BRI,BGY,1
BRI,BLQ,1
BRI,BOD,1
BRI,BUD,2
BRI,BVA,1
BRI,CAG,1
BRI,CDG,2
BRI,CGN,2
BRI,CIA,1
BRI,CRL,1
BRI,CTA,2
BRI,DUB,1
BRI,DUS,2
BRI,FCO,2
BRI,FKB,1
BRI,FLR,2
BRI,FRA,1
BRI,GOA,1
BRI,HAM,1
BRI,HHN,1
BRI,IST,1
BRI,LGW,2
BRI,LIN,2
BRI,LPL,1
BRI,MLA,1
BRI,MST,1
BRI,MUC,2
BRI,MXP,2
BRI,NRN,1
BRI,NUE,1
BRI,OTP,1
BRI,PMO,2
BRI,PRG,1
BRI,PSA,1
BRI,SSH,1
BRI,STN,1
BRI,STR,2
BRI,SVQ,1
BRI,SXF,1
BRI,TIA,1
BRI,TRN,2
BRI,TRS,1
BRI,TSF,1
BRI,TXL,2
BRI,VCE,1
BRI,VIE,1
BRI,VKO,1
BRI,VLC,1
BRI,VRN,1
BRL,ORD,1
BRL,STL,1
BRM,CCS,3
BRM,CUR,1
BRM,PMV,1
BRN,AMS,1
BRN,BCN,1
BRN,CGN,1
BRN,EBA,1
BRN,HAM,1
BRN,IBZ,1
BRN,LCY,1
BRN,MUC,1
BRN,OLB,2
BRN,PMI,2
BRN,TXL,1
BRN,VIE,1
BRN,XRY,1
BRO,CMH,1
BRO,DFW,2
BRO,IAH,1
BRO,ORD,1
BRQ,STN,1
BRR,GLA,1
BRS,ABZ,1
BRS,ACE,4
BRS,AGP,3
BRS,ALC,3
BRS,AMS,3
BRS,ATH,1
BRS,AYT,1
BRS,BCN,1
BRS,BFS,1
BRS,BGY,1
BRS,BIO,1
BRS,BJV,1
BRS,BLQ,1
BRS,BOD,1
BRS,BRU,1
BRS,BUD,1
BRS,BZR,1
BRS,CDG,1
BRS,CEG,1
BRS,CFU,2
BRS,CGN,1
BRS,CHQ,1
BRS,CPH,1
BRS,CTA,1
BRS,DLM,3
BRS,DUB,2
BRS,EDI,1
BRS,EGC,1
BRS,FAO,2
BRS,FCO,1
BRS,FNC,1
BRS,FRA,1
BRS,FUE,2
BRS,GCI,1
BRS,GDN,1
BRS,GIB,1
BRS,GLA,1
BRS,GRO,1
BRS,GVA,1
BRS,HAM,1
BRS,HER,1
BRS,HRG,1
BRS,IBZ,1
BRS,INV,1
BRS,IOM,1
BRS,JER,1
BRS,KEF,1
BRS,KRK,1
BRS,KUN,1
BRS,LCA,1
BRS,LIG,1
BRS,LIS,1
BRS,LPA,4
BRS,MAD,1
BRS,MAH,1
BRS,MJV,1
BRS,MLA,2
BRS,MUC,1
BRS,MXP,1
BRS,NAP,1
BRS,NBE,2
BRS,NCE,1
BRS,NCL,1
BRS,NOC,1
BRS,ORK,1
BRS,OTP,1
BRS,PFO,2
BRS,PMI,5
BRS,POZ,1
BRS,PRG,1
BRS,PSA,1
BRS,RAK,1
BRS,REU,2
BRS,RMU,1
BRS,RZE,1
BRS,SID,1
BRS,SNN,1
BRS,SVQ,1
BRS,SXF,1
BRS,TFS,6
BRS,TLS,2
BRS,TSF,1
BRS,VCE,1
BRS,VIE,1
BRS,VLC,1
BRS,WMI,1
BRS,WRO,1
BRS,ZRH,1
BRU,ABJ,3
BRU,ACC,1
BRU,ACE,2
BRU,ADB,1
BRU,ADD,1
BRU,AGA,4
BRU,AGP,5
BRU,AHU,1
BRU,ALC,5
BRU,ALG,1
BRU,AMM,1
BRU,AMS,1
BRU,AOE,1
BRU,ARN,2
BRU,ATH,3
BRU,ATL,3
BRU,AUH,3
BRU,AYT,3
BRU,BCN,5
BRU,BEG,1
BRU,BER,1
BRU,BEY,1
BRU,BHX,2
BRU,BIA,1
BRU,BIO,2
BRU,BJL,1
BRU,BJM,4
BRU,BJV,1
BRU,BKK,2
BRU,BLL,2
BRU,BLQ,1
BRU,BMA,2
BRU,BOD,2
BRU,BOJ,1
BRU,BOM,3
BRU,BRS,1
BRU,BSL,3
BRU,BUD,1
BRU,CAI,2
BRU,CDG,2
BRU,CFU,1
BRU,CHQ,1
BRU,CMN,3
BRU,COO,4
BRU,CPH,4
BRU,CTA,3
BRU,CUN,1
BRU,DBV,1
BRU,DEL,2
BRU,DJE,2
BRU,DKR,5
BRU,DLA,5
BRU,DME,1
BRU,DOH,1
BRU,DSS,1
BRU,DUB,2
BRU,DWC,1
BRU,EBB,1
BRU,EDI,1
BRU,EMA,1
BRU,ESU,1
BRU,EWR,5
BRU,FAO,2
BRU,FCO,6
BRU,FIH,1
BRU,FLR,1
BRU,FNA,3
BRU,FNC,2
BRU,FRA,4
BRU,FUE,2
BRU,GDN,1
BRU,GOT,3
BRU,GVA,4
BRU,HAJ,3
BRU,HAM,2
BRU,HEL,1
BRU,HER,3
BRU,HKG,2
BRU,HRG,2
BRU,IAD,3
BRU,IBZ,3
BRU,ICN,1
BRU,IST,1
BRU,JFK,6
BRU,JMK,1
BRU,JNB,1
BRU,KBP,2
BRU,KEF,1
BRU,KGL,5
BRU,KGS,1
BRU,KRK,2
BRU,KRN,1
BRU,KTT,1
BRU,LAD,4
BRU,LCA,1
BRU,LDE,1
BRU,LED,1
BRU,LEI,2
BRU,LFW,1
BRU,LGW,2
BRU,LHR,3
BRU,LIN,4
BRU,LIS,8
BRU,LJU,2
BRU,LPA,3
BRU,LYS,4
BRU,MAD,5
BRU,MAH,1
BRU,MAN,3
BRU,MBJ,1
BRU,MIA,1
BRU,MIR,1
BRU,MLA,2
BRU,MPL,1
BRU,MRS,1
BRU,MUC,2
BRU,MXP,4
BRU,NAP,2
BRU,NBE,1
BRU,NCE,2
BRU,NCL,2
BRU,NDR,2
BRU,NRT,1
BRU,NSI,4
BRU,NTE,2
BRU,OPO,5
BRU,ORD,2
BRU,ORK,1
BRU,OSL,3
BRU,OTP,2
BRU,OUA,4
BRU,OUD,1
BRU,PEK,2
BRU,PFO,1
BRU,PHL,2
BRU,PMI,4
BRU,PMO,1
BRU,POP,1
BRU,PRG,4
BRU,PRN,1
BRU,PUJ,1
BRU,RAK,5
BRU,RBA,1
BRU,REU,1
BRU,RHO,1
BRU,RIX,2
BRU,RMF,2
BRU,ROB,1
BRU,SAW,1
BRU,SCQ,2
BRU,SHJ,1
BRU,SID,1
BRU,SOF,1
BRU,SSH,1
BRU,STR,2
BRU,SVO,2
BRU,SVQ,2
BRU,SXB,2
BRU,SXF,2
BRU,TFS,3
BRU,TIA,1
BRU,TIV,1
BRU,TLL,3
BRU,TLS,2
BRU,TLV,2
BRU,TNG,2
BRU,TRN,1
BRU,TSF,1
BRU,TUN,1
BRU,TXL,3
BRU,VAR,1
BRU,VCE,3
BRU,VIE,3
BRU,VLC,4
BRU,VNO,4
BRU,VRA,1
BRU,WAW,3
BRU,WRO,1
BRU,YUL,4
BRU,YYZ,4
BRU,ZAG,2
BRU,ZRH,2
BRU,ZTH,1
BRW,AIN,1
BRW,ANC,1
BRW,ATK,1
BRW,FAI,1
BRW,NUI,1
BRW,PIZ,1
BRW,SCC,1
BSA,BBO,2
BSA,GLK,2
BSB,AJU,4
BSB,ATL,1
BSB,AUX,1
BSB,BEL,3
BSB,BPS,3
BSB,BRA,3
BSB,BVB,3
BSB,CDG,1
BSB,CGB,5
BSB,CGH,4
BSB,CGR,4
BSB,CNF,5
BSB,CWB,4
BSB,EZE,2
BSB,FLN,3
BSB,FOR,4
BSB,GIG,5
BSB,GRU,7
BSB,GYN,4
BSB,IGU,2
BSB,IMP,3
BSB,IOS,2
BSB,JDO,1
BSB,JPA,4
BSB,LIM,1
BSB,LIS,1
BSB,MAB,4
BSB,MAO,3
BSB,MCO,1
BSB,MCP,3
BSB,MCZ,4
BSB,MIA,4
BSB,NAT,4
BSB,OPS,1
BSB,PMW,3
BSB,PNZ,1
BSB,POA,3
BSB,PTY,1
BSB,PUJ,2
BSB,PVH,3
BSB,RAO,2
BSB,RBR,3
BSB,REC,4
BSB,SCL,1
BSB,SDU,4
BSB,SJP,1
BSB,SLZ,3
BSB,SSA,4
BSB,STM,2
BSB,THE,3
BSB,UDI,2
BSB,VCP,4
BSB,VIX,2
BSC,EOH,1
BSD,CGO,1
BSD,CKG,1
BSD,CSX,1
BSD,CTU,2
BSD,HGH,1
BSD,KMG,3
BSD,KWE,1
BSD,NKG,1
BSD,PEK,1
BSD,PVG,1
BSD,TSN,1
BSD,XIY,1
BSD,ZUH,1
BSG,COO,1
BSG,SSG,1
BSK,ALG,1
BSK,CDG,1
BSK,LYS,1
BSK,ORY,2
BSL,ADB,2
BSL,AGP,1
BSL,AJA,1
BSL,ALC,1
BSL,AMS,3
BSL,ATH,2
BSL,AYT,2
BSL,BCN,3
BSL,BDS,1
BSL,BEG,1
BSL,BOD,1
BSL,BRS,1
BSL,BRU,3
BSL,BUD,1
BSL,CAG,1
BSL,CDG,3
BSL,CPH,1
BSL,CTA,3
BSL,DJE,1
BSL,DOH,1
BSL,DRS,1
BSL,DUB,1
BSL,DUS,2
BSL,EDI,1
BSL,FAO,1
BSL,FCO,2
BSL,FNC,2
BSL,FRA,3
BSL,FUE,2
BSL,HAM,3
BSL,HER,2
BSL,HRG,1
BSL,IBZ,1
BSL,INI,1
BSL,ISL,1
BSL,IST,1
BSL,KEF,1
BSL,KGS,1
BSL,KRK,1
BSL,LCA,1
BSL,LCY,1
BSL,LGW,1
BSL,LHR,3
BSL,LIS,2
BSL,LPA,3
BSL,LTN,1
BSL,MAD,2
BSL,MAN,1
BSL,MPL,1
BSL,MUC,3
BSL,NAP,1
BSL,NCE,1
BSL,NTE,1
BSL,OHD,1
BSL,OLB,1
BSL,OPO,1
BSL,ORY,1
BSL,OSI,1
BSL,PMI,4
BSL,PRG,2
BSL,PRN,2
BSL,RAK,1
BSL,RHO,1
BSL,SAW,1
BSL,SCQ,1
BSL,SKG,1
BSL,SPU,1
BSL,STN,1
BSL,SUF,1
BSL,SVQ,1
BSL,SXF,1
BSL,TFS,3
BSL,TLS,1
BSL,TLV,1
BSL,VCE,1
BSL,VIE,3
BSL,WAW,1
BSL,YUL,1
BSL,ZQW,1
BSO,MNL,2
BSR,AMM,2
BSR,AUH,1
BSR,BEY,2
BSR,CAI,1
BSR,DEL,1
BSR,DOH,1
BSR,DXB,3
BSR,EBL,1
BSR,IST,2
BSR,ISU,1
BSR,MHD,1
BSR,SHJ,1
BTC,GIU,1
BTH,BDO,1
BTH,BKS,2
BTH,BPN,1
BTH,CGK,4
BTH,DJB,2
BTH,DPS,1
BTH,DUM,1
BTH,JOG,1
BTH,KJT,1
BTH,KNO,2
BTH,LMU,1
BTH,NTX,3
BTH,PDG,2
BTH,PGK,1
BTH,PKU,2
BTH,PLM,2
BTH,PNK,2
BTH,RGT,1
BTH,SIQ,1
BTH,SRG,1
BTH,SUB,2
BTH,SZB,2
BTH,TKG,2
BTH,TNJ,1
BTI,FYU,1
BTI,SCC,1
BTJ,CGK,2
BTJ,JED,1
BTJ,KNO,1
BTJ,KUL,2
BTJ,PEN,2
BTJ,SOC,1
BTJ,SUB,1
BTK,DME,1
BTK,IKT,1
BTK,OVB,2
BTK,VKO,1
BTM,SLC,1
BTR,ATL,3
BTR,CLT,2
BTR,DFW,2
BTR,IAH,1
BTS,AGP,2
BTS,AHO,1
BTS,ATH,1
BTS,BGY,1
BTS,BHX,1
BTS,BVA,1
BTS,CIA,1
BTS,CRL,1
BTS,DUB,1
BTS,EDI,1
BTS,EIN,1
BTS,GRO,1
BTS,INI,1
BTS,KBP,1
BTS,KSC,1
BTS,LBA,1
BTS,LPL,1
BTS,LTN,1
BTS,OSL,1
BTS,PFO,1
BTS,PMI,1
BTS,PRG,3
BTS,RHO,1
BTS,SKG,1
BTS,STN,1
BTS,TPS,1
BTS,VKO,1
BTT,AET,1
BTT,AKP,2
BTT,CXF,1
BTT,FAI,1
BTU,BKI,1
BTU,KCH,2
BTU,KUL,2
BTU,MKM,1
BTU,MYY,1
BTU,SBW,1
BTV,ATL,2
BTV,CLT,1
BTV,DCA,2
BTV,DTW,1
BTV,EWR,1
BTV,IAD,1
BTV,JFK,2
BTV,LGA,1
BTV,ORD,1
BTV,PHL,2
BTV,SFB,1
BTV,YYZ,1
BUA,LNV,1
BUA,POM,1
BUA,RAB,2
BUC,DMD,2
BUC,ONG,1
BUD,AGP,1
BUD,ALC,1
BUD,AMM,1
BUD,AMS,1
BUD,ARN,1
BUD,ATH,3
BUD,BCN,3
BUD,BEG,2
BUD,BGY,1
BUD,BHX,1
BUD,BLL,1
BUD,BLQ,1
BUD,BRI,1
BUD,BRS,1
BUD,BRU,1
BUD,BSL,2
BUD,BVA,1
BUD,CAG,1
BUD,CAI,1
BUD,CDG,2
BUD,CGN,2
BUD,CIA,1
BUD,CPH,3
BUD,CRL,2
BUD,CTA,1
BUD,DOH,1
BUD,DSA,1
BUD,DTM,1
BUD,DUB,2
BUD,DUS,2
BUD,DWC,1
BUD,EDI,2
BUD,EIN,1
BUD,EMA,2
BUD,FCO,3
BUD,FRA,5
BUD,GLA,1
BUD,GOT,1
BUD,GSE,1
BUD,GVA,1
BUD,GYD,1
BUD,HAJ,1
BUD,HAM,2
BUD,HEL,2
BUD,HHN,1
BUD,ICN,1
BUD,IEV,1
BUD,ISL,1
BUD,IST,1
BUD,JFK,1
BUD,KEF,1
BUD,KRK,1
BUD,KRR,1
BUD,KSC,1
BUD,KUT,1
BUD,LBA,1
BUD,LCA,1
BUD,LCY,1
BUD,LED,1
BUD,LGW,3
BUD,LHR,3
BUD,LIS,2
BUD,LPL,1
BUD,LTN,2
BUD,MAD,3
BUD,MAN,2
BUD,MLA,2
BUD,MMX,1
BUD,MRS,1
BUD,MSQ,1
BUD,MUC,1
BUD,MXP,1
BUD,NAP,1
BUD,NUE,1
BUD,NYO,1
BUD,OPO,1
BUD,ORD,1
BUD,ORY,1
BUD,OSL,2
BUD,OTP,1
BUD,PEK,1
BUD,PFO,1
BUD,POZ,1
BUD,PRG,4
BUD,PRN,1
BUD,PSA,1
BUD,PVG,1
BUD,RIX,1
BUD,ROV,1
BUD,RTM,1
BUD,SAW,1
BUD,SJJ,1
BUD,SKG,2
BUD,SKP,1
BUD,SOF,1
BUD,STN,1
BUD,STR,2
BUD,SVG,1
BUD,SVO,1
BUD,SVQ,1
BUD,SXF,3
BUD,TFS,1
BUD,TGD,1
BUD,TGM,1
BUD,TIA,1
BUD,TLV,2
BUD,TMP,1
BUD,TSE,1
BUD,TSF,1
BUD,TXL,1
BUD,VIE,1
BUD,VKO,1
BUD,WAW,2
BUD,YYZ,1
BUD,ZAG,1
BUD,ZRH,1
BUF,ATL,4
BUF,BOS,4
BUF,BWI,2
BUF,CLE,1
BUF,CLT,2
BUF,DCA,2
BUF,DFW,1
BUF,DTW,1
BUF,EWR,1
BUF,FLL,2
BUF,IAD,1
BUF,JFK,2
BUF,LAS,1
BUF,LGA,1
BUF,MCO,3
BUF,MDW,2
BUF,MEM,1
BUF,MSP,1
BUF,ORD,3
BUF,PHL,2
BUF,PHX,1
BUF,TPA,1
BUL,POM,1
BUN,BOG,2
BUP,DEL,1
BUP,IXJ,1
BUQ,HRE,1
BUQ,JNB,4
BUQ,VFA,1
BUR,ATL,1
BUR,DEN,2
BUR,DFW,1
BUR,IPL,1
BUR,JFK,1
BUR,LAS,2
BUR,OAK,1
BUR,PDX,2
BUR,PHX,3
BUR,SEA,2
BUR,SFO,2
BUR,SJC,1
BUR,SLC,1
BUR,SMF,1
BUS,DME,2
BUS,DNK,1
BUS,IST,1
BUS,MSQ,1
BUS,TBS,1
BUU,PLM,1
BUW,KDI,1
BUW,UPG,1
BUX,BNC,1
BUX,GOM,1
BUX,IRP,1
BUZ,DXB,1
BUZ,MHD,1
BUZ,SYZ,1
BUZ,THR,2
BVA,ACE,1
BVA,AGP,1
BVA,AHO,1
BVA,ALC,1
BVA,BCN,1
BVA,BDS,1
BVA,BEG,1
BVA,BGY,1
BVA,BLQ,1
BVA,BRI,1
BVA,BTS,1
BVA,BUD,1
BVA,BZR,1
BVA,CAG,1
BVA,CIA,1
BVA,CLJ,1
BVA,CRA,1
BVA,DUB,1
BVA,FAO,1
BVA,FEZ,1
BVA,GDN,1
BVA,GRO,1
BVA,GSE,1
BVA,KIV,2
BVA,KRK,1
BVA,KTW,1
BVA,KUT,1
BVA,LIS,1
BVA,MAD,1
BVA,MAN,1
BVA,NDR,1
BVA,NYO,1
BVA,OPO,1
BVA,OTP,1
BVA,OUD,1
BVA,PMI,1
BVA,POZ,1
BVA,PRG,1
BVA,PSA,1
BVA,PSR,1
BVA,PUY,1
BVA,RAK,1
BVA,RBA,1
BVA,RYG,1
BVA,RZE,1
BVA,SKP,1
BVA,SNN,1
BVA,SOF,1
BVA,SVQ,1
BVA,TFS,1
BVA,TGM,1
BVA,TNG,1
BVA,TPS,1
BVA,TRS,1
BVA,TSF,1
BVA,TSR,1
BVA,VLC,1
BVA,VNO,2
BVA,WAW,1
BVA,WMI,1
BVA,WRO,2
BVA,ZAD,1
BVA,ZAZ,1
BVB,BSB,2
BVB,MAO,3
BVC,BHX,2
BVC,LGW,1
BVC,LIS,2
BVC,MAN,2
BVC,RAI,1
BVC,SID,4
BVE,AJA,1
BVE,LCY,2
BVE,ORY,2
BVE,STN,1
BVG,BJF,1
BVG,HFT,1
BVG,MEH,1
BVG,VDS,1
BVH,CGB,1
BVI,BEU,2
BVI,WNR,2
BVV,UUS,1
BWA,KTM,1
BWI,ABQ,2
BWI,ALB,2
BWI,ATL,7
BWI,AUA,2
BWI,AUS,2
BWI,BDL,2
BWI,BHM,1
BWI,BNA,3
BWI,BOS,3
BWI,BUF,2
BWI,CAK,1
BWI,CHS,1
BWI,CLE,3
BWI,CLT,5
BWI,CMH,2
BWI,CUN,3
BWI,CVG,2
BWI,DAL,1
BWI,DAY,2
BWI,DEN,4
BWI,DFW,3
BWI,DTW,4
BWI,ECP,1
BWI,EWR,1
BWI,FLL,3
BWI,FNT,2
BWI,FPO,1
BWI,FRA,1
BWI,GRR,1
BWI,GSP,1
BWI,HOU,1
BWI,IAD,2
BWI,IAH,2
BWI,IND,2
BWI,ISP,2
BWI,JAX,2
BWI,JFK,3
BWI,LAS,3
BWI,LAX,5
BWI,LGA,1
BWI,LHR,4
BWI,LIR,1
BWI,LIT,1
BWI,MBJ,3
BWI,MCI,1
BWI,MCO,3
BWI,MDW,2
BWI,MEM,2
BWI,MHT,2
BWI,MIA,2
BWI,MKE,1
BWI,MSP,3
BWI,MSY,3
BWI,MYR,1
BWI,NAS,2
BWI,OAK,1
BWI,OKC,1
BWI,ORD,4
BWI,ORF,2
BWI,PBI,1
BWI,PHL,2
BWI,PHX,4
BWI,PIT,2
BWI,PUJ,2
BWI,PVD,2
BWI,PWM,2
BWI,RDU,4
BWI,ROC,2
BWI,RSW,2
BWI,SAN,2
BWI,SAT,2
BWI,SDF,2
BWI,SEA,2
BWI,SFO,1
BWI,SJC,1
BWI,SJO,1
BWI,SJU,3
BWI,SLC,3
BWI,STL,2
BWI,TPA,3
BWI,YUL,1
BWI,YYZ,1
BWK,LNZ,1
BWK,ZAG,1
BWN,BKI,2
BWN,BKK,2
BWN,BTU,1
BWN,CGK,2
BWN,CSX,1
BWN,DPS,1
BWN,DWC,1
BWN,DXB,1
BWN,HAK,1
BWN,HGH,1
BWN,HKG,2
BWN,ICN,1
BWN,JED,1
BWN,KCH,1
BWN,KUL,3
BWN,LHR,1
BWN,MEL,1
BWN,MNL,2
BWN,MZV,2
BWN,NNG,1
BWN,NRT,1
BWN,PVG,1
BWN,SBW,1
BWN,SDK,1
BWN,SGN,1
BWN,SIN,2
BWN,SUB,2
BWN,TPE,1
BWN,TWU,1
BWT,KNS,1
BWT,LST,1
BWT,MEL,1
BWX,CGK,2
BWX,DPS,1
BWX,SUB,1
BXB,SOQ,1
BXR,THR,1
BXU,CEB,1
BXU,MNL,3
BYC,SRZ,2
BYC,TJA,2
BYK,ABJ,1
BYK,HGO,1
BYN,LTI,1
BYN,ULN,1
BYO,CMG,1
BYO,VCP,1
BZE,ATL,1
BZE,BCV,1
BZE,CLT,2
BZE,CUK,3
BZE,CUN,2
BZE,DFW,2
BZE,DGA,3
BZE,EWR,1
BZE,FRS,2
BZE,IAH,1
BZE,LAX,2
BZE,MIA,2
BZE,MID,1
BZE,ORD,1
BZE,PLJ,2
BZE,PND,2
BZE,PTY,1
BZE,RTB,1
BZE,SAL,1
BZE,SAP,1
BZE,SPR,3
BZE,SQS,1
BZE,TZA,3
BZE,YYZ,2
BZG,BHX,1
BZG,DUB,1
BZG,FRA,1
BZG,KBP,1
BZG,STN,1
BZG,WAW,1
BZK,LED,1
BZL,DAC,1
BZN,ATL,1
BZN,AZA,1
BZN,DEN,3
BZN,DFW,1
BZN,LAS,1
BZN,LAX,1
BZN,MSP,1
BZN,ORD,2
BZN,PDX,1
BZN,SEA,1
BZN,SLC,1
BZO,FCO,2
BZR,BRE,1
BZR,BRS,1
BZR,BVA,1
BZR,EDI,1
BZR,LTN,1
BZR,MAN,1
BZR,NRN,1
BZR,NYO,1
BZR,RYG,1
BZV,ADD,1
BZV,CDG,2
BZV,CMN,1
BZV,COO,3
BZV,DLA,3
BZV,FIH,7
BZV,JNB,1
BZV,KGL,1
BZV,LAD,2
BZV,LBV,2
BZV,NBO,2
BZV,OLL,1
BZV,PNR,6
CAB,LAD,2
CAB,SZA,1
CAC,CWB,1
CAC,GRU,2
CAC,VCP,1
CAE,ATL,4
CAE,CLT,2
CAE,DCA,2
CAE,DFW,2
CAE,DTW,1
CAE,IAD,1
CAE,IAH,1
CAE,LGA,2
CAE,MIA,1
CAE,ORD,1
CAE,PHL,2
CAG,AMS,1
CAG,BCN,1
CAG,BER,1
CAG,BGY,1
CAG,BLQ,2
CAG,BRI,1
CAG,BSL,1
CAG,BVA,1
CAG,CDG,1
CAG,CGN,2
CAG,CIA,1
CAG,CRL,1
CAG,CTA,1
CAG,CUF,1
CAG,DUS,4
CAG,FCO,1
CAG,FKB,1
CAG,FLR,2
CAG,FRA,1
CAG,GOA,2
CAG,GRO,1
CAG,GVA,1
CAG,HAJ,1
CAG,HAM,1
CAG,HHN,1
CAG,KRK,1
CAG,KUN,1
CAG,LGW,1
CAG,LIN,1
CAG,LUX,1
CAG,MAD,1
CAG,MRS,1
CAG,MUC,3
CAG,MXP,2
CAG,NAP,1
CAG,NRN,1
CAG,PEG,1
CAG,PMF,1
CAG,PRG,1
CAG,PSA,1
CAG,PSR,1
CAG,STN,2
CAG,STR,2
CAG,SXF,1
CAG,TPS,1
CAG,TRN,1
CAG,TSF,1
CAG,VIE,1
CAG,VRN,2
CAG,ZRH,1
CAH,SGN,1
CAI,AAN,1
CAI,ABV,1
CAI,ACC,1
CAI,ADD,2
CAI,ADE,1
CAI,AHB,3
CAI,AJF,2
CAI,ALG,2
CAI,AMM,3
CAI,AMS,3
CAI,ASM,1
CAI,ASW,4
CAI,ATH,2
CAI,ATZ,2
CAI,AUH,2
CAI,BAH,2
CAI,BCN,1
CAI,BEN,3
CAI,BER,1
CAI,BEY,2
CAI,BGW,1
CAI,BGY,1
CAI,BKK,3
CAI,BOM,2
CAI,BRU,2
CAI,BUD,1
CAI,CAN,2
CAI,CDG,3
CAI,CGK,1
CAI,CMN,2
CAI,CPH,2
CAI,DAR,1
CAI,DLA,1
CAI,DME,1
CAI,DMM,2
CAI,DOH,2
CAI,DXB,3
CAI,EBB,1
CAI,EBL,1
CAI,ELQ,5
CAI,FCO,2
CAI,FRA,2
CAI,GIZ,1
CAI,GVA,2
CAI,HAJ,1
CAI,HAS,2
CAI,HBE,2
CAI,HGH,1
CAI,HKG,1
CAI,HMB,2
CAI,HRG,3
CAI,IAD,1
CAI,IST,2
CAI,JED,6
CAI,JFK,2
CAI,JNB,2
CAI,JUB,2
CAI,KAN,1
CAI,KGL,1
CAI,KRT,2
CAI,KWI,5
CAI,LCA,2
CAI,LHR,2
CAI,LOS,1
CAI,LXR,4
CAI,MAD,1
CAI,MAN,1
CAI,MCT,2
CAI,MED,2
CAI,MRA,1
CAI,MST,1
CAI,MUC,2
CAI,MXP,2
CAI,NBO,2
CAI,NDJ,1
CAI,NRT,1
CAI,OTP,1
CAI,PEK,2
CAI,PZU,1
CAI,RIY,1
CAI,RMF,1
CAI,RUH,3
CAI,SAH,2
CAI,SAW,1
CAI,SHJ,2
CAI,SSH,4
CAI,SVO,1
CAI,SXF,1
CAI,TAI,1
CAI,TCP,1
CAI,TIF,4
CAI,TIP,3
CAI,TLV,1
CAI,TUN,2
CAI,TUU,4
CAI,VIE,2
CAI,YNB,5
CAI,YYZ,1
CAI,ZRH,2
CAJ,PZO,1
CAK,ATL,5
CAK,BOS,2
CAK,CLT,2
CAK,DAY,1
CAK,DCA,2
CAK,DEN,1
CAK,DTW,1
CAK,EWR,1
CAK,LGA,3
CAK,MCO,2
CAK,ORD,2
CAK,PHL,2
CAK,TPA,2
CAL,GLA,1
CAN,ACX,1
CAN,ADD,3
CAN,ADL,1
CAN,AEB,1
CAN,AKL,1
CAN,ALA,1
CAN,AMS,2
CAN,ANC,1
CAN,AOG,1
CAN,AQG,1
CAN,AVA,1
CAN,BAV,2
CAN,BFJ,1
CAN,BHY,1
CAN,BKI,2
CAN,BKK,8
CAN,BNE,1
CAN,BOM,1
CAN,CAI,2
CAN,CDG,2
CAN,CEB,1
CAN,CGD,1
CAN,CGK,2
CAN,CGO,5
CAN,CGQ,3
CAN,CHC,1
CAN,CIH,1
CAN,CKG,8
CAN,CMB,2
CAN,CNS,1
CAN,CNX,2
CAN,CSX,1
CAN,CTU,7
CAN,CXR,2
CAN,CZX,4
CAN,DAC,1
CAN,DAD,3
CAN,DAX,2
CAN,DEL,1
CAN,DIG,2
CAN,DLC,2
CAN,DLU,1
CAN,DMK,2
CAN,DOH,1
CAN,DOY,1
CAN,DPS,2
CAN,DXB,2
CAN,DYG,1
CAN,ENY,1
CAN,FCO,1
CAN,FOC,3
CAN,FRA,1
CAN,FRU,1
CAN,FUG,1
CAN,FUK,1
CAN,GYS,2
CAN,HAK,6
CAN,HAN,3
CAN,HDG,1
CAN,HEL,1
CAN,HET,5
CAN,HFE,6
CAN,HGH,12
CAN,HIA,1
CAN,HJJ,1
CAN,HKG,3
CAN,HKT,2
CAN,HND,3
CAN,HRB,3
CAN,HYN,4
CAN,HZH,1
CAN,ICN,3
CAN,IKA,1
CAN,IKT,1
CAN,INC,1
CAN,ISL,1
CAN,IST,2
CAN,JDZ,2
CAN,JED,1
CAN,JFK,1
CAN,JGS,1
CAN,JHG,1
CAN,JIQ,1
CAN,JIU,1
CAN,JJN,4
CAN,JNG,1
CAN,JUH,1
CAN,JZH,2
CAN,KBV,1
CAN,KHH,1
CAN,KHN,5
CAN,KIX,2
CAN,KMG,5
CAN,KOW,1
CAN,KTM,1
CAN,KUL,3
CAN,KWE,5
CAN,KWL,1
CAN,LAX,2
CAN,LFQ,1
CAN,LGK,1
CAN,LHE,1
CAN,LHR,1
CAN,LHW,3
CAN,LJG,4
CAN,LLB,1
CAN,LNL,1
CAN,LPF,1
CAN,LUM,1
CAN,LYA,1
CAN,LYG,1
CAN,LYI,2
CAN,LZH,1
CAN,LZO,2
CAN,LZY,1
CAN,MDL,1
CAN,MEL,1
CAN,MIG,1
CAN,MLE,1
CAN,MNL,3
CAN,MXZ,1
CAN,NAO,1
CAN,NAY,2
CAN,NBO,2
CAN,NGB,6
CAN,NGO,2
CAN,NKG,7
CAN,NNG,3
CAN,NNY,1
CAN,NRT,6
CAN,NTG,2
CAN,PEK,5
CAN,PEN,1
CAN,PER,1
CAN,PKX,3
CAN,PNH,4
CAN,PQC,1
CAN,PUS,2
CAN,PVG,6
CAN,REP,2
CAN,RGN,3
CAN,RIZ,1
CAN,RMQ,2
CAN,RUH,1
CAN,SFO,1
CAN,SGN,2
CAN,SHA,8
CAN,SHE,5
CAN,SIN,4
CAN,SJW,3
CAN,SPN,1
CAN,SQJ,1
CAN,SVO,2
CAN,SWA,1
CAN,SYD,1
CAN,SYX,3
CAN,TAO,6
CAN,TCZ,1
CAN,TEN,2
CAN,TNA,5
CAN,TPE,4
CAN,TSN,8
CAN,TVS,1
CAN,TXN,1
CAN,TYN,3
CAN,URC,5
CAN,VTE,2
CAN,WDS,1
CAN,WEF,1
CAN,WEH,1
CAN,WMT,1
CAN,WNZ,7
CAN,WSK,1
CAN,WUH,5
CAN,WUS,2
CAN,WUX,5
CAN,WXN,2
CAN,XFN,1
CAN,XIC,1
CAN,XIY,6
CAN,XMN,7
CAN,XNN,1
CAN,XUZ,1
CAN,YBP,2
CAN,YCU,2
CAN,YIC,1
CAN,YIH,3
CAN,YIW,1
CAN,YKH,1
CAN,YNT,4
CAN,YNZ,1
CAN,YTE,1
CAN,YTY,2
CAN,YVR,1
CAN,YYZ,1
CAN,ZHA,1
CAN,ZYI,1
CAP,MIA,2
CAP,PAP,1
CAP,PLS,2
CAW,MEA,1
CAW,SDU,2
CAW,VIX,1
CAX,BHD,1
CAX,DUB,1
CAX,SEN,1
CAY,BEL,1
CAY,FDF,2
CAY,ORY,3
CAY,PBM,1
CBB,CIJ,1
CBB,GRU,1
CBB,IQT,1
CBB,LPB,3
CBB,MAD,1
CBB,ORU,1
CBB,POI,1
CBB,SRE,2
CBB,TDD,3
CBB,TJA,2
CBB,VVI,3
CBG,GOT,1
CBG,MAN,1
CBH,ORN,1
CBH,TIN,1
CBO,MNL,3
CBQ,ABV,1
CBQ,LOS,1
CBR,ADL,2
CBR,BNE,3
CBR,MEL,3
CBR,OOL,1
CBR,PER,1
CBR,SIN,1
CBR,SYD,4
CBS,CCS,1
CBT,LAD,1
CBT,VPE,1
CCC,HAV,1
CCC,MZO,1
CCC,VRA,1
CCC,YHZ,2
CCC,YUL,2
CCC,YYZ,2
CCF,BLL,1
CCF,BOH,1
CCF,CRL,1
CCF,DUB,1
CCF,EIN,1
CCF,EMA,1
CCF,LPL,1
CCF,OPO,1
CCF,PIK,1
CCF,STN,1
CCJ,AAN,1
CCJ,AUH,3
CCJ,BAH,1
CCJ,BLR,1
CCJ,BOM,4
CCJ,CJB,1
CCJ,CNN,1
CCJ,COK,2
CCJ,DMM,2
CCJ,DOH,3
CCJ,DXB,5
CCJ,IXE,1
CCJ,JED,3
CCJ,KWI,1
CCJ,MAA,1
CCJ,MCT,2
CCJ,RKT,1
CCJ,RUH,3
CCJ,SHJ,3
CCJ,SLL,1
CCJ,TRV,1
CCK,PER,1
CCK,XCH,1
CCM,FLN,1
CCM,VCP,1
CCP,ANF,2
CCP,CJC,1
CCP,IQQ,2
CCP,LSC,1
CCP,PMC,1
CCP,PUQ,1
CCP,SCL,3
CCP,ZAL,1
CCP,ZCO,1
CCS,ATL,1
CCS,AUA,7
CCS,BLA,5
CCS,BNS,2
CCS,BOG,6
CCS,BRM,5
CCS,CBL,1
CCS,CBS,1
CCS,CDG,1
CCS,CLO,1
CCS,CUM,2
CCS,CUR,3
CCS,CZE,1
CCS,DFW,1
CCS,EZE,3
CCS,FCO,2
CCS,FNC,1
CCS,FRA,1
CCS,GRU,2
CCS,GYE,3
CCS,HAV,3
CCS,IAH,1
CCS,IST,1
CCS,JFK,1
CCS,LFR,3
CCS,LIM,4
CCS,LIS,1
CCS,LSP,3
CCS,MAD,4
CCS,MAO,1
CCS,MAR,6
CCS,MDE,2
CCS,MEX,1
CCS,MGA,1
CCS,MIA,4
CCS,MRD,2
CCS,MUN,4
CCS,OPO,1
CCS,PMV,7
CCS,POS,1
CCS,PTY,4
CCS,PUJ,2
CCS,PYH,1
CCS,PZO,6
CCS,SCL,2
CCS,SDQ,1
CCS,SFD,1
CCS,SJU,1
CCS,SOM,1
CCS,STD,4
CCS,SVZ,1
CCS,TFN,1
CCS,VIG,2
CCS,VLV,2
CCU,AJL,3
CCU,AMD,2
CCU,AUH,1
CCU,BBI,4
CCU,BKK,6
CCU,BLR,5
CCU,BOM,5
CCU,CAN,1
CCU,CGP,2
CCU,CMB,1
CCU,COK,1
CCU,DAC,8
CCU,DEL,6
CCU,DIB,3
CCU,DMU,2
CCU,DOH,1
CCU,DXB,2
CCU,GAU,8
CCU,GAY,3
CCU,GOI,1
CCU,GOP,1
CCU,GWL,1
CCU,HAN,1
CCU,HKG,2
CCU,HYD,4
CCU,IDR,1
CCU,IMF,2
CCU,IXA,6
CCU,IXB,7
CCU,IXC,1
CCU,IXD,1
CCU,IXI,1
CCU,IXR,4
CCU,IXS,5
CCU,IXU,1
CCU,IXZ,7
CCU,JAI,3
CCU,JLR,1
CCU,JRG,2
CCU,JRH,1
CCU,KMG,1
CCU,KTM,1
CCU,KUL,1
CCU,LKO,2
CCU,MAA,4
CCU,NAG,2
CCU,PAT,6
CCU,PBH,1
CCU,PNQ,3
CCU,RGN,2
CCU,RPR,1
CCU,SGN,1
CCU,SHL,3
CCU,SIN,4
CCU,STV,2
CCU,VNS,5
CCU,VTZ,4
CCV,LNB,1
CCV,NUS,1
CCV,ULB,1
CDB,ANC,2
CDB,KFP,1
CDB,KVC,1
CDB,NLG,1
CDB,SDP,1
CDC,SLC,1
CDE,SJW,1
CDG,AAE,1
CDG,ABJ,2
CDG,ABV,3
CDG,ABZ,3
CDG,ACC,1
CDG,ADB,2
CDG,ADD,1
CDG,AGA,1
CDG,AGP,3
CDG,AJA,2
CDG,ALG,5
CDG,AMM,2
CDG,AMS,3
CDG,ARN,3
CDG,ATH,4
CDG,ATL,4
CDG,AUH,2
CDG,BAH,1
CDG,BCN,6
CDG,BEG,2
CDG,BER,1
CDG,BES,2
CDG,BEY,2
CDG,BFS,1
CDG,BGF,1
CDG,BGO,1
CDG,BHX,2
CDG,BIA,2
CDG,BIO,4
CDG,BIQ,2
CDG,BKK,3
CDG,BKO,1
CDG,BLL,2
CDG,BLQ,3
CDG,BLR,1
CDG,BOD,2
CDG,BOG,1
CDG,BOM,2
CDG,BOS,4
CDG,BRE,2
CDG,BRI,2
CDG,BRS,1
CDG,BRU,2
CDG,BSB,1
CDG,BSL,3
CDG,BUD,2
CDG,BVC,1
CDG,BZV,2
CDG,CAG,1
CDG,CAI,3
CDG,CAN,2
CDG,CCS,1
CDG,CFE,2
CDG,CKY,1
CDG,CLT,2
CDG,CLY,1
CDG,CMB,1
CDG,CMN,7
CDG,COO,1
CDG,CPH,5
CDG,CPT,1
CDG,CTA,4
CDG,CTU,1
CDG,CUN,2
CDG,CVG,2
CDG,CZL,1
CDG,DBV,2
CDG,DEL,2
CDG,DEN,1
CDG,DFW,7
CDG,DJE,2
CDG,DKR,2
CDG,DLA,2
CDG,DOH,1
CDG,DSS,1
CDG,DTW,3
CDG,DUB,3
CDG,DUS,4
CDG,DXB,3
CDG,EDI,4
CDG,EMA,1
CDG,ESB,1
CDG,EVN,3
CDG,EWR,4
CDG,EXT,2
CDG,EZE,2
CDG,FAO,1
CDG,FCO,4
CDG,FDF,1
CDG,FIH,1
CDG,FLL,1
CDG,FLR,2
CDG,FNA,1
CDG,FOC,1
CDG,FOR,1
CDG,FRA,2
CDG,FSC,1
CDG,FUE,1
CDG,GIG,1
CDG,GLA,1
CDG,GOA,3
CDG,GOT,3
CDG,GRU,3
CDG,GRX,1
CDG,GVA,2
CDG,GYD,2
CDG,HAJ,2
CDG,HAM,4
CDG,HAN,3
CDG,HAV,1
CDG,HEL,3
CDG,HER,1
CDG,HKG,3
CDG,HND,3
CDG,IAD,5
CDG,IAH,3
CDG,IBZ,2
CDG,ICN,3
CDG,IND,1
CDG,ISB,1
CDG,ISL,1
CDG,IST,3
CDG,JED,2
CDG,JER,1
CDG,JFK,12
CDG,JIB,1
CDG,JNB,2
CDG,KBP,2
CDG,KEF,3
CDG,KIX,1
CDG,KMG,1
CDG,KRK,1
CDG,KTT,1
CDG,KUL,3
CDG,LAD,1
CDG,LAX,5
CDG,LBA,1
CDG,LBV,1
CDG,LCA,2
CDG,LED,3
CDG,LEJ,1
CDG,LFW,1
CDG,LGW,2
CDG,LHE,1
CDG,LHR,3
CDG,LIM,2
CDG,LIN,4
CDG,LIS,3
CDG,LJU,2
CDG,LOS,1
CDG,LPA,2
CDG,LPL,1
CDG,LRT,1
CDG,LTN,1
CDG,LUX,2
CDG,LXR,1
CDG,LYS,5
CDG,MAD,5
CDG,MAN,5
CDG,MCO,1
CDG,MCT,1
CDG,MEX,3
CDG,MIA,9
CDG,MIR,2
CDG,MLA,2
CDG,MLE,1
CDG,MPL,2
CDG,MRS,3
CDG,MRU,2
CDG,MSP,2
CDG,MSQ,1
CDG,MUC,2
CDG,MXP,3
CDG,NAP,3
CDG,NBO,3
CDG,NCE,2
CDG,NCL,3
CDG,NDJ,1
CDG,NIM,3
CDG,NKC,1
CDG,NRT,3
CDG,NSI,2
CDG,NTE,2
CDG,NUE,2
CDG,OLB,1
CDG,OPO,3
CDG,ORD,10
CDG,ORK,2
CDG,ORN,3
CDG,OSL,3
CDG,OSR,1
CDG,OTP,2
CDG,OUA,1
CDG,OVD,2
CDG,PEK,4
CDG,PHL,4
CDG,PIT,2
CDG,PMI,2
CDG,PMO,4
CDG,PNR,2
CDG,POP,1
CDG,PRG,6
CDG,PTP,1
CDG,PTY,1
CDG,PUF,2
CDG,PUJ,4
CDG,PVG,3
CDG,RAI,1
CDG,RAK,2
CDG,RBA,1
CDG,RDU,1
CDG,RHO,1
CDG,RIX,2
CDG,RNS,2
CDG,ROB,2
CDG,RUH,2
CDG,RUN,1
CDG,SAW,1
CDG,SCL,2
CDG,SCQ,2
CDG,SDQ,1
CDG,SEA,3
CDG,SEN,1
CDG,SEZ,1
CDG,SFA,1
CDG,SFO,5
CDG,SGN,3
CDG,SID,1
CDG,SIN,2
CDG,SJO,1
CDG,SKG,1
CDG,SLC,2
CDG,SOF,2
CDG,SPU,1
CDG,SSG,1
CDG,STR,2
CDG,SVG,2
CDG,SVO,2
CDG,SVQ,1
CDG,SVX,1
CDG,SXF,1
CDG,SXM,2
CDG,TAO,1
CDG,TAS,1
CDG,TBS,2
CDG,TFS,1
CDG,TGD,1
CDG,TIV,1
CDG,TLN,1
CDG,TLS,8
CDG,TLV,4
CDG,TNR,2
CDG,TPE,2
CDG,TRN,2
CDG,TUN,3
CDG,TXL,3
CDG,UGC,1
CDG,UIO,1
CDG,VCE,4
CDG,VGO,3
CDG,VIE,6
CDG,VLC,2
CDG,VNO,1
CDG,VRN,2
CDG,VXE,1
CDG,WAW,2
CDG,WRO,2
CDG,WUH,1
CDG,YQB,1
CDG,YUL,6
CDG,YVR,1
CDG,YYC,1
CDG,YYZ,6
CDG,ZAG,2
CDG,ZRH,2
CDJ,CMP,1
CDP,VGA,1
CDR,DEN,3
CDV,ANC,2
CDV,SEA,1
CDV,YAK,1
CEB,BCD,3
CEB,BKK,1
CEB,BXU,3
CEB,CAN,1
CEB,CGM,3
CEB,CGY,4
CEB,CRK,4
CEB,CTU,1
CEB,CYP,1
CEB,DGT,2
CEB,DOH,1
CEB,DPL,2
CEB,DVO,5
CEB,GES,2
CEB,HKG,3
CEB,IAO,3
CEB,ICN,8
CEB,ILO,3
CEB,JJN,1
CEB,KIX,1
CEB,KLO,2
CEB,KUL,1
CEB,LGP,2
CEB,MFM,2
CEB,MNL,6
CEB,MPH,3
CEB,NGO,1
CEB,NRT,2
CEB,OZC,3
CEB,PAG,2
CEB,POM,1
CEB,PPS,3
CEB,PUS,5
CEB,PVG,2
CEB,SIN,5
CEB,SUG,2
CEB,SZX,1
CEB,TAC,3
CEB,TDG,1
CEB,TPE,3
CEB,USU,2
CEB,XMN,1
CEB,ZAM,2
CEC,ACV,1
CEC,SFO,1
CED,ADL,1
CEE,DME,1
CEE,HEL,1
CEE,KGD,1
CEE,LED,1
CEE,MMK,1
CEE,MRV,1
CEE,ROV,1
CEE,SVO,1
CEE,VKO,1
CEE,VUS,1
CEG,BRS,1
CEG,TLS,1
CEI,BKK,9
CEI,CSX,1
CEI,DMK,2
CEI,HDY,1
CEI,HGH,1
CEI,HKT,2
CEI,KMG,1
CEI,SIN,1
CEI,SZX,1
CEK,AER,2
CEK,DME,2
CEK,DWC,1
CEK,DYU,2
CEK,EVN,1
CEK,FRU,1
CEK,KJA,1
CEK,KUF,1
CEK,KZN,1
CEK,LBD,2
CEK,LED,3
CEK,NJC,2
CEK,NMA,1
CEK,NUX,2
CEK,OSS,2
CEK,OVB,4
CEK,PRG,2
CEK,RGK,1
CEK,ROV,1
CEK,SGC,1
CEK,SVO,1
CEK,TAS,1
CEK,VKO,1
CEM,IRC,1
CEN,CUA,1
CEN,GDL,1
CEN,HMO,1
CEN,MEX,2
CEN,TIJ,1
CEZ,DEN,1
CFB,PLU,1
CFB,SDU,1
CFB,VCP,2
CFC,CWB,1
CFC,JCB,1
CFE,AMS,3
CFE,BIA,1
CFE,CDG,2
CFE,FSC,1
CFE,LYS,1
CFE,NCE,1
CFE,OPO,1
CFE,ORY,1
CFK,CDG,1
CFK,MRS,1
CFN,DUB,2
CFN,GLA,1
CFR,AJA,1
CFR,CLY,1
CFR,FSC,1
CFR,LYS,2
CFR,MRS,2
CFR,NCE,1
CFR,ORY,1
CFS,MEL,1
CFS,SYD,3
CFU,AMS,1
CFU,ATH,2
CFU,BLL,1
CFU,BRE,1
CFU,BRS,2
CFU,BRU,1
CFU,CGN,3
CFU,CIA,1
CFU,CRL,1
CFU,DME,1
CFU,DRS,2
CFU,DUB,1
CFU,DUS,4
CFU,EDI,1
CFU,EFL,1
CFU,EIN,1
CFU,EMA,1
CFU,FMO,1
CFU,FRA,3
CFU,GVA,1
CFU,HAJ,2
CFU,HAM,3
CFU,LBA,1
CFU,LEJ,1
CFU,LGW,2
CFU,LIL,1
CFU,LTN,1
CFU,LUX,1
CFU,LUZ,1
CFU,MAN,3
CFU,MUC,5
CFU,NRN,1
CFU,PIK,1
CFU,PRG,1
CFU,PVK,1
CFU,RYG,1
CFU,SKG,1
CFU,STN,1
CFU,STR,4
CFU,SZZ,1
CFU,TXL,1
CFU,VIE,3
CFU,ZRH,1
CGA,HYL,1
CGA,KLW,2
CGA,KTN,2
CGB,AFL,1
CGB,BPG,1
CGB,BSB,5
CGB,BVH,1
CGB,CGH,3
CGB,CGR,3
CGB,CNF,1
CGB,GIG,1
CGB,GRU,5
CGB,GYN,3
CGB,JPR,2
CGB,LDB,1
CGB,MGF,1
CGB,OAL,1
CGB,OPS,2
CGB,PVH,3
CGB,REC,1
CGB,ROO,1
CGB,SJP,1
CGB,SMT,1
CGB,VCP,1
CGD,CAN,1
CGD,CTU,1
CGD,HAK,1
CGD,HGH,1
CGD,KMG,1
CGD,KWE,1
CGD,PEK,1
CGD,PKX,1
CGD,SHA,1
CGD,SZX,1
CGD,TAO,1
CGD,TNA,1
CGD,WNZ,1
CGD,XIY,1
CGD,XMN,1
CGD,ZUH,1
CGH,AJU,1
CGH,BPS,3
CGH,BSB,4
CGH,CGB,3
CGH,CGR,3
CGH,CLV,2
CGH,CNF,3
CGH,CWB,3
CGH,CXJ,1
CGH,FLN,4
CGH,FOR,2
CGH,GIG,3
CGH,GYN,3
CGH,IGU,3
CGH,IOS,3
CGH,IZA,1
CGH,JJG,2
CGH,JOI,3
CGH,JPA,1
CGH,JTC,1
CGH,LDB,3
CGH,MCZ,3
CGH,MGF,1
CGH,NVT,3
CGH,PMW,1
CGH,POA,3
CGH,PPB,1
CGH,RAO,2
CGH,REC,2
CGH,SDU,5
CGH,SJP,2
CGH,SSA,4
CGH,UDI,3
CGH,UNA,1
CGH,VIX,3
CGI,ORD,1
CGI,PAH,1
CGI,STL,1
CGK,AAP,3
CGK,ADD,1
CGK,AMQ,3
CGK,AMS,2
CGK,AUH,3
CGK,BDJ,5
CGK,BKI,1
CGK,BKK,3
CGK,BKS,4
CGK,BPN,5
CGK,BTH,5
CGK,BTJ,3
CGK,BUU,1
CGK,BWN,2
CGK,BWX,3
CGK,CAI,1
CGK,CAN,2
CGK,CMB,2
CGK,DJB,5
CGK,DJJ,3
CGK,DMK,1
CGK,DOH,1
CGK,DPS,7
CGK,DTB,4
CGK,DXB,2
CGK,FLZ,1
CGK,FOC,2
CGK,GNS,1
CGK,GTO,1
CGK,HAK,1
CGK,HAN,1
CGK,HKG,4
CGK,HKT,1
CGK,HND,2
CGK,ICN,3
CGK,IST,1
CGK,JED,4
CGK,JHB,1
CGK,JOG,7
CGK,KDI,3
CGK,KIX,2
CGK,KMG,1
CGK,KNO,5
CGK,KOE,2
CGK,KTG,1
CGK,KUL,12
CGK,LBJ,3
CGK,LLJ,1
CGK,LOP,3
CGK,LUW,1
CGK,MDC,5
CGK,MED,2
CGK,MEL,1
CGK,MKW,1
CGK,MLG,4
CGK,MNL,3
CGK,NGO,1
CGK,NNG,1
CGK,NRT,3
CGK,PDG,5
CGK,PEK,2
CGK,PEN,5
CGK,PER,2
CGK,PGK,5
CGK,PKN,2
CGK,PKU,6
CGK,PKY,2
CGK,PLM,6
CGK,PLW,3
CGK,PNH,1
CGK,PNK,4
CGK,PVG,2
CGK,RUH,1
CGK,SGN,1
CGK,SIN,12
CGK,SMQ,1
CGK,SOC,4
CGK,SOQ,3
CGK,SRG,6
CGK,SRI,2
CGK,SUB,6
CGK,SYD,3
CGK,SZX,1
CGK,TJQ,5
CGK,TKG,5
CGK,TNJ,3
CGK,TPE,4
CGK,TRK,1
CGK,TTE,3
CGK,UPG,5
CGK,XMN,3
CGK,YIA,2
CGM,CEB,1
CGN,ACE,2
CGN,ADB,1
CGN,AGP,3
CGN,ALC,1
CGN,ALG,1
CGN,AMS,2
CGN,ARN,2
CGN,ATH,2
CGN,AYT,6
CGN,BCN,3
CGN,BER,1
CGN,BHX,1
CGN,BIA,2
CGN,BLQ,2
CGN,BOD,1
CGN,BRI,2
CGN,BRN,1
CGN,BUD,2
CGN,BVC,1
CGN,CAG,2
CGN,CFU,3
CGN,CLY,3
CGN,CPH,1
CGN,CTA,2
CGN,DBV,2
CGN,DME,1
CGN,DRS,2
CGN,DUB,2
CGN,EDI,2
CGN,ESB,1
CGN,FAO,3
CGN,FCO,2
CGN,FDH,1
CGN,FNC,2
CGN,FUE,3
CGN,GDN,1
CGN,GRO,1
CGN,HAM,2
CGN,HDF,1
CGN,HER,3
CGN,HRG,2
CGN,IBZ,3
CGN,IEV,1
CGN,IKA,1
CGN,IST,1
CGN,JMK,2
CGN,JTR,2
CGN,KGS,4
CGN,KLU,3
CGN,KTW,1
CGN,KVA,2
CGN,LCA,1
CGN,LEJ,2
CGN,LGW,2
CGN,LHR,2
CGN,LIN,1
CGN,LIS,3
CGN,LPA,5
CGN,MAH,2
CGN,MAN,3
CGN,MUC,4
CGN,MXP,2
CGN,NAP,2
CGN,NBE,1
CGN,NCE,2
CGN,NDR,3
CGN,OLB,4
CGN,OSL,1
CGN,PMI,6
CGN,PMO,3
CGN,PRG,2
CGN,PRN,1
CGN,PSA,2
CGN,PUY,2
CGN,RAK,1
CGN,RHO,3
CGN,RIX,1
CGN,RJK,2
CGN,RLG,1
CGN,SAW,3
CGN,SID,1
CGN,SJJ,2
CGN,SKG,2
CGN,SKP,1
CGN,SOF,1
CGN,SPU,2
CGN,STN,2
CGN,SUF,2
CGN,SXF,1
CGN,SZG,3
CGN,TFS,5
CGN,TIA,1
CGN,TLV,1
CGN,TUN,2
CGN,TXL,5
CGN,VCE,2
CGN,VIE,4
CGN,VKO,1
CGN,VNO,1
CGN,VRN,2
CGN,WAW,1
CGN,XRY,1
CGN,ZAD,2
CGN,ZAG,2
CGN,ZRH,3
CGO,AAT,1
CGO,AKU,3
CGO,BAR,1
CGO,BAV,3
CGO,BHY,2
CGO,BKK,3
CGO,BPE,1
CGO,BSD,1
CGO,CAN,5
CGO,CDG,1
CGO,CGD,1
CGO,CGQ,5
CGO,CIF,1
CGO,CJU,1
CGO,CKG,8
CGO,CTU,6
CGO,CXR,1
CGO,DAD,1
CGO,DAT,1
CGO,DLC,10
CGO,DLU,1
CGO,DOY,1
CGO,DPS,1
CGO,DSN,3
CGO,DYG,1
CGO,ENH,1
CGO,FOC,6
CGO,GOQ,1
CGO,HAK,7
CGO,HEK,1
CGO,HET,8
CGO,HFE,1
CGO,HGH,10
CGO,HIA,1
CGO,HKG,3
CGO,HKT,2
CGO,HMI,1
CGO,HRB,8
CGO,HTN,1
CGO,HUZ,2
CGO,HYN,1
CGO,ICN,2
CGO,INC,7
CGO,JJN,4
CGO,KHH,2
CGO,KHN,2
CGO,KIX,1
CGO,KMG,8
CGO,KOW,1
CGO,KRL,4
CGO,KRY,3
CGO,KWE,8
CGO,KWL,8
CGO,LHR,1
CGO,LHW,7
CGO,LJG,3
CGO,LPF,1
CGO,LXA,1
CGO,LZO,1
CGO,MDL,1
CGO,MFM,2
CGO,MIG,3
CGO,NGB,3
CGO,NKG,1
CGO,NNG,8
CGO,NNY,1
CGO,NRT,1
CGO,NTG,1
CGO,PEK,3
CGO,PVG,4
CGO,RLK,1
CGO,RMQ,1
CGO,RQA,1
CGO,SHA,3
CGO,SHE,6
CGO,SHF,1
CGO,SIN,1
CGO,SWA,5
CGO,SYD,1
CGO,SYX,8
CGO,SZX,6
CGO,TAO,6
CGO,TCZ,2
CGO,TLQ,2
CGO,TNA,2
CGO,TPE,3
CGO,TSN,5
CGO,UCB,1
CGO,URC,10
CGO,UYN,1
CGO,WGN,1
CGO,WMT,1
CGO,WNZ,7
CGO,WUT,1
CGO,XMN,5
CGO,XNN,8
CGO,YIW,1
CGO,YNJ,1
CGO,YNT,3
CGO,YTY,1
CGO,ZHA,2
CGO,ZUH,4
CGO,ZYI,1
CGP,AUH,1
CGP,BKK,1
CGP,CCU,4
CGP,DAC,4
CGP,DOH,3
CGP,DWC,1
CGP,DXB,1
CGP,HAN,1
CGP,JED,1
CGP,KUL,1
CGP,MAA,1
CGP,MCT,4
CGP,SHJ,1
CGQ,CAN,3
CGQ,CGO,5
CGQ,CIF,1
CGQ,CJU,1
CGQ,CKG,2
CGQ,CSX,2
CGQ,CTU,3
CGQ,DOY,1
CGQ,DSN,1
CGQ,FOC,1
CGQ,HAK,1
CGQ,HET,2
CGQ,HFE,3
CGQ,HGH,3
CGQ,HIA,1
CGQ,ICN,2
CGQ,INC,2
CGQ,JNG,1
CGQ,KHN,3
CGQ,LYG,1
CGQ,LYI,2
CGQ,NBS,1
CGQ,NGB,2
CGQ,NGO,1
CGQ,NKG,6
CGQ,NNG,1
CGQ,NRT,1
CGQ,PEK,5
CGQ,PKX,3
CGQ,PVG,6
CGQ,RIZ,1
CGQ,SHE,1
CGQ,SJW,3
CGQ,SYX,1
CGQ,SZX,3
CGQ,TAO,5
CGQ,TNA,8
CGQ,TPE,1
CGQ,TSN,5
CGQ,TYN,4
CGQ,WEH,4
CGQ,WNZ,3
CGQ,WUH,3
CGQ,XIY,2
CGQ,XMN,1
CGQ,XUZ,1
CGQ,YIW,1
CGQ,YNJ,1
CGQ,YNT,5
CGQ,YNZ,2
CGQ,YTY,2
CGR,BSB,4
CGR,CGB,3
CGR,CGH,3
CGR,CMG,1
CGR,CWB,1
CGR,DOU,1
CGR,GIG,1
CGR,GRU,4
CGR,MGF,1
CGR,VCP,1
CGY,BCD,1
CGY,CEB,1
CGY,DGT,1
CGY,DVO,1
CGY,ILO,2
CGY,MNL,3
CGY,TAG,1
CHA,ATL,5
CHA,CLT,2
CHA,DCA,2
CHA,DFW,2
CHA,DTW,1
CHA,IAD,1
CHA,LGA,1
CHA,MSP,1
CHA,ORD,3
CHA,PHL,1
CHA,PIE,1
CHA,SFB,1
CHC,AKL,2
CHC,BHE,1
CHC,BNE,3
CHC,CAN,1
CHC,DUD,1
CHC,HKG,1
CHC,HKK,1
CHC,HLZ,1
CHC,IVC,1
CHC,MEL,4
CHC,NPE,1
CHC,NPL,1
CHC,NSN,1
CHC,OOL,3
CHC,PER,1
CHC,PMR,1
CHC,PPQ,1
CHC,ROT,1
CHC,SIN,2
CHC,SYD,7
CHC,TRG,1
CHC,WLG,3
CHC,ZQN,2
CHG,DLC,1
CHG,PEK,2
CHG,YNT,1
CHO,ATL,3
CHO,CLT,2
CHO,IAD,1
CHO,LGA,3
CHO,ORD,3
CHO,PHL,2
CHQ,AMS,1
CHQ,ARN,2
CHQ,ATH,3
CHQ,BGO,1
CHQ,BGY,1
CHQ,BLL,1
CHQ,BOH,1
CHQ,BRE,1
CHQ,BRS,1
CHQ,BRU,1
CHQ,CIA,1
CHQ,CPH,2
CHQ,CRL,1
CHQ,DUB,1
CHQ,DUS,2
CHQ,EIN,1
CHQ,EMA,1
CHQ,FMM,1
CHQ,FRA,1
CHQ,GOT,1
CHQ,HAJ,1
CHQ,HAM,1
CHQ,HEL,1
CHQ,HHN,1
CHQ,KTW,1
CHQ,LBA,1
CHQ,LGW,1
CHQ,MRS,1
CHQ,MUC,2
CHQ,NRN,1
CHQ,NYO,1
CHQ,OSL,2
CHQ,PFO,1
CHQ,PRG,1
CHQ,RYG,1
CHQ,SKG,3
CHQ,STN,1
CHQ,STR,1
CHQ,TSF,1
CHQ,VIE,3
CHQ,VNO,1
CHQ,WMI,1
CHQ,WRO,1
CHQ,ZRH,1
CHQ,ZTH,1
CHS,ATL,6
CHS,BNA,1
CHS,BOS,2
CHS,BWI,2
CHS,CLE,1
CHS,CLT,2
CHS,DCA,2
CHS,DFW,2
CHS,DTW,1
CHS,EWR,1
CHS,GSO,1
CHS,GSP,1
CHS,HHH,1
CHS,HOU,1
CHS,IAD,1
CHS,IAH,1
CHS,JFK,2
CHS,LGA,2
CHS,MDW,2
CHS,MIA,2
CHS,ORD,2
CHS,PHL,2
CHS,SCL,1
CHS,SEA,1
CHS,TPA,1
CHS,WAW,1
CHT,CHC,1
CHT,WLG,1
CHU,CKD,1
CHX,BOC,1
CHY,GZO,1
CIA,AGP,1
CIA,AHO,1
CIA,ATH,1
CIA,BCN,1
CIA,BDS,1
CIA,BLL,1
CIA,BOD,1
CIA,BRI,1
CIA,BTS,1
CIA,BUD,1
CIA,BVA,1
CIA,CAG,1
CIA,CFU,1
CIA,CGN,1
CIA,CHQ,1
CIA,CIY,1
CIA,CLJ,1
CIA,CPH,1
CIA,CRL,1
CIA,DUB,1
CIA,EDI,1
CIA,EIN,1
CIA,EMA,1
CIA,FKB,1
CIA,FMM,1
CIA,GSE,1
CIA,HHN,1
CIA,IBZ,1
CIA,KIV,1
CIA,KRK,1
CIA,KTW,1
CIA,MAD,1
CIA,MAN,1
CIA,MRS,1
CIA,NRN,1
CIA,NUE,1
CIA,NYO,1
CIA,OPO,1
CIA,OTP,2
CIA,PIK,1
CIA,PMI,1
CIA,POZ,1
CIA,PRG,1
CIA,RAK,1
CIA,RBA,1
CIA,RYG,1
CIA,SDR,1
CIA,SKG,1
CIA,SOF,1
CIA,STN,1
CIA,SVQ,1
CIA,SXF,1
CIA,TPS,1
CIA,TSR,1
CIA,VLC,1
CIA,VNO,1
CIA,WMI,1
CIA,WRO,1
CIC,SFO,1
CID,ATL,3
CID,AZA,1
CID,CLT,1
CID,DEN,2
CID,DFW,2
CID,DTW,1
CID,LAS,1
CID,MSP,1
CID,ORD,3
CID,PGD,1
CID,PHX,1
CID,PIE,1
CID,SFB,1
CIF,BAV,1
CIF,CGQ,1
CIF,DLC,1
CIF,HET,3
CIF,HLD,1
CIF,HRB,1
CIF,NAY,2
CIF,NKG,1
CIF,PEK,2
CIF,PKX,1
CIF,SHE,1
CIF,SJW,1
CIF,TSN,2
CIH,CAN,1
CIH,CSX,1
CIH,CTU,2
CIH,DAT,1
CIH,HAK,2
CIH,KHN,1
CIH,KWE,1
CIH,NAY,2
CIH,NKG,1
CIH,PEK,3
CIH,PKX,1
CIH,PVG,1
CIH,SHA,1
CIH,SHE,1
CIH,SZX,1
CIH,TSN,1
CIH,TYN,5
CIH,WUH,2
CIH,XMN,2
CIJ,CBB,1
CIJ,TDD,1
CIK,FAI,1
CIK,FYU,1
CIP,LUN,1
CIT,ALA,2
CIT,DME,1
CIT,IST,1
CIT,LED,1
CIT,OVB,1
CIT,PPK,1
CIT,SCO,1
CIT,SHJ,1
CIT,SVO,1
CIT,TSE,2
CIT,VKO,2
CIU,DTW,1
CIU,MSP,1
CIX,LIM,1
CIX,PTY,1
CIY,CIA,1
CIY,CRL,1
CIY,DUB,1
CIY,FCO,2
CIY,HHN,1
CIY,KUN,1
CIY,LIN,1
CIY,MXP,1
CIY,PSA,1
CIY,STN,1
CIZ,MAO,1
CJA,LIM,2
CJB,BLR,2
CJB,BOM,5
CJB,CCJ,1
CJB,CMB,1
CJB,DEL,3
CJB,HYD,1
CJB,IXM,1
CJB,MAA,6
CJB,SHJ,1
CJB,SIN,4
CJC,ANF,2
CJC,ARI,1
CJC,CCP,1
CJC,CPO,1
CJC,LIM,1
CJC,LSC,2
CJC,SCL,2
CJF,PER,1
CJJ,CJU,5
CJJ,HGH,2
CJJ,KIX,1
CJJ,PEK,2
CJJ,SHE,1
CJJ,TPE,1
CJJ,WEH,1
CJJ,YNJ,1
CJL,ISB,1
CJL,PEW,1
CJM,DMK,1
CJS,CUU,1
CJS,GDL,2
CJS,HMO,1
CJS,MEX,3
CJS,MTY,3
CJS,TIJ,2
CJU,CGO,1
CJU,CGQ,1
CJU,CJJ,5
CJU,CSX,2
CJU,DLC,1
CJU,FOC,1
CJU,FUK,3
CJU,GMP,8
CJU,HIN,2
CJU,HKG,4
CJU,HRB,1
CJU,ICN,2
CJU,KIX,3
CJU,KPO,2
CJU,KUV,2
CJU,KWJ,5
CJU,MWX,2
CJU,MYJ,1
CJU,NGB,1
CJU,NGO,2
CJU,NKG,1
CJU,NRT,3
CJU,PEK,2
CJU,PUS,6
CJU,PVG,4
CJU,RSU,2
CJU,SHE,1
CJU,SZX,1
CJU,TAE,5
CJU,TPE,3
CJU,TSN,2
CJU,USN,2
CJU,WJU,1
CJU,WNZ,1
CJU,XIY,1
CJU,XMN,1
CKB,ALB,1
CKB,CLT,1
CKB,DAY,1
CKB,IAD,1
CKB,MGW,1
CKB,ORD,2
CKB,SFB,1
CKD,CHU,1
CKD,RDV,1
CKD,SLQ,1
CKG,ACX,1
CKG,AEB,2
CKG,AKL,1
CKG,AKU,2
CKG,AMS,2
CKG,AQG,1
CKG,AVA,1
CKG,BAV,1
CKG,BFJ,1
CKG,BHY,2
CKG,BKK,3
CKG,BPX,1
CKG,BSD,1
CKG,CAN,9
CKG,CEB,1
CKG,CGO,7
CKG,CGQ,2
CKG,CIH,1
CKG,CJU,1
CKG,CNX,1
CKG,CSX,8
CKG,CTU,2
CKG,CXR,2
CKG,CZX,2
CKG,DAD,1
CKG,DAT,2
CKG,DCY,2
CKG,DEL,1
CKG,DIG,1
CKG,DLC,2
CKG,DLU,2
CKG,DMK,1
CKG,DOH,1
CKG,DOY,2
CKG,DSN,2
CKG,DXB,1
CKG,DYG,2
CKG,ENY,1
CKG,FCO,1
CKG,FOC,5
CKG,FRA,1
CKG,FUG,1
CKG,GYU,1
CKG,HAK,8
CKG,HAN,1
CKG,HDG,1
CKG,HEL,1
CKG,HET,3
CKG,HFE,3
CKG,HGH,8
CKG,HIA,2
CKG,HKG,5
CKG,HKT,3
CKG,HNY,1
CKG,HRB,2
CKG,HTN,1
CKG,HUZ,1
CKG,HYN,3
CKG,ICN,2
CKG,IKT,1
CKG,INC,5
CKG,JFK,1
CKG,JGS,2
CKG,JHG,3
CKG,JIQ,2
CKG,JJN,2
CKG,JNG,1
CKG,JUZ,1
CKG,JZH,3
CKG,KHH,1
CKG,KHN,7
CKG,KIX,1
CKG,KMG,10
CKG,KOS,1
CKG,KOW,2
CKG,KRL,1
CKG,KWE,6
CKG,KWL,7
CKG,LAX,1
CKG,LHR,1
CKG,LHW,5
CKG,LJG,8
CKG,LLF,1
CKG,LLV,1
CKG,LNL,1
CKG,LPF,1
CKG,LXA,9
CKG,LYA,1
CKG,LYG,1
CKG,LYI,1
CKG,LZH,1
CKG,LZY,2
CKG,MEL,1
CKG,MFM,2
CKG,MXZ,1
CKG,NAY,2
CKG,NGB,5
CKG,NKG,7
CKG,NNG,5
CKG,NNY,1
CKG,NTG,2
CKG,PEK,9
CKG,PKX,1
CKG,PNH,1
CKG,PVG,13
CKG,PZI,1
CKG,REP,1
CKG,RGN,1
CKG,RIZ,1
CKG,RKZ,1
CKG,SGN,1
CKG,SHA,9
CKG,SHE,1
CKG,SIN,3
CKG,SJW,5
CKG,SQJ,1
CKG,SVO,1
CKG,SWA,3
CKG,SYD,1
CKG,SYM,1
CKG,SYX,8
CKG,SZX,9
CKG,TAO,5
CKG,TCZ,2
CKG,TEN,1
CKG,THQ,1
CKG,TNA,5
CKG,TPE,4
CKG,TSA,4
CKG,TSN,8
CKG,TVS,1
CKG,TXN,2
CKG,TYN,4
CKG,URC,7
CKG,WDS,1
CKG,WGN,1
CKG,WNH,1
CKG,WNZ,8
CKG,WSK,1
CKG,WUH,8
CKG,WUS,2
CKG,WUX,4
CKG,XAI,1
CKG,XFN,1
CKG,XIC,2
CKG,XIY,10
CKG,XMN,9
CKG,XNN,8
CKG,XUZ,1
CKG,YCU,2
CKG,YIH,3
CKG,YIW,2
CKG,YNT,2
CKG,YNZ,1
CKG,YTY,4
CKG,ZAT,1
CKG,ZHA,3
CKG,ZHY,1
CKG,ZUH,6
CKH,YKS,2
CKS,BEL,2
CKS,CNF,2
CKS,MAB,2
CKW,PER,1
CKX,TKJ,1
CKY,ABJ,2
CKY,BJL,1
CKY,BKO,3
CKY,CDG,1
CKY,CMN,1
CKY,DKR,8
CKY,DSS,1
CKY,FNA,1
CKY,LFW,1
CKY,LIS,1
CKY,NKC,1
CKY,OUA,1
CKY,OXB,2
CKZ,ESB,1
CKZ,IST,1
CLD,LAX,1
CLE,ALB,1
CLE,ATL,6
CLE,AUS,1
CLE,BDL,1
CLE,BFD,1
CLE,BNA,2
CLE,BOS,2
CLE,BUF,1
CLE,BWI,2
CLE,CHS,1
CLE,CLT,3
CLE,CMH,1
CLE,CUN,2
CLE,DAY,1
CLE,DCA,2
CLE,DEN,3
CLE,DFW,3
CLE,DTW,1
CLE,DUJ,1
CLE,ERI,1
CLE,EWR,1
CLE,FKL,1
CLE,FLL,1
CLE,FNT,1
CLE,GRR,1
CLE,GSP,1
CLE,IAD,1
CLE,IAH,1
CLE,IND,1
CLE,JFK,3
CLE,JHW,1
CLE,LAS,2
CLE,LAX,1
CLE,LGA,3
CLE,MCI,1
CLE,MCO,1
CLE,MDW,2
CLE,MIA,2
CLE,MKE,1
CLE,MSP,2
CLE,MSY,1
CLE,ORD,3
CLE,PBI,1
CLE,PHL,2
CLE,PHX,2
CLE,PKB,1
CLE,PUJ,1
CLE,RDU,1
CLE,RIC,1
CLE,ROC,1
CLE,RSW,1
CLE,SDF,1
CLE,SFO,1
CLE,SLC,1
CLE,SRQ,1
CLE,STL,1
CLE,SYR,1
CLE,TPA,2
CLE,TTN,1
CLE,YYZ,2
CLJ,BCN,1
CLJ,BGY,1
CLJ,BHX,1
CLJ,BLL,1
CLJ,BLQ,1
CLJ,BRI,1
CLJ,BSL,1
CLJ,BVA,1
CLJ,CGN,1
CLJ,CIA,1
CLJ,CRL,1
CLJ,DSA,1
CLJ,DTM,1
CLJ,DUB,1
CLJ,DWC,1
CLJ,EIN,1
CLJ,FMM,1
CLJ,FRA,1
CLJ,HHN,1
CLJ,IAS,1
CLJ,IST,1
CLJ,LCA,1
CLJ,LGW,1
CLJ,LPL,1
CLJ,LTN,1
CLJ,LYS,1
CLJ,MAD,1
CLJ,MLA,1
CLJ,MMX,1
CLJ,MUC,1
CLJ,NUE,1
CLJ,OTP,2
CLJ,PRG,2
CLJ,SXF,1
CLJ,TLV,2
CLJ,TSF,1
CLJ,VIE,3
CLJ,VLC,1
CLJ,WAW,1
CLJ,ZAZ,1
CLL,DFW,2
CLL,IAH,1
CLM,BFI,1
CLO,ADZ,3
CLO,BAQ,1
CLO,BOG,6
CLO,CTG,2
CLO,ESM,1
CLO,FLA,1
CLO,GPI,2
CLO,GYE,2
CLO,IBE,1
CLO,IPI,1
CLO,LIM,2
CLO,MAD,1
CLO,MDE,1
CLO,MIA,5
CLO,NVA,1
CLO,PSO,1
CLO,PTX,1
CLO,PTY,1
CLO,PUU,2
CLO,SAL,1
CLO,SMR,1
CLO,TCO,2
CLO,UIB,2
CLO,UIO,1
CLQ,MEX,2
CLQ,TIJ,1
CLT,ABE,2
CLT,AGS,2
CLT,ALB,2
CLT,ANU,2
CLT,ATL,8
CLT,AUA,2
CLT,AUS,2
CLT,AVL,2
CLT,AVP,2
CLT,BDL,2
CLT,BGI,1
CLT,BHM,2
CLT,BNA,2
CLT,BOS,3
CLT,BTR,2
CLT,BTV,1
CLT,BUF,2
CLT,BWI,4
CLT,BZE,2
CLT,CAE,2
CLT,CAK,2
CLT,CDG,2
CLT,CHA,2
CLT,CHO,2
CLT,CHS,2
CLT,CID,1
CLT,CKB,1
CLT,CLE,3
CLT,CMH,2
CLT,CMI,1
CLT,CRW,2
CLT,CUN,2
CLT,CUR,2
CLT,CVG,3
CLT,CZM,2
CLT,DAB,2
CLT,DAY,3
CLT,DCA,2
CLT,DEN,3
CLT,DFW,2
CLT,DSM,2
CLT,DTW,3
CLT,DUB,2
CLT,ECP,1
CLT,ELH,1
CLT,ERI,1
CLT,EVV,1
CLT,EWN,2
CLT,EWR,3
CLT,EYW,1
CLT,FAY,2
CLT,FCO,2
CLT,FLL,2
CLT,FLO,2
CLT,FNT,1
CLT,FPO,2
CLT,FRA,2
CLT,FWA,1
CLT,GCM,2
CLT,GDL,1
CLT,GGT,1
CLT,GIG,1
CLT,GND,1
CLT,GNV,2
CLT,GPT,2
CLT,GRR,1
CLT,GRU,2
CLT,GSO,2
CLT,GSP,2
CLT,HHH,2
CLT,HOU,1
CLT,HPN,2
CLT,HSV,2
CLT,HTS,2
CLT,HVN,1
CLT,IAD,3
CLT,IAH,3
CLT,ILM,2
CLT,IND,2
CLT,ITH,1
CLT,JAN,2
CLT,JAX,2
CLT,JFK,4
CLT,LAS,2
CLT,LAX,2
CLT,LEX,2
CLT,LGA,3
CLT,LHR,2
CLT,LIR,2
CLT,LIT,2
CLT,LUK,1
CLT,LYH,2
CLT,MBJ,2
CLT,MCI,2
CLT,MCO,4
CLT,MDT,2
CLT,MDW,2
CLT,MEM,2
CLT,MEX,2
CLT,MGM,2
CLT,MHT,2
CLT,MIA,2
CLT,MKE,2
CLT,MLB,2
CLT,MOB,2
CLT,MSN,1
CLT,MSP,3
CLT,MSY,2
CLT,MUC,2
CLT,MYR,2
CLT,NAS,2
CLT,OAJ,2
CLT,OKC,2
CLT,OMA,2
CLT,ORD,3
CLT,ORF,2
CLT,PBI,2
CLT,PDX,2
CLT,PGV,2
CLT,PHF,2
CLT,PHL,2
CLT,PHX,2
CLT,PIA,1
CLT,PIT,2
CLT,PLS,2
CLT,PNS,2
CLT,POP,1
CLT,PUJ,2
CLT,PVD,2
CLT,PWM,2
CLT,RDU,2
CLT,RIC,2
CLT,ROA,2
CLT,ROC,2
CLT,RSW,2
CLT,SAL,1
CLT,SAN,2
CLT,SAT,2
CLT,SAV,2
CLT,SBN,1
CLT,SBY,2
CLT,SDF,2
CLT,SDQ,1
CLT,SEA,2
CLT,SFO,2
CLT,SGF,1
CLT,SHV,1
CLT,SJD,2
CLT,SJO,3
CLT,SJU,2
CLT,SKB,1
CLT,SLC,3
CLT,SMF,2
CLT,SRQ,2
CLT,STL,2
CLT,STT,2
CLT,STX,1
CLT,SXM,2
CLT,SYR,2
CLT,TLH,2
CLT,TOL,1
CLT,TPA,2
CLT,TRI,2
CLT,TTN,1
CLT,TUL,1
CLT,TYS,2
CLT,UVF,2
CLT,VPS,2
CLT,XNA,2
CLT,YOW,2
CLT,YUL,2
CLT,YYZ,3
CLV,CGH,2
CLV,GRU,1
CLV,VCP,1
CLY,BOD,2
CLY,CDG,1
CLY,CFR,1
CLY,CGN,3
CLY,DUS,1
CLY,ETZ,1
CLY,FMM,2
CLY,LIL,1
CLY,LUX,1
CLY,LYS,1
CLY,MRS,3
CLY,NCE,3
CLY,NTE,2
CLY,ORY,2
CLY,RNS,1
CLY,SXB,1
CLY,SZG,2
CLY,TLS,1
CMA,SGO,2
CMA,XTG,2
CMB,AUH,5
CMB,BAH,2
CMB,BKK,4
CMB,BLR,2
CMB,BOM,4
CMB,BTC,1
CMB,CAN,2
CMB,CCU,1
CMB,CDG,1
CMB,CGK,2
CMB,CJB,1
CMB,COK,2
CMB,CTU,1
CMB,DAC,2
CMB,DEL,3
CMB,DME,1
CMB,DMM,3
CMB,DOH,2
CMB,DWC,1
CMB,DXB,3
CMB,FCO,3
CMB,FRA,1
CMB,GAN,2
CMB,GIU,1
CMB,HKG,2
CMB,HRI,2
CMB,HYD,1
CMB,ICN,2
CMB,IXM,3
CMB,JED,3
CMB,KCT,1
CMB,KHI,2
CMB,KMG,1
CMB,KUL,4
CMB,KWI,3
CMB,LHE,1
CMB,LHR,1
CMB,MAA,4
CMB,MCT,3
CMB,MEL,1
CMB,MLE,12
CMB,MXP,1
CMB,NRT,1
CMB,PEK,1
CMB,PVG,2
CMB,RUH,3
CMB,SEZ,2
CMB,SGN,1
CMB,SHJ,3
CMB,SIN,6
CMB,SVO,1
CMB,SYD,1
CMB,TRV,2
CMB,TRZ,2
CMB,VNS,1
CMB,VTZ,1
CME,IAH,1
CME,MEX,2
CMF,LCY,1
CMF,MAN,1
CMF,STN,1
CMG,CGR,1
CMH,ATL,8
CMH,BNA,1
CMH,BOS,2
CMH,BWI,2
CMH,CAK,1
CMH,CLE,1
CMH,CLT,2
CMH,CMI,1
CMH,CVG,1
CMH,DAL,1
CMH,DCA,3
CMH,DEN,2
CMH,DFW,2
CMH,DSM,1
CMH,DTW,2
CMH,EWR,1
CMH,FLL,1
CMH,FPO,1
CMH,HOU,1
CMH,IAD,1
CMH,IAH,1
CMH,JFK,3
CMH,LAS,1
CMH,LAX,4
CMH,LGA,3
CMH,MCO,2
CMH,MDW,2
CMH,MIA,2
CMH,MSN,1
CMH,MSP,1
CMH,MSY,2
CMH,OAK,1
CMH,OKC,1
CMH,ORD,3
CMH,PHL,2
CMH,PHX,3
CMH,RDU,1
CMH,RNO,1
CMH,RSW,2
CMH,SEA,1
CMH,SLC,1
CMH,STL,2
CMH,TPA,2
CMH,YRQ,1
CMH,YYZ,2
CMI,CLT,1
CMI,DFW,2
CMI,ORD,2
CMN,ABJ,1
CMN,ACC,1
CMN,AGA,1
CMN,AGP,3
CMN,AHU,1
CMN,ALG,2
CMN,AMM,1
CMN,AMS,2
CMN,ARN,1
CMN,ATH,2
CMN,AUH,3
CMN,BCN,4
CMN,BEM,1
CMN,BEN,2
CMN,BER,1
CMN,BEY,1
CMN,BGF,1
CMN,BGY,1
CMN,BJL,1
CMN,BKO,1
CMN,BLQ,2
CMN,BOD,1
CMN,BOS,1
CMN,BRU,4
CMN,BSL,2
CMN,BZV,1
CMN,CAI,2
CMN,CDG,7
CMN,CKY,1
CMN,COO,1
CMN,CPH,1
CMN,CTA,1
CMN,CUF,1
CMN,DKR,1
CMN,DLA,1
CMN,DME,1
CMN,DOH,2
CMN,DSS,1
CMN,DXB,1
CMN,ERH,1
CMN,ESU,1
CMN,EUN,1
CMN,FCO,2
CMN,FEZ,1
CMN,FIH,1
CMN,FNA,1
CMN,FRA,2
CMN,GIG,1
CMN,GLN,1
CMN,GRU,1
CMN,GVA,1
CMN,IAD,1
CMN,IST,2
CMN,JED,3
CMN,JFK,1
CMN,LAD,1
CMN,LBV,1
CMN,LFW,1
CMN,LGW,2
CMN,LHR,1
CMN,LIS,2
CMN,LOS,1
CMN,LPA,2
CMN,LYS,3
CMN,MAD,3
CMN,MAN,1
CMN,MED,1
CMN,MIA,1
CMN,MPL,2
CMN,MRS,1
CMN,MUC,1
CMN,MXP,3
CMN,NAP,2
CMN,NCE,1
CMN,NDJ,1
CMN,NDR,2
CMN,NIM,1
CMN,NKC,2
CMN,NSI,1
CMN,NTE,2
CMN,OPO,1
CMN,ORN,1
CMN,ORY,2
CMN,OUA,1
CMN,OUD,1
CMN,OUZ,1
CMN,OXB,1
CMN,OZG,1
CMN,OZZ,1
CMN,PNR,1
CMN,RAI,1
CMN,RAK,1
CMN,RBA,2
CMN,ROB,1
CMN,RUH,1
CMN,SAW,2
CMN,SSG,1
CMN,SVO,2
CMN,SXB,1
CMN,TFN,1
CMN,TIP,3
CMN,TLS,3
CMN,TNG,1
CMN,TRN,1
CMN,TSF,1
CMN,TTA,1
CMN,TTU,1
CMN,TUN,2
CMN,TXL,1
CMN,VCE,2
CMN,VIE,1
CMN,VIL,2
CMN,VLC,2
CMN,YUL,2
CMN,ZRH,1
CMU,POM,1
CMW,HAV,1
CMW,MZO,1
CMW,YUL,1
CMW,YYZ,1
CMX,ORD,1
CNC,OKR,1
CNC,SYU,1
CND,IST,1
CNF,AEP,1
CNF,BEL,1
CNF,BPS,4
CNF,BRA,1
CNF,BSB,5
CNF,CFB,1
CNF,CGB,1
CNF,CGH,4
CNF,CKS,2
CNF,CLV,1
CNF,CPV,1
CNF,CWB,1
CNF,EZE,1
CNF,FLN,1
CNF,FOR,2
CNF,GIG,3
CNF,GRU,5
CNF,GVR,1
CNF,GYN,2
CNF,IGU,1
CNF,IMP,1
CNF,IOS,2
CNF,IPN,1
CNF,IZA,1
CNF,JJD,1
CNF,JPA,1
CNF,LIS,1
CNF,MAO,1
CNF,MCO,1
CNF,MCZ,1
CNF,MIA,3
CNF,MOC,2
CNF,NAT,1
CNF,POA,1
CNF,PTY,1
CNF,PVH,1
CNF,RAO,1
CNF,REC,3
CNF,SDU,4
CNF,SLZ,1
CNF,SSA,3
CNF,TXF,1
CNF,UBA,1
CNF,UDI,2
CNF,VAG,1
CNF,VAL,1
CNF,VCP,2
CNF,VDC,1
CNF,VIX,2
CNJ,BNE,3
CNJ,ISA,2
CNJ,TSV,1
CNM,ABQ,1
CNN,AUH,2
CNN,BAH,1
CNN,DEL,1
CNN,DOH,1
CNN,DXB,1
CNN,KWI,2
CNN,MCT,2
CNN,RUH,1
CNN,SHJ,1
CNN,TRV,1
CNO,DEN,1
CNP,KUS,1
CNP,OBY,1
CNQ,AEP,1
CNS,ABM,3
CNS,ADL,1
CNS,AKL,3
CNS,ASP,1
CNS,AUU,2
CNS,AYQ,1
CNS,BNE,9
CNS,CNJ,1
CNS,CUQ,2
CNS,DPS,1
CNS,DRW,2
CNS,EDR,2
CNS,GOV,2
CNS,GTE,2
CNS,GUM,1
CNS,HID,2
CNS,HKG,4
CNS,HTI,1
CNS,IRG,2
CNS,ISA,2
CNS,KIX,3
CNS,KWM,2
CNS,MEL,4
CNS,MOV,1
CNS,NRT,3
CNS,NTN,2
CNS,OOL,1
CNS,PER,1
CNS,POM,2
CNS,RAB,1
CNS,SIN,1
CNS,SYD,4
CNS,TQP,1
CNS,TSV,4
CNS,WEI,3
CNX,BKK,13
CNX,CAN,2
CNX,CKG,1
CNX,CSX,1
CNX,DAD,1
CNX,DMK,2
CNX,DOH,1
CNX,HAN,2
CNX,HDY,1
CNX,HGH,1
CNX,HGN,2
CNX,HKG,4
CNX,HKT,4
CNX,ICN,3
CNX,KBV,1
CNX,KHH,1
CNX,KHN,1
CNX,KKC,1
CNX,KMG,1
CNX,KUL,1
CNX,LPQ,2
CNX,MDL,1
CNX,MFM,1
CNX,NKG,1
CNX,NNG,1
CNX,NNT,1
CNX,PEK,1
CNX,PHS,1
CNX,PVG,3
CNX,PYY,1
CNX,RGN,3
CNX,SIN,4
CNX,SYX,1
CNX,SZX,1
CNX,TPE,3
CNX,UBP,1
CNX,URT,1
CNX,USM,1
CNX,UTH,1
CNX,UTP,2
CNX,WUH,1
CNY,SLC,1
COD,DEN,1
COD,SLC,1
COK,AGX,2
COK,AUH,4
COK,BAH,1
COK,BLR,7
COK,BOM,7
COK,CCJ,2
COK,CCU,1
COK,CJB,1
COK,CMB,2
COK,CNN,1
COK,DEL,2
COK,DMM,2
COK,DOH,4
COK,DXB,5
COK,GOI,1
COK,HBX,1
COK,HYD,2
COK,IXM,1
COK,JED,3
COK,KUL,3
COK,KWI,2
COK,MAA,5
COK,MCT,3
COK,MLE,2
COK,MYQ,1
COK,PNQ,2
COK,RUH,2
COK,SHJ,4
COK,SIN,3
COK,SLL,1
COK,TRV,3
COK,TRZ,1
COO,ABJ,11
COO,ABV,1
COO,ACC,1
COO,ADD,1
COO,BKO,3
COO,BSG,1
COO,BZV,3
COO,CDG,1
COO,CMN,1
COO,DKR,2
COO,DLA,6
COO,DSS,1
COO,LBV,5
COO,LFW,4
COO,LOS,2
COO,NBO,1
COO,NIM,2
COO,OUA,1
COO,PNR,4
COO,SSG,1
COQ,HLD,1
COQ,NZH,1
COQ,ULN,2
COR,AEP,2
COR,ASU,1
COR,BPS,1
COR,BRC,2
COR,CNQ,1
COR,CRD,1
COR,EPA,1
COR,EZE,1
COR,FTE,1
COR,GIG,1
COR,GRU,2
COR,IGR,2
COR,JUJ,1
COR,LIM,1
COR,MDQ,1
COR,MDZ,3
COR,MIA,1
COR,NQN,1
COR,PDP,1
COR,PSS,1
COR,PTY,1
COR,REL,1
COR,RES,1
COR,ROS,1
COR,SCL,1
COR,SLA,1
COR,SSA,1
COR,TUC,1
COR,USH,1
COS,ATL,2
COS,DEN,1
COS,DFW,2
COS,IAD,1
COS,IAH,1
COS,LAS,1
COS,LAX,1
COS,ORD,2
COS,PHX,1
COS,SEA,1
COS,SFO,1
COS,SLC,1
COU,DEN,1
COU,DFW,2
COU,ORD,3
CPC,AEP,1
CPD,ADL,1
CPD,PUG,1
CPE,MEX,2
CPH,AAL,2
CPH,AAR,2
CPH,ABZ,1
CPH,ADB,1
CPH,AES,1
CPH,AGP,4
CPH,ALC,4
CPH,AMM,2
CPH,AMS,6
CPH,ARN,3
CPH,ATH,3
CPH,AYT,1
CPH,BCN,4
CPH,BEG,1
CPH,BER,1
CPH,BEY,1
CPH,BGO,2
CPH,BHX,1
CPH,BIQ,1
CPH,BKK,3
CPH,BLL,1
CPH,BLQ,1
CPH,BOJ,1
CPH,BOS,1
CPH,BRE,1
CPH,BRS,1
CPH,BRU,4
CPH,BSL,1
CPH,BUD,2
CPH,CAI,2
CPH,CDG,5
CPH,CHQ,2
CPH,CMN,1
CPH,CTA,1
CPH,DEL,1
CPH,DOH,1
CPH,DUB,3
CPH,DUS,5
CPH,DXB,2
CPH,EDI,2
CPH,EIN,1
CPH,EWR,1
CPH,FAE,2
CPH,FAO,2
CPH,FCO,4
CPH,FLL,1
CPH,FLR,2
CPH,FRA,4
CPH,FUE,1
CPH,GDN,1
CPH,GOT,2
CPH,GVA,4
CPH,GZP,1
CPH,HAJ,2
CPH,HAM,3
CPH,HAU,2
CPH,HEL,4
CPH,HKG,1
CPH,HRG,1
CPH,IAD,1
CPH,IST,2
CPH,JFK,1
CPH,KEF,4
CPH,KIV,1
CPH,KLX,1
CPH,KRK,3
CPH,KRP,2
CPH,KRS,2
CPH,LAX,2
CPH,LBA,1
CPH,LCA,2
CPH,LED,1
CPH,LGW,2
CPH,LHE,1
CPH,LHR,3
CPH,LIN,1
CPH,LIS,3
CPH,LJU,2
CPH,LPA,2
CPH,LPI,1
CPH,LUX,2
CPH,MAD,4
CPH,MAN,3
CPH,MIA,1
CPH,MLA,1
CPH,MOL,1
CPH,MUC,2
CPH,MXP,2
CPH,NCE,2
CPH,NCL,1
CPH,NRT,1
CPH,ORD,1
CPH,ORY,1
CPH,OSL,7
CPH,OTP,1
CPH,PEK,2
CPH,PLQ,1
CPH,PMI,3
CPH,POZ,1
CPH,PRG,4
CPH,PRN,1
CPH,PSA,1
CPH,PVG,1
CPH,RAK,1
CPH,RHO,1
CPH,RIX,3
CPH,RNN,1
CPH,SAW,1
CPH,SCR,1
CPH,SFJ,1
CPH,SFO,1
CPH,SGD,1
CPH,SIN,2
CPH,SJJ,1
CPH,SKG,2
CPH,SKP,1
CPH,SPU,3
CPH,STN,2
CPH,STR,1
CPH,SVG,1
CPH,SVO,2
CPH,SXF,2
CPH,SZZ,1
CPH,TFS,2
CPH,TKU,1
CPH,TLL,2
CPH,TLV,2
CPH,TOS,1
CPH,TRD,3
CPH,TRF,2
CPH,TXL,5
CPH,VCE,4
CPH,VIE,5
CPH,VNO,2
CPH,WAW,3
CPH,WRO,1
CPH,YYZ,3
CPH,ZAG,3
CPH,ZRH,3
CPO,CJC,1
CPO,LSC,1
CPO,SCL,2
CPR,DEN,1
CPR,LAS,1
CPR,SLC,1
CPT,ADD,1
CPT,AMS,2
CPT,ATL,1
CPT,BFN,3
CPT,CDG,1
CPT,DOH,1
CPT,DUR,5
CPT,DXB,2
CPT,ELS,2
CPT,FRA,1
CPT,GBE,1
CPT,GRJ,2
CPT,HDS,2
CPT,HKG,1
CPT,HLA,4
CPT,HRE,1
CPT,IST,1
CPT,JNB,11
CPT,KIM,2
CPT,LAD,1
CPT,LGW,1
CPT,LHR,4
CPT,LVI,1
CPT,MPM,1
CPT,MQP,2
CPT,MRU,1
CPT,MUB,2
CPT,MUC,1
CPT,NBO,1
CPT,PBZ,1
CPT,PLZ,5
CPT,SZK,1
CPT,UTN,2
CPT,VFA,2
CPT,VIE,1
CPT,WDH,3
CPT,WVB,2
CPT,ZRH,1
CPV,GRU,1
CPV,PNZ,1
CPV,SSA,1
CPX,SJU,1
CRA,BGY,1
CRA,BLQ,1
CRA,CGN,1
CRA,CIA,1
CRA,LTN,1
CRA,TLV,1
CRD,AEP,2
CRD,COR,1
CRD,MDZ,1
CRD,NQN,2
CRD,REL,2
CRD,RGL,1
CRI,AXP,1
CRI,NAS,1
CRK,BCD,1
CRK,BKK,1
CRK,BSO,1
CRK,CEB,1
CRK,CGY,2
CRK,CRM,1
CRK,CYP,1
CRK,DOH,1
CRK,DVO,4
CRK,EUQ,1
CRK,HKG,4
CRK,IAO,1
CRK,ICN,6
CRK,ILO,1
CRK,JJN,1
CRK,KIX,1
CRK,KLO,1
CRK,MFM,1
CRK,MPH,3
CRK,PPS,2
CRK,PUS,1
CRK,PVG,1
CRK,SIN,3
CRK,SWL,1
CRK,TAC,1
CRK,TAG,2
CRK,TPE,1
CRK,USU,1
CRL,ACE,1
CRL,AGA,1
CRL,AGP,2
CRL,AHO,1
CRL,AJA,1
CRL,ALC,2
CRL,ALG,1
CRL,AOI,1
CRL,ATH,1
CRL,BCN,1
CRL,BDS,1
CRL,BEG,1
CRL,BGY,1
CRL,BIA,1
CRL,BIQ,1
CRL,BLQ,1
CRL,BNX,1
CRL,BOD,1
CRL,BRI,1
CRL,BTS,1
CRL,BUD,2
CRL,BZR,1
CRL,CAG,1
CRL,CCF,1
CRL,CFU,1
CRL,CHQ,1
CRL,CIA,1
CRL,CIY,1
CRL,CLJ,1
CRL,CPH,1
CRL,CRA,1
CRL,CZL,1
CRL,DUB,1
CRL,EDI,1
CRL,EGC,1
CRL,FAO,1
CRL,FDF,1
CRL,FEZ,2
CRL,FNI,1
CRL,FSC,1
CRL,FUE,1
CRL,GOA,1
CRL,GRO,1
CRL,HRG,1
CRL,IAS,1
CRL,IBZ,1
CRL,KIV,1
CRL,KRK,1
CRL,LEI,1
CRL,LJU,1
CRL,LPA,2
CRL,LRH,1
CRL,MAD,1
CRL,MAN,1
CRL,MPL,1
CRL,MRS,1
CRL,NDR,2
CRL,NYO,1
CRL,OPO,1
CRL,ORN,1
CRL,OTP,2
CRL,OUD,2
CRL,PEG,1
CRL,PFO,1
CRL,PGF,1
CRL,PMI,1
CRL,PRG,1
CRL,PSA,1
CRL,PSR,1
CRL,PTP,1
CRL,PUY,1
CRL,RAK,1
CRL,RBA,2
CRL,RDZ,1
CRL,REU,1
CRL,RHO,1
CRL,RIX,1
CRL,RMU,1
CRL,RYG,1
CRL,SAW,1
CRL,SDR,1
CRL,SKG,1
CRL,SKP,1
CRL,SOF,2
CRL,SSH,1
CRL,SUF,1
CRL,SVQ,1
CRL,TFS,2
CRL,TGD,1
CRL,TLN,1
CRL,TLS,1
CRL,TNG,2
CRL,TPS,1
CRL,TRN,1
CRL,TRS,1
CRL,TSF,1
CRL,TSR,1
CRL,TUN,1
CRL,VLC,1
CRL,VNO,1
CRL,VOL,1
CRL,WAW,1
CRL,WMI,1
CRL,WRO,1
CRL,ZAD,1
CRL,ZAZ,1
CRL,ZTH,1
CRM,MNL,2
CRP,DFW,2
CRP,HOU,1
CRP,IAH,1
CRP,LBB,1
CRW,ATL,4
CRW,CLT,1
CRW,DAY,1
CRW,DCA,1
CRW,DTW,1
CRW,IAH,1
CRW,MYR,1
CRW,ORD,1
CRW,PHL,1
CSG,ATL,3
CSH,ARH,1
CSK,DKR,1
CSX,ACX,1
CSX,BAV,2
CSX,BFJ,1
CSX,BHY,2
CSX,BKK,2
CSX,BSD,1
CSX,CAN,1
CSX,CGQ,1
CSX,CIH,1
CSX,CJU,2
CSX,CKG,7
CSX,CTU,8
CSX,CXR,1
CSX,CZX,1
CSX,DIG,1
CSX,DLC,1
CSX,DLU,1
CSX,DMK,2
CSX,DQA,1
CSX,DSN,2
CSX,DYG,4
CSX,FOC,7
CSX,FRA,1
CSX,HAK,7
CSX,HAN,1
CSX,HET,4
CSX,HFE,3
CSX,HGH,5
CSX,HIA,2
CSX,HJJ,2
CSX,HKG,2
CSX,HLD,1
CSX,HRB,2
CSX,HUZ,1
CSX,HYN,3
CSX,HZH,1
CSX,ICN,4
CSX,INC,3
CSX,JHG,2
CSX,JIQ,1
CSX,JJN,3
CSX,JNG,1
CSX,KHH,2
CSX,KIX,2
CSX,KMG,9
CSX,KOS,1
CSX,KRL,1
CSX,KUL,1
CSX,KWE,6
CSX,LAX,1
CSX,LHR,1
CSX,LHW,6
CSX,LJG,3
CSX,LLF,1
CSX,LPF,1
CSX,LUM,1
CSX,LYG,1
CSX,LYI,1
CSX,LZH,1
CSX,LZO,2
CSX,MDL,1
CSX,MFM,1
CSX,MIG,2
CSX,MXZ,1
CSX,NAO,1
CSX,NAY,2
CSX,NBO,1
CSX,NGB,5
CSX,NGO,1
CSX,NKG,7
CSX,NNG,4
CSX,NRT,1
CSX,PEK,5
CSX,PUS,1
CSX,PVG,3
CSX,RIZ,2
CSX,RMQ,1
CSX,SGN,1
CSX,SHA,7
CSX,SHE,1
CSX,SIN,4
CSX,SJW,1
CSX,SWA,5
CSX,SYX,8
CSX,SZX,2
CSX,TAO,6
CSX,TCZ,1
CSX,TEN,1
CSX,TLQ,1
CSX,TNA,6
CSX,TPE,5
CSX,TSN,6
CSX,TXN,1
CSX,TYN,6
CSX,URC,3
CSX,WEF,1
CSX,WGN,3
CSX,WMT,1
CSX,WNZ,4
CSX,WUT,1
CSX,WUX,2
CSX,WUZ,1
CSX,XIY,8
CSX,XMN,8
CSX,XNN,2
CSX,XUZ,2
CSX,YCU,2
CSX,YNT,4
CSX,YNZ,1
CSX,YTY,1
CSX,ZHA,3
CSX,ZUH,3
CSX,ZYI,1
CSY,DME,1
CSY,LED,2
CSY,VKO,1
CTA,AMS,4
CTA,AOI,1
CTA,ARN,2
CTA,ATH,2
CTA,BCN,2
CTA,BGY,1
CTA,BLQ,4
CTA,BRI,2
CTA,BRU,2
CTA,BSL,3
CTA,BUD,1
CTA,CDG,3
CTA,CGN,2
CTA,CPH,1
CTA,DME,1
CTA,DUB,1
CTA,DUS,7
CTA,EIN,1
CTA,FCO,6
CTA,FLR,3
CTA,FRA,4
CTA,GOA,1
CTA,GVA,2
CTA,HAJ,1
CTA,HAM,3
CTA,IST,1
CTA,LGW,6
CTA,LIN,3
CTA,LMP,2
CTA,LTN,1
CTA,LYS,2
CTA,MAD,1
CTA,MAN,2
CTA,MLA,3
CTA,MRS,1
CTA,MUC,6
CTA,MXP,4
CTA,NAP,4
CTA,ORY,1
CTA,OTP,1
CTA,PEG,1
CTA,PMO,1
CTA,PRG,1
CTA,PSA,3
CTA,PSR,1
CTA,STR,6
CTA,SVO,2
CTA,SXF,1
CTA,TRN,4
CTA,TRS,1
CTA,TSF,1
CTA,TXL,6
CTA,VCE,4
CTA,VIE,5
CTA,VKO,1
CTA,VLC,1
CTA,VRN,4
CTA,ZRH,4
CTC,AEP,1
CTC,IRJ,1
CTG,ADZ,4
CTG,AMS,1
CTG,ATL,1
CTG,BAQ,1
CTG,BGA,1
CTG,BOG,3
CTG,CLO,2
CTG,FLL,1
CTG,JFK,1
CTG,LIM,1
CTG,MDE,2
CTG,MIA,4
CTG,PEI,2
CTG,PTY,1
CTG,SAL,1
CTG,YYZ,1
CTL,BNE,1
CTL,RMA,1
CTL,TWB,1
CTL,ULP,1
CTL,WTB,1
CTM,MEX,1
CTS,AOJ,2
CTS,AXT,2
CTS,BKK,1
CTS,DLC,1
CTS,FKS,2
CTS,FSZ,2
CTS,FUK,4
CTS,GAJ,1
CTS,GUM,2
CTS,HEL,1
CTS,HIJ,2
CTS,HKD,1
CTS,HKG,2
CTS,HNA,1
CTS,HND,4
CTS,HNL,1
CTS,IBR,1
CTS,ICN,5
CTS,ITM,3
CTS,KHH,1
CTS,KIJ,3
CTS,KIX,4
CTS,KMQ,2
CTS,KUH,1
CTS,MMB,2
CTS,MMJ,1
CTS,MYJ,2
CTS,NGO,5
CTS,NKG,1
CTS,NRT,7
CTS,OKA,1
CTS,OKJ,2
CTS,PEK,2
CTS,PUS,1
CTS,PVG,3
CTS,SDJ,6
CTS,SHB,1
CTS,SYD,1
CTS,TOY,2
CTS,TPE,6
CTS,UKB,3
CTS,UUS,1
CTS,WKJ,1
CTS,WUX,1
CTS,YGJ,1
CTU,ACX,1
CTU,ADD,1
CTU,AKL,1
CTU,AKU,2
CTU,AMS,2
CTU,ANC,1
CTU,AOG,1
CTU,AUH,3
CTU,BAV,1
CTU,BHY,2
CTU,BKK,4
CTU,BOM,1
CTU,BPE,1
CTU,BPX,3
CTU,BSD,2
CTU,CAI,1
CTU,CAN,8
CTU,CDG,1
CTU,CEB,1
CTU,CEI,1
CTU,CGD,1
CTU,CGO,6
CTU,CGQ,3
CTU,CIH,2
CTU,CKG,1
CTU,CMB,1
CTU,CNX,1
CTU,CSX,6
CTU,CXR,2
CTU,CZX,3
CTU,DAD,1
CTU,DAX,1
CTU,DCY,5
CTU,DIG,1
CTU,DLC,1
CTU,DLU,3
CTU,DOH,1
CTU,DSN,3
CTU,DXB,1
CTU,DYG,1
CTU,ENH,1
CTU,ENY,1
CTU,FCO,1
CTU,FOC,5
CTU,FRA,2
CTU,FUG,1
CTU,GXH,1
CTU,HAK,6
CTU,HAN,1
CTU,HDG,2
CTU,HEL,1
CTU,HET,3
CTU,HFE,6
CTU,HGH,9
CTU,HIA,2
CTU,HJJ,1
CTU,HKG,6
CTU,HKT,5
CTU,HMI,1
CTU,HRB,5
CTU,HTN,1
CTU,HUZ,1
CTU,ICN,3
CTU,INC,5
CTU,IQN,1
CTU,IST,1
CTU,JDZ,2
CTU,JFK,1
CTU,JGS,1
CTU,JHG,3
CTU,JIQ,2
CTU,JJN,2
CTU,JNG,1
CTU,JUH,1
CTU,JZH,7
CTU,KBV,2
CTU,KCA,1
CTU,KGT,2
CTU,KHG,2
CTU,KHH,1
CTU,KHI,1
CTU,KHN,5
CTU,KIX,2
CTU,KJH,1
CTU,KLO,1
CTU,KMG,9
CTU,KOS,1
CTU,KOW,1
CTU,KRL,3
CTU,KRY,1
CTU,KTM,1
CTU,KUL,1
CTU,KWE,6
CTU,KWL,6
CTU,LAX,1
CTU,LED,1
CTU,LHR,2
CTU,LHW,6
CTU,LJG,5
CTU,LLV,1
CTU,LPF,1
CTU,LUM,2
CTU,LXA,6
CTU,LYG,1
CTU,LYI,1
CTU,LZH,2
CTU,LZY,4
CTU,MAD,1
CTU,MEL,1
CTU,MFM,2
CTU,NAY,2
CTU,NGB,3
CTU,NKG,6
CTU,NNG,5
CTU,NNY,1
CTU,NRT,3
CTU,PEK,7
CTU,PKX,3
CTU,PRG,1
CTU,PVG,9
CTU,PZI,3
CTU,RKZ,1
CTU,SFO,1
CTU,SHA,8
CTU,SHE,6
CTU,SHF,1
CTU,SIN,4
CTU,SJW,4
CTU,SQD,1
CTU,SVO,1
CTU,SWA,3
CTU,SYD,1
CTU,SYM,1
CTU,SYX,8
CTU,SZX,8
CTU,TAO,6
CTU,TCZ,2
CTU,TEN,1
CTU,TLV,1
CTU,TNA,10
CTU,TPE,3
CTU,TSA,1
CTU,TSN,7
CTU,TXN,2
CTU,TYN,6
CTU,URC,7
CTU,URT,1
CTU,UYN,3
CTU,WDS,1
CTU,WEH,1
CTU,WMT,1
CTU,WNH,1
CTU,WNZ,6
CTU,WUH,7
CTU,WUS,1
CTU,WUX,4
CTU,WXN,1
CTU,XAI,1
CTU,XFN,1
CTU,XIC,4
CTU,XIY,9
CTU,XMN,6
CTU,XNN,6
CTU,XUZ,2
CTU,YCU,2
CTU,YIC,1
CTU,YIH,2
CTU,YIN,2
CTU,YIW,2
CTU,YNT,4
CTU,YNZ,1
CTU,YTY,1
CTU,YUS,1
CTU,ZAT,1
CTU,ZHA,3
CTU,ZUH,5
CTU,ZYI,1
CUC,AUC,1
CUC,BGA,1
CUC,BOG,2
CUC,MDE,1
CUC,PTY,1
CUC,TIB,1
CUE,GYE,1
CUE,UIO,3
CUF,AHO,1
CUF,CAG,1
CUF,CMN,1
CUF,OTP,1
CUF,TPS,1
CUK,BCV,1
CUK,BZE,2
CUK,SPR,2
CUK,TZA,1
CUL,GDL,2
CUL,HMO,2
CUL,LAP,1
CUL,MEX,3
CUL,MTY,5
CUL,SJD,1
CUL,TIJ,3
CUM,CCS,1
CUN,AGU,1
CUN,AMS,1
CUN,ATL,9
CUN,AUS,2
CUN,BJX,3
CUN,BOG,3
CUN,BOS,5
CUN,BWI,1
CUN,BZE,1
CUN,CDG,2
CUN,CJS,1
CUN,CLE,2
CUN,CLT,2
CUN,CTM,1
CUN,CUU,2
CUN,CVG,1
CUN,CZM,1
CUN,DEN,3
CUN,DFW,4
CUN,DTW,3
CUN,DUS,2
CUN,EWR,1
CUN,EZE,1
CUN,FCO,2
CUN,FLL,2
CUN,FRA,2
CUN,GDL,4
CUN,GUA,1
CUN,GYE,1
CUN,HAV,3
CUN,HMO,1
CUN,HOG,1
CUN,IAD,1
CUN,IAH,2
CUN,IND,2
CUN,IST,1
CUN,JFK,6
CUN,LAX,5
CUN,LGW,6
CUN,LIM,2
CUN,MAD,4
CUN,MAN,4
CUN,MCI,1
CUN,MCO,3
CUN,MDW,1
CUN,MEX,6
CUN,MIA,3
CUN,MID,1
CUN,MKE,1
CUN,MSP,3
CUN,MTY,4
CUN,MUC,1
CUN,MXP,1
CUN,OAX,1
CUN,ORD,3
CUN,PBC,2
CUN,PHL,3
CUN,PHX,2
CUN,PIT,1
CUN,PQM,1
CUN,PTY,2
CUN,QRO,2
CUN,RDU,2
CUN,REX,1
CUN,SAL,1
CUN,SAT,1
CUN,SCL,1
CUN,SEA,1
CUN,SFO,3
CUN,SJO,1
CUN,SLC,2
CUN,SLP,1
CUN,STL,1
CUN,TAM,1
CUN,TGZ,3
CUN,TIJ,1
CUN,TLC,3
CUN,TRC,1
CUN,VER,2
CUN,VKO,1
CUN,VRA,1
CUN,VSA,1
CUN,WAW,1
CUN,YEG,2
CUN,YHM,1
CUN,YHZ,3
CUN,YOW,2
CUN,YQB,1
CUN,YUL,4
CUN,YVR,3
CUN,YWG,2
CUN,YXE,1
CUN,YXU,1
CUN,YYC,3
CUN,YYJ,1
CUN,YYZ,5
CUN,ZRH,1
CUQ,AUU,1
CUQ,IRG,2
CUR,AMS,2
CUR,AUA,3
CUR,BOG,2
CUR,BON,3
CUR,BRM,1
CUR,CCS,2
CUR,CLT,2
CUR,DUS,1
CUR,KIN,1
CUR,LSP,1
CUR,MAR,2
CUR,MDE,1
CUR,MIA,3
CUR,MST,1
CUR,MUN,1
CUR,PBM,1
CUR,PMV,1
CUR,POS,4
CUR,PTY,1
CUR,SDQ,5
CUR,SXM,1
CUR,VLN,1
CUR,YUL,1
CUR,YYZ,2
CUU,CJS,2
CUU,CUL,1
CUU,CUN,1
CUU,DEN,1
CUU,DFW,2
CUU,GDL,2
CUU,HMO,1
CUU,IAH,1
CUU,MEX,3
CUU,MTY,3
CUU,MZT,1
CUU,PHX,1
CUU,QRO,1
CUU,TIJ,1
CUU,TRC,1
CUZ,AQP,1
CUZ,BOG,1
CUZ,JUL,3
CUZ,LIM,5
CUZ,LPB,2
CUZ,PEM,3
CUZ,SCL,1
CVG,ATL,7
CVG,AUS,2
CVG,AZA,1
CVG,BDL,1
CVG,BNA,1
CVG,BOS,1
CVG,BWI,1
CVG,CDG,2
CVG,CHS,1
CVG,CLT,3
CVG,CMH,1
CVG,CUN,2
CVG,DCA,3
CVG,DEN,3
CVG,DFW,3
CVG,DTW,1
CVG,EMA,1
CVG,EWR,3
CVG,FLL,1
CVG,GRR,1
CVG,IAD,1
CVG,IAH,2
CVG,JAX,1
CVG,JFK,3
CVG,LAS,1
CVG,LAX,1
CVG,LEJ,1
CVG,LGA,2
CVG,MCI,1
CVG,MCO,1
CVG,MEM,1
CVG,MIA,2
CVG,MKE,2
CVG,MMU,1
CVG,MSN,1
CVG,MSP,1
CVG,MSY,2
CVG,ORD,4
CVG,PBI,1
CVG,PGD,1
CVG,PHL,3
CVG,PHX,3
CVG,PIT,1
CVG,PUJ,1
CVG,RDU,1
CVG,RIC,1
CVG,RSW,1
CVG,SAV,1
CVG,SDF,1
CVG,SEA,1
CVG,SFB,1
CVG,SFO,2
CVG,SLC,1
CVG,SRQ,1
CVG,STL,1
CVG,TPA,2
CVG,TTN,1
CVG,VPS,1
CVG,XNA,1
CVG,YYZ,3
CVM,MEX,2
CVQ,PER,1
CVU,FLW,1
CVU,HOR,1
CWA,DTW,1
CWA,MSP,1
CWA,ORD,3
CWB,AEP,1
CWB,BSB,5
CWB,CAC,1
CWB,CFC,1
CWB,CGH,4
CWB,CGR,2
CWB,CNF,1
CWB,CXJ,1
CWB,EZE,2
CWB,FLN,1
CWB,FOR,1
CWB,GIG,3
CWB,GPB,1
CWB,GRU,4
CWB,IGU,4
CWB,LDB,4
CWB,MGF,3
CWB,MVD,1
CWB,POA,6
CWB,PTO,1
CWB,RAO,1
CWB,SDU,3
CWB,SSA,1
CWB,TOW,1
CWB,VCP,4
CWB,XAP,1
CWJ,KMG,1
CWL,ACE,1
CWL,AGP,4
CWL,ALC,4
CWL,AMS,2
CWL,BCN,2
CWL,BHD,1
CWL,DLM,1
CWL,DOH,1
CWL,DUB,1
CWL,DUS,1
CWL,EDI,2
CWL,GLA,2
CWL,HER,1
CWL,JER,3
CWL,LCA,1
CWL,LPA,1
CWL,MLA,1
CWL,NCL,1
CWL,ORY,2
CWL,PMI,1
CWL,RHO,1
CWL,TFS,3
CWL,VLY,2
CXB,DAC,3
CXF,AKP,1
CXH,YWH,1
CXI,HNL,2
CXJ,CGH,1
CXJ,CWB,1
CXJ,GRU,1
CXJ,VCP,1
CXR,CAN,1
CXR,CGO,1
CXR,CKG,1
CXR,CSX,1
CXR,CTU,1
CXR,CZX,1
CXR,DAD,2
CXR,DME,1
CXR,HAN,2
CXR,HFE,1
CXR,HGH,2
CXR,ICN,3
CXR,IKT,1
CXR,JJN,1
CXR,KMG,1
CXR,KWE,1
CXR,MFM,1
CXR,NKG,1
CXR,NNG,1
CXR,OVB,1
CXR,PEK,1
CXR,PVG,1
CXR,SGN,3
CXR,SHE,1
CXR,SJW,1
CXR,THD,1
CXR,TSN,1
CXR,VII,1
CXR,VVO,1
CXR,WUX,1
CYB,GCM,1
CYB,LYB,1
CYF,BET,3
CYF,KPN,2
CYF,OOK,1
CYI,KNH,2
CYI,MZG,1
CYO,GER,1
CYO,HAV,1
CYO,MXP,1
CYO,SCU,1
CYO,VRA,1
CYP,MNL,1
CYS,DEN,3
CYS,WRL,3
CYX,YKS,2
CYZ,MNL,1
CZE,CCS,1
CZH,ORZ,1
CZH,SPR,2
CZL,ALG,1
CZL,AZR,1
CZL,BSL,1
CZL,CBH,1
CZL,CDG,1
CZL,GHA,1
CZL,HME,1
CZL,IST,2
CZL,LYS,2
CZL,MLH,2
CZL,MPL,1
CZL,MRS,2
CZL,NCE,1
CZL,OGX,1
CZL,ORN,1
CZL,ORY,3
CZL,SXB,1
CZL,TIN,1
CZM,ATL,5
CZM,CLT,2
CZM,CUN,1
CZM,DEN,1
CZM,DFW,2
CZM,IAH,1
CZM,MEX,1
CZM,MIA,2
CZM,ORD,2
CZM,YUL,1
CZM,YYZ,2
CZS,RBR,1
CZU,BOG,2
CZX,CAN,4
CZX,CGQ,1
CZX,CKG,2
CZX,CSX,1
CZX,CTU,3
CZX,CXR,1
CZX,DLC,3
CZX,DYG,1
CZX,FOC,3
CZX,HAK,1
CZX,HRB,3
CZX,KIX,1
CZX,KMG,4
CZX,KOW,1
CZX,KWL,1
CZX,MFM,1
CZX,NAY,2
CZX,PEK,3
CZX,SHE,3
CZX,SYX,1
CZX,SZX,4
CZX,TAO,2
CZX,TPE,1
CZX,TYN,3
CZX,XIY,1
CZX,XMN,2
CZX,YIH,1
CZX,ZUH,2
DAB,ATL,3
DAB,CLT,2
DAB,LGA,1
DAC,AUH,2
DAC,BKK,7
DAC,BOM,1
DAC,BZL,3
DAC,CAN,2
DAC,CCU,7
DAC,CGP,5
DAC,CMB,2
DAC,CXB,4
DAC,DEL,3
DAC,DMM,2
DAC,DOH,3
DAC,DXB,4
DAC,FCO,1
DAC,HAN,2
DAC,HKG,3
DAC,IST,1
DAC,JED,3
DAC,JSR,4
DAC,KHI,1
DAC,KMG,1
DAC,KTM,4
DAC,KUL,6
DAC,KWI,2
DAC,LHR,1
DAC,MAA,1
DAC,MCT,3
DAC,PBH,1
DAC,RGN,1
DAC,RJH,2
DAC,RUH,2
DAC,SHJ,1
DAC,SIN,5
DAC,SPD,4
DAC,ZAZ,1
DAC,ZYL,4
DAD,BKK,1
DAD,BMV,1
DAD,CAN,2
DAD,CGO,1
DAD,CTU,1
DAD,CXR,1
DAD,DLI,1
DAD,DOH,1
DAD,HAN,3
DAD,HGH,1
DAD,HKG,3
DAD,HPH,2
DAD,ICN,6
DAD,KHH,1
DAD,KIX,1
DAD,KMG,1
DAD,MFM,1
DAD,MWX,1
DAD,NRT,1
DAD,PEK,1
DAD,PKX,1
DAD,PNH,1
DAD,PUS,4
DAD,PVG,1
DAD,PXU,1
DAD,REP,5
DAD,SGN,3
DAD,SIN,4
DAD,TAE,1
DAD,TPE,2
DAD,VCA,2
DAD,VDO,1
DAD,VII,2
DAD,WNZ,1
DAD,XMN,1
DAL,ABQ,1
DAL,AMA,2
DAL,ATL,4
DAL,AUS,2
DAL,BHM,2
DAL,BKG,1
DAL,BUR,1
DAL,CHS,1
DAL,CLT,1
DAL,DCA,1
DAL,DEN,1
DAL,ECP,1
DAL,ELD,1
DAL,ELP,1
DAL,FLL,1
DAL,HOU,2
DAL,HRL,1
DAL,IAH,1
DAL,ICT,1
DAL,IND,1
DAL,JAX,1
DAL,LAS,1
DAL,LAX,2
DAL,LBB,2
DAL,LGA,1
DAL,LIT,2
DAL,MAF,2
DAL,MCI,2
DAL,MCO,1
DAL,MDW,1
DAL,MEM,1
DAL,MKE,1
DAL,MSP,1
DAL,MSY,2
DAL,OAK,1
DAL,OKC,2
DAL,OMA,1
DAL,ONT,1
DAL,PDX,2
DAL,PHL,1
DAL,PHX,1
DAL,PIT,1
DAL,RDU,1
DAL,RSW,1
DAL,SAN,1
DAL,SAT,2
DAL,SDF,1
DAL,SEA,3
DAL,SFO,3
DAL,SJC,1
DAL,SLC,2
DAL,SMF,1
DAL,SNA,1
DAL,STL,2
DAL,TPA,1
DAL,TUL,1
DAM,AUH,1
DAM,BAH,1
DAM,BGW,1
DAM,BSR,1
DAM,DOH,1
DAM,DXB,1
DAM,EBL,1
DAM,EVN,1
DAM,IKA,1
DAM,KRT,1
DAM,KWI,2
DAM,MCT,1
DAM,NJF,1
DAM,SHJ,2
DAR,ADD,1
DAR,AMS,3
DAR,ARK,1
DAR,BLZ,1
DAR,CAI,1
DAR,DOD,2
DAR,DOH,1
DAR,DXB,1
DAR,DZA,1
DAR,EBB,2
DAR,HAH,3
DAR,HRE,1
DAR,IST,1
DAR,JNB,2
DAR,JRO,5
DAR,KGL,1
DAR,LLW,1
DAR,LUN,2
DAR,MBI,2
DAR,MCT,1
DAR,MWZ,3
DAR,MYW,1
DAR,NBO,9
DAR,POL,1
DAR,SEU,1
DAR,TBO,2
DAR,TKQ,1
DAR,ZNZ,7
DAR,ZRH,1
DAT,BPE,1
DAT,CGO,1
DAT,CIH,1
DAT,CKG,1
DAT,DLC,1
DAT,HFE,1
DAT,HRB,1
DAT,INC,1
DAT,LHW,1
DAT,NAY,2
DAT,PEK,2
DAT,PKX,1
DAT,PVG,1
DAT,SHE,2
DAT,TAO,1
DAT,TNA,1
DAT,TYN,4
DAT,WUH,1
DAT,XIY,2
DAT,XMN,1
DAT,XNN,1
DAU,LAE,1
DAU,POM,2
DAU,UNG,1
DAV,PAC,1
DAV,PTY,1
DAV,SJO,1
DAX,CAN,2
DAX,HAK,1
DAX,JJN,1
DAX,KMG,2
DAX,PEK,2
DAX,PVG,1
DAX,SZX,2
DAX,ZUH,1
DAY,ATL,6
DAY,BWI,2
DAY,CKB,1
DAY,CLE,1
DAY,CLT,2
DAY,CRW,1
DAY,DCA,2
DAY,DEN,2
DAY,DFW,2
DAY,DTW,1
DAY,EWR,1
DAY,IAD,1
DAY,JAX,1
DAY,LGA,3
DAY,MCO,1
DAY,MSP,1
DAY,ORD,3
DAY,ORF,1
DAY,PHL,2
DAY,STL,1
DAY,TPA,2
DBA,KHI,1
DBO,BHQ,1
DBO,SYD,2
DBQ,ORD,2
DBV,AMS,1
DBV,ARN,2
DBV,ATH,1
DBV,BCN,2
DBV,BER,1
DBV,BFS,1
DBV,BGO,1
DBV,BHX,3
DBV,BRU,1
DBV,CDG,2
DBV,CGN,2
DBV,DUB,1
DBV,DUS,4
DBV,EDI,2
DBV,EMA,1
DBV,FCO,2
DBV,FRA,2
DBV,GVA,2
DBV,HAJ,1
DBV,HAM,2
DBV,HEL,2
DBV,IST,1
DBV,LBA,1
DBV,LGW,5
DBV,LIL,1
DBV,LUX,1
DBV,MAN,3
DBV,MUC,3
DBV,NCL,1
DBV,ORY,1
DBV,OSI,1
DBV,OSL,1
DBV,PRG,1
DBV,PUY,1
DBV,RJK,1
DBV,STN,1
DBV,STR,2
DBV,TRD,1
DBV,TRF,1
DBV,TXL,2
DBV,VCE,1
DBV,VIE,2
DBV,WAW,2
DBV,ZAG,1
DBV,ZRH,3
DCA,AGS,2
DCA,ALB,2
DCA,ATL,8
DCA,AUS,1
DCA,BDL,2
DCA,BGR,2
DCA,BHM,2
DCA,BNA,3
DCA,BOS,4
DCA,BTV,2
DCA,BUF,2
DCA,CAE,2
DCA,CAK,2
DCA,CHA,2
DCA,CHS,2
DCA,CLE,2
DCA,CLT,2
DCA,CMH,2
DCA,CRW,2
DCA,CVG,3
DCA,DAY,2
DCA,DEN,2
DCA,DFW,2
DCA,DSM,2
DCA,DTW,3
DCA,ECP,1
DCA,EWR,1
DCA,EYW,1
DCA,FAY,2
DCA,FLL,4
DCA,GRR,1
DCA,GSO,2
DCA,GSP,2
DCA,HHH,2
DCA,HOU,1
DCA,HPN,2
DCA,HSV,2
DCA,IAH,1
DCA,ILM,2
DCA,IND,2
DCA,ISP,2
DCA,JAN,2
DCA,JAX,3
DCA,JFK,3
DCA,LAN,2
DCA,LAS,2
DCA,LAX,4
DCA,LEX,1
DCA,LGA,3
DCA,LIT,2
DCA,MCI,3
DCA,MCO,4
DCA,MDW,1
DCA,MEM,3
DCA,MGM,1
DCA,MHT,2
DCA,MIA,2
DCA,MKE,2
DCA,MSN,1
DCA,MSP,4
DCA,MSY,3
DCA,MYR,2
DCA,NAS,3
DCA,OAJ,2
DCA,OKA,1
DCA,OKC,1
DCA,OMA,4
DCA,ORD,3
DCA,ORF,2
DCA,PBI,3
DCA,PDX,2
DCA,PHL,2
DCA,PHX,2
DCA,PIT,2
DCA,PNS,2
DCA,PVD,3
DCA,PWM,2
DCA,RDU,3
DCA,ROC,2
DCA,RSW,5
DCA,SAN,2
DCA,SAV,2
DCA,SDF,2
DCA,SEA,1
DCA,SFO,3
DCA,SJU,1
DCA,SLC,1
DCA,SRQ,2
DCA,STL,3
DCA,SYR,2
DCA,TLH,2
DCA,TPA,4
DCA,TYS,2
DCA,VPS,2
DCA,XNA,1
DCA,YHZ,2
DCA,YOW,1
DCA,YUL,3
DCA,YYZ,3
DCM,AGF,1
DCM,AJA,1
DCM,ORY,1
DCN,PER,2
DCY,CTU,5
DDC,DEN,3
DDC,LBL,3
DDD,GAN,1
DDD,KDM,1
DDD,KDO,1
DDG,PEK,2
DDG,PVG,1
DDG,TAO,2
DDG,YNT,1
DEA,KHI,1
DEA,SHJ,1
DEB,BCN,1
DEB,BSL,1
DEB,BVA,1
DEB,DSA,1
DEB,EIN,1
DEB,LTN,1
DEB,MUC,1
DEB,MXP,1
DEB,TLV,1
DEB,VKO,1
DEC,ORD,1
DEC,STL,1
DED,BOM,1
DED,DEL,5
DED,LKO,1
DED,PGH,1
DED,VNS,1
DEE,UUS,1
DEF,THR,1
DEL,ADD,2
DEL,AIP,1
DEL,ALA,1
DEL,AMD,7
DEL,AMM,1
DEL,AMS,1
DEL,ARN,1
DEL,ASB,1
DEL,ATQ,7
DEL,AUH,6
DEL,BAH,2
DEL,BBI,3
DEL,BDQ,2
DEL,BHO,5
DEL,BHX,1
DEL,BKB,1
DEL,BKK,7
DEL,BLR,8
DEL,BOM,8
DEL,BRU,3
DEL,BUP,1
DEL,CAN,1
DEL,CCJ,1
DEL,CCU,9
DEL,CDG,2
DEL,CJB,4
DEL,CMB,3
DEL,CNN,1
DEL,COK,5
DEL,CPH,1
DEL,CTU,1
DEL,DAC,5
DEL,DED,6
DEL,DHM,3
DEL,DIB,1
DEL,DMM,3
DEL,DOH,4
DEL,DXB,6
DEL,DYU,1
DEL,EWR,1
DEL,FCO,3
DEL,FRA,3
DEL,GAU,8
DEL,GAY,1
DEL,GOI,6
DEL,GOP,5
DEL,GWL,1
DEL,HEA,1
DEL,HEL,1
DEL,HKG,6
DEL,HKT,2
DEL,HYD,10
DEL,IAD,1
DEL,ICN,3
DEL,IDR,6
DEL,IKA,1
DEL,IMF,3
DEL,ISL,1
DEL,IST,3
DEL,IXA,1
DEL,IXB,8
DEL,IXC,9
DEL,IXD,3
DEL,IXJ,8
DEL,IXL,6
DEL,IXM,1
DEL,IXP,1
DEL,IXR,7
DEL,IXU,2
DEL,IXZ,1
DEL,JAI,6
DEL,JDH,4
DEL,JED,4
DEL,JFK,2
DEL,JLR,3
DEL,JRG,1
DEL,KBL,5
DEL,KDH,1
DEL,KHI,1
DEL,KMG,1
DEL,KNU,2
DEL,KQH,1
DEL,KTM,5
DEL,KUL,4
DEL,KUU,2
DEL,KWI,2
DEL,LHE,1
DEL,LHR,6
DEL,LKO,7
DEL,LUH,2
DEL,LUX,1
DEL,MAA,7
DEL,MAD,1
DEL,MCT,2
DEL,MEL,1
DEL,MRU,2
DEL,MUC,2
DEL,MXP,1
DEL,NAG,3
DEL,NBO,1
DEL,NDC,1
DEL,NJF,1
DEL,NRT,3
DEL,ORD,2
DEL,PAT,6
DEL,PEK,1
DEL,PGH,1
DEL,PNQ,8
DEL,PVG,2
DEL,RAJ,1
DEL,RDP,1
DEL,RPR,5
DEL,RUH,3
DEL,SAG,1
DEL,SFO,1
DEL,SHJ,1
DEL,SIN,6
DEL,SLV,1
DEL,STV,3
DEL,SVO,1
DEL,SXR,8
DEL,SYD,1
DEL,TAS,1
DEL,TLV,1
DEL,TPE,2
DEL,TRV,2
DEL,UDR,5
DEL,VGA,1
DEL,VIE,3
DEL,VNS,6
DEL,VTZ,2
DEL,WAW,1
DEL,YUL,1
DEL,YVR,1
DEL,YYZ,2
DEL,ZRH,2
DEN,ABQ,4
DEN,ACV,1
DEN,AIA,4
DEN,ALS,4
DEN,AMA,3
DEN,ANC,1
DEN,ASE,1
DEN,ATL,11
DEN,ATW,1
DEN,ATY,1
DEN,AUS,3
DEN,BDL,2
DEN,BFF,3
DEN,BFL,1
DEN,BFM,1
DEN,BHM,1
DEN,BIL,2
DEN,BIS,2
DEN,BKG,1
DEN,BMI,1
DEN,BNA,4
DEN,BOI,2
DEN,BOS,3
DEN,BUF,1
DEN,BUR,2
DEN,BWI,3
DEN,BZN,3
DEN,CAK,1
DEN,CDR,1
DEN,CEZ,2
DEN,CHS,1
DEN,CID,2
DEN,CLE,3
DEN,CLT,4
DEN,CMH,4
DEN,CNY,1
DEN,COD,1
DEN,COS,1
DEN,COU,1
DEN,CPR,1
DEN,CUN,4
DEN,CVG,4
DEN,CYS,3
DEN,CZM,1
DEN,DAY,2
DEN,DCA,2
DEN,DDC,3
DEN,DFW,5
DEN,DIK,1
DEN,DRO,1
DEN,DSM,2
DEN,DTW,5
DEN,DVL,1
DEN,EAR,2
DEN,EGE,1
DEN,ELP,3
DEN,EUG,2
DEN,EWR,2
DEN,FAR,3
DEN,FAT,3
DEN,FCA,1
DEN,FLG,1
DEN,FLL,4
DEN,FMN,3
DEN,FRA,2
DEN,FSD,3
DEN,GCC,1
DEN,GEG,4
DEN,GJT,2
DEN,GRR,2
DEN,GSO,1
DEN,GSP,2
DEN,GTF,1
DEN,GUC,1
DEN,HDN,1
DEN,HLN,1
DEN,HNL,1
DEN,HOB,1
DEN,HOU,1
DEN,HRL,1
DEN,HSV,1
DEN,HYS,1
DEN,IAD,2
DEN,IAH,3
DEN,ICT,2
DEN,IDA,1
DEN,ILG,1
DEN,IND,4
DEN,ISN,1
DEN,JAC,1
DEN,JAX,2
DEN,JFK,2
DEN,JMS,1
DEN,KEF,1
DEN,KOA,1
DEN,LAR,1
DEN,LAS,5
DEN,LAX,8
DEN,LBB,3
DEN,LBF,2
DEN,LBL,2
DEN,LGA,4
DEN,LGB,1
DEN,LHR,5
DEN,LIH,1
DEN,LIR,2
DEN,LIT,2
DEN,LNK,1
DEN,MAF,1
DEN,MCI,4
DEN,MCK,2
DEN,MCO,5
DEN,MDT,1
DEN,MDW,3
DEN,MEM,4
DEN,MEX,2
DEN,MFR,1
DEN,MIA,4
DEN,MKE,4
DEN,MLI,1
DEN,MMH,1
DEN,MOT,2
DEN,MRY,1
DEN,MSN,2
DEN,MSO,1
DEN,MSP,6
DEN,MSY,6
DEN,MTJ,1
DEN,MUC,1
DEN,NRT,2
DEN,OAK,1
DEN,OGG,1
DEN,OKC,4
DEN,OMA,4
DEN,ONT,4
DEN,ORD,4
DEN,ORF,3
DEN,PAE,1
DEN,PDX,3
DEN,PGA,1
DEN,PHF,1
DEN,PHL,4
DEN,PHX,7
DEN,PIA,1
DEN,PIR,3
DEN,PIT,2
DEN,PNS,1
DEN,PRC,1
DEN,PSC,1
DEN,PSP,2
DEN,PTY,1
DEN,PUB,1
DEN,PVR,3
DEN,RAP,2
DEN,RDM,1
DEN,RDU,3
DEN,RIC,1
DEN,RIW,2
DEN,RKS,1
DEN,RNO,2
DEN,RSW,2
DEN,SAF,1
DEN,SAN,4
DEN,SAT,4
DEN,SBA,2
DEN,SBP,2
DEN,SDF,2
DEN,SEA,6
DEN,SFO,3
DEN,SGF,1
DEN,SGU,1
DEN,SHR,2
DEN,SHV,1
DEN,SJC,3
DEN,SJD,4
DEN,SJO,1
DEN,SLC,5
DEN,SLN,1
DEN,SMF,4
DEN,SNA,4
DEN,STL,3
DEN,STS,1
DEN,SUN,1
DEN,SYR,1
DEN,TEX,1
DEN,TPA,4
DEN,TUL,2
DEN,TUS,4
DEN,TYS,2
DEN,VCT,1
DEN,VEL,1
DEN,XNA,2
DEN,XWA,1
DEN,YEG,2
DEN,YMM,2
DEN,YQR,2
DEN,YUL,2
DEN,YVR,2
DEN,YWG,2
DEN,YXE,2
DEN,YYC,4
DEN,YYZ,2
DEN,ZRH,1
DFW,ABI,2
DFW,ABQ,2
DFW,ACA,1
DFW,ACT,2
DFW,AEX,2
DFW,AGS,1
DFW,AGU,2
DFW,AMA,2
DFW,AMS,2
DFW,ANC,4
DFW,ASE,1
DFW,ATL,11
DFW,AUA,1
DFW,AUS,3
DFW,AVL,1
DFW,BDL,2
DFW,BFL,1
DFW,BHM,2
DFW,BIL,1
DFW,BIS,1
DFW,BJX,2
DFW,BMI,2
DFW,BNA,2
DFW,BNE,2
DFW,BOG,4
DFW,BOI,1
DFW,BOS,4
DFW,BPT,2
DFW,BRO,2
DFW,BTR,2
DFW,BUF,1
DFW,BUR,1
DFW,BWI,3
DFW,BZE,2
DFW,BZN,1
DFW,CAE,2
DFW,CCS,1
DFW,CDG,6
DFW,CHA,2
DFW,CHS,2
DFW,CID,2
DFW,CLE,3
DFW,CLL,2
DFW,CLT,2
DFW,CMH,3
DFW,CMI,2
DFW,CNM,1
DFW,COS,2
DFW,COU,2
DFW,CRP,2
DFW,CRW,2
DFW,CUN,4
DFW,CUU,2
DFW,CVG,3
DFW,CVN,1
DFW,CYS,1
DFW,CZM,2
DFW,DAY,2
DFW,DCA,2
DFW,DEN,5
DFW,DGO,1
DFW,DOH,1
DFW,DRO,2
DFW,DRT,1
DFW,DSM,2
DFW,DTW,4
DFW,DXB,2
DFW,ECP,1
DFW,EGE,1
DFW,ELP,2
DFW,EVV,2
DFW,EWR,3
DFW,EYW,1
DFW,EZE,2
DFW,FAR,2
DFW,FAT,2
DFW,FLG,1
DFW,FLL,3
DFW,FRA,10
DFW,FSD,2
DFW,FSM,2
DFW,FWA,2
DFW,GCK,2
DFW,GCM,1
DFW,GDL,3
DFW,GEG,1
DFW,GGG,2
DFW,GIG,3
DFW,GJT,2
DFW,GNV,1
DFW,GPT,2
DFW,GRI,2
DFW,GRK,2
DFW,GRR,2
DFW,GRU,3
DFW,GSO,2
DFW,GSP,2
DFW,GUA,2
DFW,GUC,1
DFW,GYE,1
DFW,HDN,1
DFW,HKG,1
DFW,HND,1
DFW,HNL,2
DFW,HOU,2
DFW,HRL,1
DFW,HSV,2
DFW,HUX,1
DFW,IAD,3
DFW,IAH,3
DFW,ICN,4
DFW,ICT,2
DFW,ILM,1
DFW,IND,3
DFW,JAC,1
DFW,JAN,2
DFW,JAX,2
DFW,JFK,3
DFW,JLN,2
DFW,KOA,1
DFW,LAS,3
DFW,LAW,2
DFW,LAX,9
DFW,LBB,2
DFW,LCH,2
DFW,LEX,2
DFW,LFT,2
DFW,LGA,4
DFW,LHR,6
DFW,LIM,3
DFW,LIR,2
DFW,LIT,2
DFW,LRD,2
DFW,LUX,1
DFW,MAD,5
DFW,MAF,2
DFW,MBJ,2
DFW,MCI,2
DFW,MCO,3
DFW,MDT,1
DFW,MEI,1
DFW,MEM,3
DFW,MEX,5
DFW,MFE,2
DFW,MGM,2
DFW,MHK,2
DFW,MIA,2
DFW,MKE,2
DFW,MLI,2
DFW,MLM,3
DFW,MLU,2
DFW,MOB,2
DFW,MRY,1
DFW,MSN,2
DFW,MSO,1
DFW,MSP,5
DFW,MSY,6
DFW,MTJ,1
DFW,MTY,2
DFW,MYR,1
DFW,MZT,2
DFW,NAS,2
DFW,NRT,4
DFW,OAK,1
DFW,OAX,1
DFW,OGG,2
DFW,OKC,2
DFW,OMA,2
DFW,ONT,2
DFW,ORD,5
DFW,ORF,2
DFW,PBC,2
DFW,PBI,2
DFW,PDX,4
DFW,PEK,1
DFW,PHL,3
DFW,PHX,3
DFW,PIA,2
DFW,PIB,1
DFW,PIT,3
DFW,PLS,2
DFW,PNS,2
DFW,PSP,2
DFW,PTY,2
DFW,PUJ,1
DFW,PVG,1
DFW,PVR,2
DFW,QRO,2
DFW,RAP,2
DFW,RDU,2
DFW,RIC,2
DFW,RNO,2
DFW,ROW,2
DFW,RSW,3
DFW,RTB,2
DFW,SAF,2
DFW,SAL,4
DFW,SAN,4
DFW,SAP,1
DFW,SAT,2
DFW,SAV,2
DFW,SBA,1
DFW,SBN,1
DFW,SBP,1
DFW,SCL,3
DFW,SDF,2
DFW,SEA,5
DFW,SFO,5
DFW,SGF,2
DFW,SGU,1
DFW,SHV,2
DFW,SJC,2
DFW,SJD,3
DFW,SJO,2
DFW,SJT,2
DFW,SJU,2
DFW,SLC,3
DFW,SLP,2
DFW,SMF,2
DFW,SNA,3
DFW,SPI,2
DFW,SPS,2
DFW,SRQ,1
DFW,STL,2
DFW,STS,1
DFW,STT,1
DFW,SUX,1
DFW,SWO,1
DFW,SYD,1
DFW,TGU,1
DFW,TLH,2
DFW,TPA,3
DFW,TRC,2
DFW,TRI,1
DFW,TUL,2
DFW,TUS,2
DFW,TXK,2
DFW,TYR,2
DFW,TYS,2
DFW,UIO,1
DFW,VPS,2
DFW,XNA,2
DFW,YEG,2
DFW,YUL,4
DFW,YUM,1
DFW,YVR,4
DFW,YYC,4
DFW,YYZ,5
DFW,ZCL,2
DFW,ZIH,1
DGA,BZE,2
DGA,INB,1
DGA,PLJ,2
DGA,SVK,1
DGA,TZA,1
DGO,DFW,1
DGO,IAH,1
DGO,LAX,1
DGO,MEX,2
DGO,TIJ,1
DGT,CEB,1
DGT,MNL,3
DHB,RCE,1
DHB,WSX,1
DHI,KTM,1
DHM,DEL,3
DHN,ATL,3
DIB,CCU,2
DIB,DMU,1
DIB,GAU,3
DIE,DZA,1
DIE,NOS,2
DIE,RUN,1
DIE,SVB,1
DIE,TNR,1
DIG,CAN,1
DIG,CTU,1
DIG,JHG,1
DIG,KMG,3
DIG,LXA,1
DIJ,TLS,1
DIK,DEN,1
DIK,MSP,1
DIL,DPS,2
DIL,DRW,2
DIL,SIN,1
DIN,HAN,1
DIR,ADD,1
DIR,GDE,1
DIR,JIB,1
DIR,JIJ,1
DIU,BOM,1
DIU,PBD,2
DIW,KCT,1
DIY,ADB,2
DIY,AYT,1
DIY,EBL,1
DIY,ESB,1
DIY,IST,2
DIY,SAW,2
DIY,YEI,1
DJB,BDO,1
DJB,BTH,2
DJB,BUU,1
DJB,CGK,4
DJB,PLM,1
DJB,TKG,1
DJE,BRU,1
DJE,BSL,1
DJE,CDG,3
DJE,DUS,3
DJE,FRA,2
DJE,GVA,2
DJE,HAM,1
DJE,LEJ,1
DJE,LIL,2
DJE,LUX,1
DJE,LYS,3
DJE,MLH,1
DJE,MPL,1
DJE,MRS,2
DJE,MUC,3
DJE,NBE,2
DJE,NCE,1
DJE,NTE,3
DJE,NUE,1
DJE,ORY,3
DJE,SXB,1
DJE,SXF,1
DJE,TIP,1
DJE,TUN,1
DJE,ZRH,2
DJG,OGX,1
DJG,TMR,1
DJJ,BIK,2
DJJ,CGK,2
DJJ,DEX,2
DJJ,MKQ,3
DJJ,MKW,2
DJJ,NBX,4
DJJ,OKL,1
DJJ,SOQ,2
DJJ,TIM,2
DJJ,TMH,1
DJJ,UPG,4
DJJ,WMX,3
DJJ,ZRI,1
DKR,ABJ,3
DKR,ACC,3
DKR,ALG,1
DKR,BCN,2
DKR,BJL,4
DKR,BKO,5
DKR,BRU,5
DKR,CDG,2
DKR,CKY,8
DKR,CMN,1
DKR,COO,2
DKR,DLA,1
DKR,DXB,1
DKR,FNA,2
DKR,IAD,3
DKR,IST,1
DKR,JFK,1
DKR,JNB,3
DKR,LIS,1
DKR,LOS,1
DKR,LPA,3
DKR,MAD,2
DKR,MXP,1
DKR,NKC,2
DKR,ORY,1
DKR,OUA,1
DKR,OXB,2
DKR,RAI,2
DKR,TFN,1
DKR,TUN,1
DKR,ZIG,1
DLA,ABJ,2
DLA,ABV,1
DLA,ADD,2
DLA,BFX,1
DLA,BGF,5
DLA,BPC,1
DLA,BRU,5
DLA,BZV,4
DLA,CAI,1
DLA,CDG,2
DLA,CMN,1
DLA,COO,5
DLA,DKR,1
DLA,FIH,4
DLA,GOU,1
DLA,IST,1
DLA,LBV,4
DLA,LFW,1
DLA,LOS,3
DLA,MVR,1
DLA,NBO,1
DLA,NDJ,6
DLA,NGE,1
DLA,NSI,11
DLA,PNR,1
DLA,SSG,5
DLC,BAV,2
DLC,CAN,1
DLC,CGO,6
DLC,CHG,1
DLC,CIF,1
DLC,CJJ,1
DLC,CJU,2
DLC,CKG,2
DLC,CSX,2
DLC,CTS,1
DLC,CTU,2
DLC,CZX,2
DLC,DAT,2
DLC,DOY,2
DLC,DQA,2
DLC,DSN,1
DLC,ENH,1
DLC,FOC,1
DLC,FUG,1
DLC,FUK,2
DLC,HDG,2
DLC,HET,5
DLC,HFE,5
DLC,HGH,13
DLC,HIA,3
DLC,HIJ,2
DLC,HKG,2
DLC,HNY,1
DLC,HRB,4
DLC,ICN,4
DLC,INC,1
DLC,JGD,1
DLC,JMU,2
DLC,JNG,3
DLC,JSJ,1
DLC,JUZ,1
DLC,JXA,1
DLC,KHN,2
DLC,KIX,4
DLC,KKJ,2
DLC,KMG,1
DLC,KWE,1
DLC,LDS,1
DLC,LLV,1
DLC,LYA,2
DLC,LYG,5
DLC,LYI,3
DLC,MDG,3
DLC,NBS,1
DLC,NDG,3
DLC,NGB,5
DLC,NGO,1
DLC,NKG,8
DLC,NNY,1
DLC,NRT,5
DLC,NTG,2
DLC,PEK,6
DLC,PKX,1
DLC,PVG,8
DLC,RIZ,2
DLC,SDJ,1
DLC,SHP,1
DLC,SJW,4
DLC,SWA,1
DLC,SZX,4
DLC,TAO,5
DLC,TNA,10
DLC,TNH,1
DLC,TOY,1
DLC,TPE,5
DLC,TSN,10
DLC,TVS,1
DLC,TXN,1
DLC,TYN,6
DLC,UYN,1
DLC,WDS,1
DLC,WEF,1
DLC,WEH,2
DLC,WNZ,1
DLC,WUH,5
DLC,WUT,1
DLC,WUX,3
DLC,XFN,1
DLC,XIY,6
DLC,XMN,2
DLC,XUZ,4
DLC,YCU,1
DLC,YIW,1
DLC,YNJ,4
DLC,YNT,4
DLC,YNZ,2
DLC,YTY,2
DLE,LIS,1
DLE,OPO,1
DLE,RAK,1
DLG,AKN,1
DLG,ANC,2
DLH,AZA,1
DLH,LAS,1
DLH,MSP,1
DLH,ORD,2
DLI,DAD,1
DLI,HAN,2
DLI,HUI,1
DLI,ICN,2
DLI,SGN,2
DLM,AMS,1
DLM,BFS,1
DLM,BHX,4
DLM,BLK,1
DLM,BRS,3
DLM,CWL,1
DLM,DME,1
DLM,DUS,2
DLM,EDI,1
DLM,EMA,2
DLM,ESB,1
DLM,FRA,2
DLM,GLA,3
DLM,HAJ,2
DLM,HAM,1
DLM,IST,2
DLM,LBA,3
DLM,LGW,5
DLM,LTN,2
DLM,MAN,6
DLM,MUC,2
DLM,NCL,3
DLM,RTM,1
DLM,SAW,2
DLM,STN,2
DLM,STR,2
DLM,SXF,1
DLM,VIE,1
DLM,VKO,1
DLM,ZRH,1
DLU,CAN,1
DLU,CGO,1
DLU,CKG,2
DLU,CSX,1
DLU,CTU,3
DLU,HFE,1
DLU,JHG,3
DLU,KHN,1
DLU,KMG,4
DLU,KWE,2
DLU,LHW,1
DLU,LZO,1
DLU,NKG,1
DLU,NNG,1
DLU,PEK,2
DLU,SHA,1
DLU,SJW,1
DLU,SYM,1
DLU,WUH,1
DLU,XIY,1
DLY,IPA,1
DLY,VLI,1
DMB,ALA,1
DMB,DME,2
DMB,SVX,1
DMB,TSE,1
DMD,BUC,1
DMD,ISA,2
DMD,ONG,2
DME,AAQ,2
DME,ABA,1
DME,AER,5
DME,AGP,2
DME,AKX,2
DME,ALA,1
DME,ALC,4
DME,AMM,2
DME,ARH,1
DME,ARN,1
DME,ASB,2
DME,ASF,2
DME,ATH,3
DME,AUH,2
DME,AYT,2
DME,AZN,1
DME,BAX,3
DME,BCN,4
DME,BEG,1
DME,BER,1
DME,BHK,3
DME,BKK,3
DME,BOJ,1
DME,BQS,2
DME,BRU,1
DME,BTK,1
DME,BUS,3
DME,CAI,1
DME,CEE,1
DME,CEK,2
DME,CFU,1
DME,CGN,1
DME,CIT,1
DME,CMB,1
DME,CMN,1
DME,CSY,1
DME,CTA,1
DME,CXR,1
DME,DLM,1
DME,DMB,1
DME,DNK,2
DME,DOH,1
DME,DOK,1
DME,DUS,2
DME,DWC,1
DME,DXB,2
DME,DYR,1
DME,DYU,2
DME,EGO,4
DME,ESL,1
DME,EVN,2
DME,FCO,3
DME,FEG,4
DME,FKB,1
DME,FRA,3
DME,FRU,6
DME,GBB,1
DME,GDX,1
DME,GDZ,1
DME,GOA,1
DME,GOI,1
DME,GOJ,2
DME,GRV,1
DME,GSV,1
DME,GVA,1
DME,GYD,2
DME,HAN,1
DME,HEL,2
DME,HER,3
DME,HKG,3
DME,HKT,1
DME,HMA,1
DME,HRG,1
DME,HTA,2
DME,IAH,2
DME,IEV,1
DME,IJK,2
DME,IKT,2
DME,INN,1
DME,KBP,2
DME,KEJ,2
DME,KGD,3
DME,KGF,1
DME,KGS,1
DME,KHV,1
DME,KIV,2
DME,KJA,2
DME,KOV,1
DME,KQT,1
DME,KRO,1
DME,KRR,5
DME,KSQ,3
DME,KUF,3
DME,KUT,1
DME,KVD,1
DME,KVK,1
DME,KZN,4
DME,LBD,3
DME,LCA,2
DME,LED,7
DME,LEJ,1
DME,LGW,2
DME,LHR,1
DME,LIS,2
DME,LLK,1
DME,LPK,1
DME,LWN,1
DME,MAD,2
DME,MAN,1
DME,MCX,4
DME,MJZ,2
DME,MLA,1
DME,MMK,3
DME,MQF,1
DME,MRV,4
DME,MSQ,3
DME,MUC,4
DME,MXP,1
DME,NAP,1
DME,NBC,2
DME,NBE,2
DME,NCE,2
DME,NCU,2
DME,NJC,2
DME,NMA,4
DME,NOJ,1
DME,NOZ,1
DME,NRT,2
DME,NSK,2
DME,NUX,3
DME,NVI,4
DME,NYM,2
DME,ODS,2
DME,OGZ,1
DME,OMS,4
DME,OSS,5
DME,OSW,1
DME,OVB,4
DME,OVS,1
DME,PED,1
DME,PEE,2
DME,PES,1
DME,PEZ,2
DME,PFO,2
DME,PKC,1
DME,PMI,2
DME,PSA,1
DME,PUJ,1
DME,PUY,1
DME,PWQ,1
DME,PYJ,1
DME,REN,1
DME,RGK,1
DME,RHO,3
DME,RIX,2
DME,RKT,1
DME,RMI,2
DME,ROV,3
DME,RTW,2
DME,SAW,1
DME,SBT,1
DME,SCO,1
DME,SGC,2
DME,SGN,2
DME,SHJ,1
DME,SIN,2
DME,SIP,3
DME,SKD,3
DME,SKG,3
DME,SKX,1
DME,SLY,1
DME,SSH,1
DME,STN,2
DME,STW,3
DME,SVX,3
DME,SYX,1
DME,SZG,1
DME,TAS,2
DME,TBS,1
DME,TFS,2
DME,TGD,1
DME,TGK,1
DME,TIV,5
DME,TJM,3
DME,TJU,3
DME,TLV,3
DME,TMJ,1
DME,TOF,3
DME,TRN,1
DME,TSE,1
DME,TUN,1
DME,TXL,3
DME,UCT,1
DME,UFA,4
DME,UGC,3
DME,UKK,1
DME,UKS,1
DME,ULV,1
DME,URA,1
DME,USK,1
DME,UUA,2
DME,UUD,2
DME,UUS,1
DME,VAR,1
DME,VCE,1
DME,VIE,6
DME,VKT,1
DME,VLC,1
DME,VNO,1
DME,VOG,1
DME,VOZ,3
DME,VRA,1
DME,VRN,1
DME,VVO,1
DME,YKS,2
DME,ZRH,1
DMK,AMD,1
DMK,BBI,1
DMK,BFV,2
DMK,BKI,1
DMK,BLR,1
DMK,BNE,1
DMK,BOM,1
DMK,CAN,3
DMK,CCU,1
DMK,CEI,3
DMK,CGK,2
DMK,CGO,2
DMK,CJM,2
DMK,CKG,2
DMK,CMB,1
DMK,CNX,3
DMK,COK,1
DMK,CSX,3
DMK,CTS,1
DMK,CTU,2
DMK,CXR,1
DMK,CZX,1
DMK,DAC,1
DMK,DAD,1
DMK,DEL,1
DMK,DPS,2
DMK,FUK,2
DMK,GAU,1
DMK,HAN,2
DMK,HDY,3
DMK,HFE,1
DMK,HGH,2
DMK,HGN,1
DMK,HKG,1
DMK,HKT,5
DMK,ICN,1
DMK,JAI,1
DMK,JHB,1
DMK,KBV,3
DMK,KHN,2
DMK,KIX,4
DMK,KKC,3
DMK,KMG,1
DMK,KOP,2
DMK,KOS,1
DMK,KTM,1
DMK,KUL,3
DMK,KWL,1
DMK,LOE,2
DMK,LPQ,1
DMK,LPT,1
DMK,LYI,1
DMK,MAA,1
DMK,MAQ,1
DMK,MDL,1
DMK,MFM,1
DMK,MLE,1
DMK,NAW,1
DMK,NGB,2
DMK,NGO,2
DMK,NKG,3
DMK,NNG,1
DMK,NNT,2
DMK,NRT,4
DMK,NST,3
DMK,NTG,1
DMK,PEN,1
DMK,PHS,3
DMK,PNH,1
DMK,PRH,1
DMK,PVG,3
DMK,REP,1
DMK,RGN,3
DMK,ROI,2
DMK,SGN,2
DMK,SHE,2
DMK,SIN,3
DMK,SNO,2
DMK,SUB,1
DMK,SWA,1
DMK,SYX,1
DMK,SZX,2
DMK,TAO,1
DMK,TNA,1
DMK,TPE,3
DMK,TSN,3
DMK,TST,3
DMK,UBP,3
DMK,UNN,2
DMK,URT,3
DMK,UTH,3
DMK,VCA,1
DMK,VTE,1
DMK,VTZ,1
DMK,WUH,2
DMK,XIY,3
DMK,YIW,1
DMK,YNZ,1
DMK,ZYI,1
DMM,ABT,1
DMM,ADD,1
DMM,ADE,1
DMM,AHB,4
DMM,AMM,1
DMM,AMS,3
DMM,AQI,1
DMM,AUH,3
DMM,BAG,1
DMM,BAH,3
DMM,BEY,1
DMM,BHH,1
DMM,BLR,2
DMM,BOM,2
DMM,CAI,3
DMM,CCJ,2
DMM,CMB,3
DMM,COK,2
DMM,DAC,1
DMM,DEL,3
DMM,DOH,1
DMM,DWC,1
DMM,DXB,4
DMM,EAM,1
DMM,ELQ,2
DMM,FRA,2
DMM,GIZ,3
DMM,HAS,1
DMM,HBE,2
DMM,HYD,1
DMM,ISB,4
DMM,IST,2
DMM,IXE,1
DMM,JED,3
DMM,KHI,3
DMM,KRT,1
DMM,KWI,6
DMM,LHE,4
DMM,MAA,1
DMM,MCT,2
DMM,MED,4
DMM,MHD,2
DMM,MNL,2
DMM,RAE,1
DMM,RUH,4
DMM,SHJ,2
DMM,SKT,2
DMM,TAI,1
DMM,TIF,3
DMM,TRV,1
DMM,TUI,1
DMM,TUU,1
DMM,YNB,2
DMM,ZAZ,1
DMU,CCU,1
DMU,DIB,1
DND,STN,2
DNH,HGH,2
DNH,JGN,1
DNH,LHW,3
DNH,URC,2
DNH,XIY,2
DNK,BUS,1
DNK,DME,2
DNK,EVN,1
DNK,IST,3
DNK,KBP,2
DNK,SVO,1
DNK,TBS,1
DNK,TLV,1
DNK,VIE,2
DNR,EMA,1
DNR,GCI,1
DNR,STN,1
DNZ,IST,1
DNZ,SAW,2
DOB,LUV,2
DOH,ADA,1
DOH,ADB,1
DOH,ADD,2
DOH,ADE,1
DOH,ADL,1
DOH,AKL,1
DOH,ALA,1
DOH,ALG,1
DOH,AMD,1
DOH,AMM,2
DOH,AMS,4
DOH,ARN,1
DOH,ATH,2
DOH,ATL,1
DOH,ATQ,1
DOH,AUH,2
DOH,BAH,12
DOH,BCN,3
DOH,BEG,1
DOH,BER,1
DOH,BEY,2
DOH,BGW,1
DOH,BHX,1
DOH,BKK,1
DOH,BLR,1
DOH,BNE,1
DOH,BOM,3
DOH,BOS,1
DOH,BRU,1
DOH,BSR,1
DOH,BUD,1
DOH,CAI,2
DOH,CAN,1
DOH,CCJ,2
DOH,CCU,1
DOH,CDG,1
DOH,CEB,1
DOH,CGK,1
DOH,CKG,1
DOH,CMB,2
DOH,CMN,2
DOH,CNN,1
DOH,CNX,1
DOH,COK,3
DOH,CPH,1
DOH,CPT,1
DOH,CRK,1
DOH,CTU,1
DOH,CWL,1
DOH,DAC,1
DOH,DAD,1
DOH,DAR,1
DOH,DEL,3
DOH,DFW,1
DOH,DME,1
DOH,DMM,1
DOH,DPS,1
DOH,DUB,1
DOH,DVO,1
DOH,DWC,2
DOH,DXB,5
DOH,EBB,1
DOH,EBL,1
DOH,EDI,1
DOH,ELQ,1
DOH,ESB,1
DOH,EVN,1
DOH,FCO,1
DOH,FRA,6
DOH,GIG,1
DOH,GOI,1
DOH,GOT,1
DOH,GRU,1
DOH,GVA,2
DOH,GYD,2
DOH,HAN,1
DOH,HBE,1
DOH,HEL,1
DOH,HGH,1
DOH,HKG,2
DOH,HKT,1
DOH,HND,1
DOH,HYD,1
DOH,IAD,2
DOH,IAH,3
DOH,ICN,2
DOH,IFN,1
DOH,IKA,1
DOH,ISB,1
DOH,IST,2
DOH,ISU,1
DOH,IXE,1
DOH,JED,2
DOH,JFK,2
DOH,JIB,1
DOH,JNB,1
DOH,JRO,1
DOH,KBP,1
DOH,KBV,1
DOH,KGL,1
DOH,KHI,1
DOH,KIX,3
DOH,KRT,2
DOH,KTM,2
DOH,KUL,2
DOH,KWI,2
DOH,LAD,1
DOH,LAX,1
DOH,LCA,1
DOH,LED,1
DOH,LGG,1
DOH,LGW,1
DOH,LHE,1
DOH,LHR,3
DOH,LIS,1
DOH,LOS,1
DOH,LRR,1
DOH,LUX,1
DOH,LXR,1
DOH,LYP,1
DOH,MAA,1
DOH,MAD,3
DOH,MAN,2
DOH,MBA,1
DOH,MCT,5
DOH,MED,1
DOH,MEL,1
DOH,MFM,1
DOH,MHD,1
DOH,MIA,1
DOH,MLA,1
DOH,MLE,1
DOH,MNL,2
DOH,MPM,1
DOH,MUC,2
DOH,MUX,1
DOH,MXP,1
DOH,NAG,1
DOH,NBO,1
DOH,NCE,1
DOH,NJF,1
DOH,NRT,3
DOH,OHS,1
DOH,ORD,2
DOH,OSL,1
DOH,OTP,1
DOH,PEK,1
DOH,PEN,1
DOH,PER,1
DOH,PEW,2
DOH,PHL,2
DOH,PNH,1
DOH,PRG,1
DOH,PSA,1
DOH,PVG,1
DOH,RAK,1
DOH,RBA,1
DOH,RGN,1
DOH,RUH,3
DOH,SAH,2
DOH,SAW,2
DOH,SEA,1
DOH,SEZ,1
DOH,SFO,1
DOH,SGN,1
DOH,SHJ,2
DOH,SIN,1
DOH,SJJ,1
DOH,SKG,1
DOH,SKP,1
DOH,SKT,1
DOH,SLL,1
DOH,SOF,1
DOH,STN,1
DOH,SYD,1
DOH,SYZ,2
DOH,TBS,1
DOH,TIF,1
DOH,TRV,1
DOH,TUN,1
DOH,TXL,1
DOH,VCE,2
DOH,VIE,1
DOH,WAW,1
DOH,WDH,1
DOH,YUL,1
DOH,ZAG,1
DOH,ZAZ,1
DOH,ZNZ,1
DOH,ZRH,1
DOK,DME,1
DOK,DWC,1
DOK,IST,3
DOK,KBP,2
DOK,KUT,1
DOK,LCA,1
DOK,MUC,1
DOK,SAW,1
DOK,SHJ,1
DOK,SKG,1
DOK,SVO,1
DOK,TLV,1
DOL,LCY,2
DOM,ANU,1
DOM,BGI,1
DOM,EIS,2
DOM,PTP,3
DOM,SJU,4
DOM,SLU,1
DOM,STT,1
DOM,SVD,1
DOM,SXM,4
DOU,CGR,1
DOU,GRU,1
DOU,VCP,1
DOY,CAN,1
DOY,CGO,1
DOY,CGQ,1
DOY,CKG,1
DOY,DLC,1
DOY,FUO,1
DOY,HGH,2
DOY,HRB,1
DOY,PEK,2
DOY,PKX,2
DOY,PVG,1
DOY,WUH,1
DPL,CEB,1
DPL,DVO,1
DPL,MNL,2
DPO,MEL,1
DPS,AAP,1
DPS,ADL,3
DPS,ARD,1
DPS,AVV,1
DPS,BDO,4
DPS,BKI,1
DPS,BKK,1
DPS,BMU,4
DPS,BNE,4
DPS,BPN,1
DPS,BTH,1
DPS,BWX,1
DPS,CAN,2
DPS,CGK,7
DPS,CGO,1
DPS,CNS,1
DPS,DIL,3
DPS,DMK,2
DPS,DOH,1
DPS,DRW,2
DPS,FOC,1
DPS,HGH,1
DPS,HKG,5
DPS,HLP,1
DPS,HND,2
DPS,ICN,3
DPS,IST,1
DPS,JOG,4
DPS,KIX,2
DPS,KJT,3
DPS,KMG,1
DPS,KNO,1
DPS,KOE,2
DPS,KUL,5
DPS,LBJ,6
DPS,LHR,1
DPS,LOP,5
DPS,MEL,5
DPS,MLG,2
DPS,MNL,2
DPS,MOF,3
DPS,NKG,1
DPS,NRT,2
DPS,PEK,2
DPS,PER,7
DPS,PHE,1
DPS,PLM,1
DPS,POM,1
DPS,PVG,2
DPS,SGN,1
DPS,SIN,11
DPS,SOC,2
DPS,SRG,4
DPS,SUB,6
DPS,SVO,1
DPS,SYD,5
DPS,SZX,1
DPS,TIM,2
DPS,TMC,4
DPS,TPE,3
DPS,UPG,5
DPS,WGP,3
DPS,WUH,1
DPS,XIY,1
DPS,XMN,1
DPS,YIA,2
DQA,CSX,1
DQA,DLC,2
DQA,NBS,1
DQA,PEK,3
DQA,PKX,1
DQA,PVG,1
DQA,TAO,2
DQA,TSN,1
DQA,XIY,1
DQA,YNT,2
DRG,BKC,2
DRG,OTZ,2
DRK,SJO,3
DRO,DEN,1
DRO,DFW,2
DRO,PHX,2
DRS,AMS,1
DRS,AYT,2
DRS,BCN,2
DRS,BSL,1
DRS,CFU,2
DRS,CGN,2
DRS,DUS,3
DRS,FRA,1
DRS,HER,1
DRS,HRG,1
DRS,LCY,2
DRS,MUC,1
DRS,NBE,1
DRS,PMI,2
DRS,RHO,1
DRS,STR,2
DRS,SVO,1
DRS,TFS,1
DRS,VIE,1
DRS,ZRH,2
DRT,DFW,1
DRV,HAQ,1
DRV,IFU,1
DRV,MLE,1
DRW,ADL,2
DRW,ASP,3
DRW,AYQ,1
DRW,BME,2
DRW,BNE,6
DRW,CNS,2
DRW,DIL,2
DRW,DPS,2
DRW,GOV,3
DRW,GTE,2
DRW,ISA,2
DRW,KNX,2
DRW,KTR,1
DRW,KUL,1
DRW,MCV,1
DRW,MEL,3
DRW,MNG,1
DRW,MNL,1
DRW,PER,2
DRW,SIN,4
DRW,SYD,4
DRW,TSV,2
DSA,ACE,1
DSA,AGP,1
DSA,ALC,1
DSA,GDN,1
DSA,JER,1
DSA,KTW,1
DSA,LPA,1
DSA,PMI,2
DSA,POZ,1
DSA,TFS,1
DSA,VNO,1
DSA,WAW,1
DSA,WRO,1
DSE,ADD,1
DSK,PEW,1
DSK,PZH,1
DSM,ATL,3
DSM,CLT,2
DSM,DCA,2
DSM,DEN,2
DSM,DFW,3
DSM,DTW,1
DSM,EWR,1
DSM,IAH,1
DSM,LAS,2
DSM,LGA,1
DSM,MDW,2
DSM,MSP,1
DSM,OKC,1
DSM,ORD,3
DSM,PGD,1
DSM,PHL,1
DSM,PHX,3
DSM,PIE,1
DSM,SFB,1
DSM,SLC,1
DSN,BKK,1
DSN,CGO,3
DSN,CKG,2
DSN,CSX,2
DSN,CTU,3
DSN,DLC,1
DSN,FUG,1
DSN,HDG,1
DSN,HET,1
DSN,HFE,1
DSN,HGH,2
DSN,HNY,1
DSN,HRB,1
DSN,INC,3
DSN,JNG,1
DSN,KMG,1
DSN,KWL,1
DSN,LHW,1
DSN,LYA,1
DSN,LYG,1
DSN,LZO,1
DSN,NAY,2
DSN,NKG,2
DSN,PEK,2
DSN,PKX,1
DSN,PVG,1
DSN,SHE,1
DSN,SJW,2
DSN,TAO,1
DSN,TNA,1
DSN,TSN,1
DSN,TYN,3
DSN,URC,1
DSN,WUA,1
DSN,WUH,2
DSN,XIY,3
DSN,XNN,1
DSN,YNT,1
DSS,ABJ,4
DSS,BCN,1
DSS,BJL,3
DSS,BKO,3
DSS,BRU,1
DSS,CDG,2
DSS,CKY,3
DSS,CMN,1
DSS,FRA,1
DSS,IAD,1
DSS,ISL,1
DSS,IST,1
DSS,JFK,1
DSS,LIS,1
DSS,MAD,1
DSS,OXB,3
DSS,RAI,1
DSS,ZIG,1
DTB,CGK,2
DTB,HLP,1
DTM,ADB,1
DTM,AGP,1
DTM,AHO,1
DTM,BCN,2
DTM,BEG,1
DTM,BUD,1
DTM,CLJ,1
DTM,DEB,1
DTM,FAO,1
DTM,GDN,1
DTM,GRO,1
DTM,HDF,1
DTM,HRK,1
DTM,IAS,1
DTM,IEV,1
DTM,INI,1
DTM,KIV,1
DTM,KRK,1
DTM,KTW,1
DTM,KUT,1
DTM,LTN,1
DTM,LWO,1
DTM,MUC,3
DTM,ONQ,1
DTM,OPO,1
DTM,OTP,1
DTM,PLQ,1
DTM,PMI,4
DTM,PRN,1
DTM,SAW,2
DTM,SBZ,1
DTM,SKP,1
DTM,SOF,1
DTM,SPU,2
DTM,STN,1
DTM,SZY,1
DTM,TGM,1
DTM,TSR,1
DTM,TZL,1
DTM,VAR,1
DTM,VNO,1
DTM,WRO,1
DTW,ABE,1
DTW,ACY,1
DTW,ALB,1
DTW,AMM,1
DTW,AMS,2
DTW,APN,1
DTW,ATL,8
DTW,ATW,1
DTW,AUS,1
DTW,AVL,1
DTW,AVP,1
DTW,AZO,1
DTW,BDL,1
DTW,BGM,1
DTW,BGR,1
DTW,BHM,1
DTW,BJX,1
DTW,BMI,1
DTW,BNA,2
DTW,BOS,2
DTW,BTV,1
DTW,BUF,1
DTW,BWI,4
DTW,CAE,1
DTW,CAK,1
DTW,CDG,3
DTW,CHA,1
DTW,CHS,1
DTW,CID,1
DTW,CIU,1
DTW,CLE,1
DTW,CLT,3
DTW,CMH,1
DTW,CRW,1
DTW,CUN,3
DTW,CVG,1
DTW,CWA,1
DTW,DAY,1
DTW,DCA,3
DTW,DEN,5
DTW,DFW,4
DTW,DSM,1
DTW,ELM,1
DTW,ERI,1
DTW,ESC,1
DTW,EVV,1
DTW,EWR,2
DTW,FCO,1
DTW,FLL,2
DTW,FRA,5
DTW,FWA,1
DTW,GCM,1
DTW,GRB,1
DTW,GRR,1
DTW,GRU,2
DTW,GSO,1
DTW,GSP,1
DTW,HND,1
DTW,HPN,1
DTW,HSV,1
DTW,IAD,2
DTW,IAH,3
DTW,ICN,1
DTW,ILG,1
DTW,IMT,1
DTW,IND,1
DTW,ITH,1
DTW,JAX,2
DTW,JFK,1
DTW,LAN,1
DTW,LAS,3
DTW,LAX,3
DTW,LEX,1
DTW,LGA,4
DTW,LHR,4
DTW,LIT,1
DTW,LSE,1
DTW,MBJ,1
DTW,MBS,1
DTW,MCI,2
DTW,MCO,2
DTW,MDT,1
DTW,MDW,3
DTW,MEM,1
DTW,MEX,2
DTW,MHT,1
DTW,MIA,3
DTW,MKE,1
DTW,MLI,1
DTW,MQT,1
DTW,MSN,1
DTW,MSP,3
DTW,MSY,5
DTW,MTY,2
DTW,MUC,1
DTW,MYR,2
DTW,NAS,1
DTW,NGO,1
DTW,NRT,1
DTW,OKC,1
DTW,OMA,2
DTW,ORD,4
DTW,ORF,1
DTW,ORH,1
DTW,PBI,1
DTW,PDX,2
DTW,PEK,3
DTW,PHL,3
DTW,PHX,4
DTW,PIA,1
DTW,PIT,2
DTW,PLN,1
DTW,PUJ,1
DTW,PVD,1
DTW,PVG,3
DTW,PWM,1
DTW,QRO,1
DTW,RDU,1
DTW,RIC,1
DTW,ROA,1
DTW,ROC,1
DTW,RSW,2
DTW,SAN,2
DTW,SAT,1
DTW,SAV,1
DTW,SBN,1
DTW,SCE,1
DTW,SDF,1
DTW,SEA,2
DTW,SFO,2
DTW,SJC,1
DTW,SJD,1
DTW,SJU,1
DTW,SLC,1
DTW,SMF,1
DTW,SNA,1
DTW,SRQ,1
DTW,STL,2
DTW,SWF,1
DTW,SYR,1
DTW,TPA,2
DTW,TTN,1
DTW,TUL,1
DTW,TVC,1
DTW,TYS,1
DTW,XNA,1
DTW,YOW,1
DTW,YUL,4
DTW,YYZ,4
DUB,ABZ,1
DUB,ACE,2
DUB,ADB,1
DUB,AGP,2
DUB,AHO,1
DUB,ALC,2
DUB,AMS,3
DUB,ARN,2
DUB,ATH,3
DUB,ATL,3
DUB,AUH,2
DUB,BCN,3
DUB,BDL,1
DUB,BER,1
DUB,BGY,1
DUB,BHX,2
DUB,BIO,1
DUB,BIQ,1
DUB,BLK,1
DUB,BLQ,2
DUB,BOD,2
DUB,BOH,2
DUB,BOJ,1
DUB,BOS,3
DUB,BRE,1
DUB,BRI,1
DUB,BRS,2
DUB,BRU,3
DUB,BSL,1
DUB,BTS,1
DUB,BUD,2
DUB,BVA,1
DUB,BZG,1
DUB,CCF,1
DUB,CDG,3
DUB,CFN,2
DUB,CFU,1
DUB,CGN,3
DUB,CHQ,1
DUB,CIA,1
DUB,CIY,1
DUB,CLT,2
DUB,CPH,4
DUB,CRL,1
DUB,CTA,1
DUB,CWL,1
DUB,DBV,1
DUB,DOH,1
DUB,DUS,3
DUB,DXB,2
DUB,EDI,2
DUB,EIN,1
DUB,EMA,1
DUB,EWR,3
DUB,EXT,1
DUB,FAO,2
DUB,FCO,1
DUB,FMM,1
DUB,FRA,3
DUB,FUE,2
DUB,GDN,1
DUB,GLA,2
DUB,GRO,1
DUB,GVA,3
DUB,HAJ,1
DUB,HAM,2
DUB,HEL,2
DUB,HHN,1
DUB,IAD,3
DUB,IBZ,2
DUB,IOM,1
DUB,IST,1
DUB,JER,1
DUB,JFK,9
DUB,KBP,1
DUB,KIR,1
DUB,KIV,1
DUB,KRK,1
DUB,KTW,1
DUB,KUN,1
DUB,LAX,1
DUB,LBA,2
DUB,LCJ,1
DUB,LCY,4
DUB,LEI,1
DUB,LGW,2
DUB,LHR,3
DUB,LIN,1
DUB,LIS,3
DUB,LPA,2
DUB,LPL,1
DUB,LRH,1
DUB,LTN,1
DUB,LUX,2
DUB,LUZ,1
DUB,LYS,1
DUB,MAD,4
DUB,MAN,2
DUB,MCO,1
DUB,MIA,1
DUB,MJV,1
DUB,MLA,1
DUB,MRS,1
DUB,MSP,1
DUB,MUC,3
DUB,MXP,2
DUB,NAP,2
DUB,NCE,2
DUB,NCL,2
DUB,NQY,1
DUB,NTE,1
DUB,OPO,1
DUB,ORD,8
DUB,ORY,1
DUB,OSL,2
DUB,OTP,2
DUB,PFO,1
DUB,PGF,1
DUB,PHL,3
DUB,PIK,1
DUB,PMI,2
DUB,POZ,1
DUB,PRG,2
DUB,PSA,1
DUB,PUY,1
DUB,RAK,1
DUB,RDZ,1
DUB,REU,1
DUB,RIX,1
DUB,RMU,1
DUB,RYG,1
DUB,RZE,1
DUB,SCQ,1
DUB,SDR,1
DUB,SEA,1
DUB,SEN,2
DUB,SFO,1
DUB,SOF,1
DUB,SOU,1
DUB,STN,1
DUB,STR,1
DUB,SVO,1
DUB,SVQ,1
DUB,SXF,2
DUB,SZZ,1
DUB,TFS,2
DUB,TLS,2
DUB,TSF,1
DUB,TUF,1
DUB,TXL,1
DUB,VCE,1
DUB,VIE,1
DUB,VLC,1
DUB,VNO,1
DUB,VRN,1
DUB,WAW,1
DUB,WMI,1
DUB,WRO,1
DUB,YUL,1
DUB,YYZ,4
DUB,ZAD,1
DUB,ZAG,1
DUB,ZRH,2
DUD,AKL,2
DUD,BNE,1
DUD,CHC,1
DUD,WLG,1
DUJ,CLE,1
DUJ,FKL,1
DUR,BFN,1
DUR,CPT,4
DUR,DOH,1
DUR,DXB,2
DUR,ELS,2
DUR,GRJ,1
DUR,HLA,2
DUR,HRE,1
DUR,JNB,7
DUR,LHR,1
DUR,LUN,1
DUR,MPM,1
DUR,MQP,1
DUR,MRU,1
DUR,PLZ,3
DUS,ACE,5
DUS,ADA,1
DUS,ADB,2
DUS,AGA,2
DUS,AGP,4
DUS,ALC,2
DUS,AMS,2
DUS,AOI,1
DUS,AOK,1
DUS,ARN,4
DUS,ASR,2
DUS,ATH,3
DUS,ATL,3
DUS,AUH,3
DUS,AYT,6
DUS,AZS,1
DUS,BCN,5
DUS,BDS,1
DUS,BEG,2
DUS,BER,1
DUS,BEY,1
DUS,BGI,1
DUS,BHX,3
DUS,BIA,2
DUS,BIO,2
DUS,BKK,1
DUS,BLL,1
DUS,BLQ,1
DUS,BOD,1
DUS,BRI,2
DUS,BSL,2
DUS,BUD,2
DUS,BVC,1
DUS,CAG,4
DUS,CDG,4
DUS,CFU,4
DUS,CHQ,2
DUS,CLY,1
DUS,CPH,6
DUS,CTA,7
DUS,CUN,2
DUS,CUR,1
DUS,CWL,1
DUS,DBV,4
DUS,DJE,3
DUS,DLM,2
DUS,DME,2
DUS,DRS,3
DUS,DUB,3
DUS,DXB,2
DUS,EBL,1
DUS,EDI,1
DUS,ESB,2
DUS,EWR,3
DUS,EXT,1
DUS,FAO,4
DUS,FCO,5
DUS,FDH,2
DUS,FLR,4
DUS,FNC,4
DUS,FRA,2
DUS,FUE,5
DUS,GCI,2
DUS,GDN,1
DUS,GLA,1
DUS,GOA,1
DUS,GOT,2
DUS,GPA,1
DUS,GRZ,2
DUS,GVA,2
DUS,GWT,2
DUS,GZT,1
DUS,HAM,3
DUS,HAV,1
DUS,HDF,2
DUS,HEL,2
DUS,HER,7
DUS,HRG,5
DUS,IBZ,4
DUS,IKA,1
DUS,IST,1
DUS,ISU,1
DUS,JER,2
DUS,JFK,3
DUS,JMK,1
DUS,JSI,1
DUS,JTR,1
DUS,KGS,4
DUS,KLX,2
DUS,KRK,1
DUS,KSC,1
DUS,KTW,1
DUS,KVA,3
DUS,LAS,1
DUS,LAX,2
DUS,LBA,1
DUS,LCA,1
DUS,LCY,1
DUS,LED,3
DUS,LEJ,2
DUS,LGW,1
DUS,LHR,4
DUS,LIN,1
DUS,LIS,2
DUS,LNZ,2
DUS,LPA,6
DUS,LUX,2
DUS,LYS,2
DUS,MAD,4
DUS,MAH,2
DUS,MAN,3
DUS,MBJ,1
DUS,MIA,3
DUS,MJT,1
DUS,MLA,2
DUS,MPL,1
DUS,MRS,1
DUS,MUC,3
DUS,MXP,4
DUS,NAP,4
DUS,NBE,3
DUS,NCE,3
DUS,NCL,2
DUS,NQY,2
DUS,NRT,2
DUS,NTE,2
DUS,NUE,3
DUS,NYO,1
DUS,OLB,5
DUS,OMO,1
DUS,ONQ,1
DUS,OPO,1
DUS,ORD,8
DUS,OSL,2
DUS,OTP,2
DUS,PDL,1
DUS,PEK,2
DUS,PMI,7
DUS,POP,2
DUS,POZ,1
DUS,PRG,4
DUS,PRN,2
DUS,PUJ,3
DUS,PUY,1
DUS,PVK,2
DUS,RAK,2
DUS,RHO,5
DUS,RIX,2
DUS,RJK,1
DUS,RMF,2
DUS,RSW,3
DUS,SAW,3
DUS,SID,1
DUS,SIN,1
DUS,SKG,5
DUS,SMI,3
DUS,SNU,1
DUS,SPC,3
DUS,SPU,5
DUS,STN,1
DUS,STR,2
DUS,SUF,3
DUS,SVO,1
DUS,SZF,1
DUS,SZG,3
DUS,TFS,5
DUS,TGD,1
DUS,TIV,1
DUS,TLV,1
DUS,TRN,1
DUS,TUN,1
DUS,TXL,3
DUS,TZX,1
DUS,VCE,4
DUS,VIE,4
DUS,VKO,1
DUS,VLC,2
DUS,VRA,2
DUS,WAW,3
DUS,WRO,2
DUS,XRY,3
DUS,ZAD,2
DUS,ZAG,1
DUS,ZRH,4
DUS,ZTH,3
DUT,AKB,1
DUT,IKO,1
DUT,KQA,1
DVL,JMS,1
DVO,BCD,1
DVO,CEB,3
DVO,CGY,2
DVO,CRK,1
DVO,DOH,1
DVO,DPL,1
DVO,HKG,1
DVO,IAO,1
DVO,ILO,1
DVO,JJN,1
DVO,MDC,1
DVO,MNL,3
DVO,PPS,1
DVO,SIN,3
DVO,TAG,2
DVO,ZAM,2
DWC,ADD,1
DWC,AMD,1
DWC,AMM,1
DWC,AMS,2
DWC,BAH,2
DWC,BEY,1
DWC,BUD,1
DWC,CEK,1
DWC,CGP,1
DWC,CMB,1
DWC,DME,1
DWC,DMM,1
DWC,DOH,2
DWC,DOK,1
DWC,DUS,1
DWC,FRA,2
DWC,GOJ,1
DWC,HKG,2
DWC,IEV,1
DWC,ISL,1
DWC,JED,1
DWC,KBL,1
DWC,KIV,1
DWC,KRT,1
DWC,KTM,1
DWC,KUF,3
DWC,KUL,1
DWC,KWI,2
DWC,KZN,1
DWC,LED,1
DWC,LHR,2
DWC,MAA,1
DWC,MAD,1
DWC,MCT,1
DWC,MLE,1
DWC,MNL,2
DWC,MRV,1
DWC,ODS,1
DWC,OMS,1
DWC,OTP,1
DWC,OVB,1
DWC,PEE,1
DWC,RUH,1
DWC,SOF,1
DWC,STR,1
DWC,SVO,1
DWC,SVX,3
DWC,TJM,1
DWC,TPE,1
DWC,UFA,1
DWC,VKO,1
DWD,JED,1
DWD,RUH,1
DXB,ABV,1
DXB,ACC,1
DXB,ADD,3
DXB,ADE,2
DXB,ADL,2
DXB,AER,1
DXB,AHB,1
DXB,AKL,1
DXB,ALA,1
DXB,ALG,2
DXB,AMD,3
DXB,AMM,4
DXB,AMS,4
DXB,ARN,2
DXB,ASB,2
DXB,ASM,1
DXB,ATH,2
DXB,ATL,1
DXB,ATQ,1
DXB,AWZ,1
DXB,AZI,1
DXB,BAH,5
DXB,BBO,2
DXB,BCN,1
DXB,BDH,1
DXB,BEG,1
DXB,BEY,3
DXB,BGW,2
DXB,BHX,2
DXB,BKK,3
DXB,BLQ,1
DXB,BLR,1
DXB,BND,2
DXB,BNE,2
DXB,BOM,6
DXB,BOS,2
DXB,BRU,1
DXB,BSR,2
DXB,BTS,1
DXB,BUD,1
DXB,BUZ,1
DXB,BWN,1
DXB,CAI,3
DXB,CAN,2
DXB,CCJ,4
DXB,CCU,2
DXB,CDG,3
DXB,CEB,1
DXB,CGK,2
DXB,CGP,2
DXB,CKG,1
DXB,CMB,4
DXB,CMN,1
DXB,COK,6
DXB,CPH,2
DXB,CPT,2
DXB,CRK,1
DXB,CTA,1
DXB,DAC,3
DXB,DAR,2
DXB,DEL,7
DXB,DFW,2
DXB,DKR,1
DXB,DME,1
DXB,DMM,4
DXB,DOH,4
DXB,DPS,1
DXB,DSS,1
DXB,DUB,2
DXB,DUR,2
DXB,DUS,2
DXB,DYU,2
DXB,EBB,2
DXB,EBL,2
DXB,EDI,1
DXB,ELQ,1
DXB,EVN,1
DXB,EWR,1
DXB,FCO,1
DXB,FLL,1
DXB,FRA,3
DXB,FRU,1
DXB,GIG,1
DXB,GIZ,1
DXB,GLA,2
DXB,GOI,1
DXB,GRU,1
DXB,GSM,2
DXB,GVA,2
DXB,GYD,2
DXB,HAM,2
DXB,HAN,1
DXB,HAS,1
DXB,HBE,1
DXB,HEL,2
DXB,HGA,3
DXB,HKG,2
DXB,HKT,1
DXB,HND,2
DXB,HOF,1
DXB,HRK,1
DXB,HYD,4
DXB,IAD,3
DXB,IAH,2
DXB,ICN,2
DXB,IDR,1
DXB,IFN,2
DXB,IKA,4
DXB,ISB,3
DXB,IST,3
DXB,ISU,1
DXB,IXE,2
DXB,JAI,1
DXB,JED,5
DXB,JFK,2
DXB,JIB,1
DXB,JNB,2
DXB,JRO,1
DXB,JUB,1
DXB,KBL,5
DXB,KBP,3
DXB,KDH,1
DXB,KGL,1
DXB,KHI,4
DXB,KIH,1
DXB,KIX,2
DXB,KJA,1
DXB,KMG,1
DXB,KRK,1
DXB,KRR,2
DXB,KRT,3
DXB,KTM,1
DXB,KUF,1
DXB,KUL,3
DXB,KWI,5
DXB,LAD,2
DXB,LAX,2
DXB,LCA,1
DXB,LED,1
DXB,LEJ,1
DXB,LFM,1
DXB,LGW,2
DXB,LHE,3
DXB,LHR,5
DXB,LIS,2
DXB,LKO,2
DXB,LOS,1
DXB,LRR,3
DXB,LUN,1
DXB,LYP,1
DXB,LYS,1
DXB,MAA,4
DXB,MAD,1
DXB,MAN,2
DXB,MBA,1
DXB,MCO,1
DXB,MCT,5
DXB,MCX,1
DXB,MED,3
DXB,MEL,2
DXB,MHD,2
DXB,MLA,1
DXB,MLE,1
DXB,MNL,3
DXB,MRU,2
DXB,MRV,2
DXB,MUC,3
DXB,MUX,2
DXB,MXP,2
DXB,NAP,1
DXB,NBO,4
DXB,NCE,1
DXB,NCL,2
DXB,NJF,1
DXB,NRT,2
DXB,ODS,1
DXB,OPO,1
DXB,ORD,1
DXB,OSL,1
DXB,OTP,2
DXB,OVB,1
DXB,PEK,2
DXB,PER,2
DXB,PEW,2
DXB,PNQ,1
DXB,PRG,4
DXB,PVG,2
DXB,PZU,1
DXB,RGN,1
DXB,RIY,1
DXB,ROV,1
DXB,RUH,5
DXB,SAH,3
DXB,SAW,4
DXB,SEA,2
DXB,SEZ,1
DXB,SFO,2
DXB,SGN,1
DXB,SIN,5
DXB,SJJ,1
DXB,SKP,1
DXB,SKT,2
DXB,SLL,2
DXB,SOF,1
DXB,STN,1
DXB,SVO,3
DXB,SVX,2
DXB,SYD,2
DXB,SYZ,3
DXB,SZX,1
DXB,TAO,1
DXB,TAS,2
DXB,TBS,1
DXB,TBZ,1
DXB,TIF,1
DXB,TIP,1
DXB,TPE,1
DXB,TRV,3
DXB,TRZ,1
DXB,TSE,1
DXB,TUN,2
DXB,TUU,1
DXB,UET,1
DXB,URC,1
DXB,VCE,1
DXB,VIE,2
DXB,VKO,2
DXB,VOG,1
DXB,WAW,2
DXB,WUH,1
DXB,XIY,1
DXB,XSB,1
DXB,YNB,1
DXB,YYZ,2
DXB,ZAH,1
DXB,ZBR,1
DXB,ZNZ,1
DXB,ZRH,3
DXB,ZYL,1
DYG,BKK,1
DYG,CAN,1
DYG,CGO,1
DYG,CKG,3
DYG,CSX,2
DYG,CTU,1
DYG,CZX,1
DYG,HAK,1
DYG,HGH,1
DYG,HNY,1
DYG,ICN,2
DYG,KMG,1
DYG,KWE,1
DYG,KWL,1
DYG,LHW,1
DYG,NGB,1
DYG,NKG,3
DYG,PEK,3
DYG,PUS,2
DYG,PVG,4
DYG,SWA,1
DYG,SZX,1
DYG,TNA,1
DYG,TPE,2
DYG,TSN,1
DYG,TYN,1
DYG,WUX,1
DYG,XIY,2
DYG,XNN,1
DYG,YNT,1
DYR,DME,1
DYR,KHV,1
DYU,AER,2
DYU,ALA,3
DYU,CEK,2
DYU,DEL,1
DYU,DME,2
DYU,DXB,2
DYU,FRA,1
DYU,FRU,2
DYU,GOJ,1
DYU,IKA,2
DYU,IKT,2
DYU,IST,3
DYU,KJA,3
DYU,KRR,3
DYU,KUF,1
DYU,KZN,2
DYU,LBD,1
DYU,LED,4
DYU,MHD,1
DYU,MRV,1
DYU,NBC,1
DYU,OMS,1
DYU,OVB,3
DYU,REN,1
DYU,ROV,1
DYU,SGC,1
DYU,SHJ,1
DYU,SVX,3
DYU,TAS,1
DYU,UFA,1
DYU,URC,3
DYU,VOG,1
DYU,ZIA,1
DZA,AJN,1
DZA,DAR,1
DZA,DIE,2
DZA,HAH,6
DZA,MJN,2
DZA,NBO,2
DZA,NOS,1
DZA,POL,1
DZA,RUN,2
DZA,TNR,3
DZN,ALA,1
DZN,TSE,1
EAE,VLI,1
EAE,VLS,1
EAM,DMM,1
EAM,JED,1
EAM,RUH,1
EAR,DEN,1
EAS,BCN,2
EAS,MAD,1
EAT,SEA,1
EAU,ORD,1
EBA,ACH,1
EBA,BRN,1
EBA,FDH,1
EBA,MUC,1
EBA,ZRH,1
EBB,ADD,1
EBB,AMS,3
EBB,ASM,1
EBB,BGF,1
EBB,BJM,2
EBB,BRU,4
EBB,CAI,1
EBB,DAR,2
EBB,DOH,1
EBB,DXB,1
EBB,GOM,1
EBB,ISL,1
EBB,IST,1
EBB,JNB,1
EBB,JRO,3
EBB,JUB,3
EBB,KGL,7
EBB,KSE,1
EBB,LHR,2
EBB,MGQ,1
EBB,NBO,7
EBB,PAF,1
EBB,RUA,1
EBH,ALG,1
EBJ,ABZ,2
EBJ,BLL,1
EBJ,SVG,1
EBL,ADA,3
EBL,AMM,4
EBL,AMS,1
EBL,ARN,3
EBL,AUH,1
EBL,AYT,2
EBL,BEY,4
EBL,CAI,2
EBL,CGN,1
EBL,DIY,1
EBL,DOH,1
EBL,DUS,3
EBL,DXB,3
EBL,ESB,5
EBL,EVN,2
EBL,FRA,2
EBL,GOT,1
EBL,GYD,3
EBL,GZT,1
EBL,IKA,1
EBL,IST,6
EBL,JED,1
EBL,MAN,1
EBL,MUC,2
EBL,SAW,2
EBL,SHJ,1
EBL,TBS,1
EBL,TXL,1
EBL,TZX,1
EBL,VIE,1
EBU,BIA,2
EBU,FEZ,1
EBU,OPO,1
EBU,SAW,1
ECN,ADA,3
ECN,ADB,3
ECN,AYT,2
ECN,ESB,2
ECN,GZT,2
ECN,HTY,2
ECN,IST,3
ECN,SAW,2
ECP,ATL,3
ECP,BNA,1
ECP,BWI,1
ECP,CLT,1
ECP,DFW,1
ECP,HOU,1
ECP,IAH,1
ECP,STL,1
EDA,KTN,1
EDI,ACE,3
EDI,AGP,2
EDI,ALC,3
EDI,AMS,2
EDI,ARN,2
EDI,ATH,2
EDI,BCN,3
EDI,BFS,1
EDI,BGO,2
EDI,BGY,1
EDI,BHD,1
EDI,BHX,1
EDI,BJV,1
EDI,BLQ,1
EDI,BOD,1
EDI,BRE,1
EDI,BRS,1
EDI,BRU,2
EDI,BSL,1
EDI,BTS,1
EDI,BUD,2
EDI,BZR,1
EDI,CDG,5
EDI,CFU,1
EDI,CGN,2
EDI,CIA,1
EDI,CPH,3
EDI,CRL,1
EDI,CWL,2
EDI,DBV,2
EDI,DLM,1
EDI,DOH,1
EDI,DUB,2
EDI,DUS,1
EDI,EIN,1
EDI,EMA,1
EDI,EWR,2
EDI,EXT,1
EDI,FAO,2
EDI,FNC,1
EDI,FRA,1
EDI,FUE,2
EDI,GDN,1
EDI,GOT,1
EDI,GSE,1
EDI,GVA,1
EDI,HAM,2
EDI,HEL,1
EDI,HER,1
EDI,HHN,1
EDI,ILY,1
EDI,IOM,1
EDI,IST,1
EDI,JER,2
EDI,JFK,1
EDI,KEF,1
EDI,KOI,1
EDI,KRK,2
EDI,KTW,1
EDI,KUN,1
EDI,LCY,1
EDI,LDY,1
EDI,LGW,2
EDI,LHR,5
EDI,LIS,1
EDI,LPA,3
EDI,LSI,1
EDI,LTN,1
EDI,LUX,1
EDI,LYS,1
EDI,MAD,1
EDI,MAH,1
EDI,MAN,1
EDI,MJV,1
EDI,MLA,1
EDI,MRS,1
EDI,MUC,2
EDI,MXP,1
EDI,NAP,1
EDI,NCE,1
EDI,NRN,1
EDI,NTE,1
EDI,NWI,2
EDI,ORD,1
EDI,ORK,1
EDI,OSL,2
EDI,OTP,1
EDI,PFO,2
EDI,PMI,4
EDI,POZ,1
EDI,PRG,3
EDI,PSA,1
EDI,RIX,1
EDI,RTM,1
EDI,RYG,1
EDI,SDR,1
EDI,SEN,1
EDI,SNN,1
EDI,SOF,1
EDI,SOU,1
EDI,STN,1
EDI,SVG,2
EDI,SVQ,2
EDI,SXF,2
EDI,SYY,1
EDI,TFS,5
EDI,TLL,1
EDI,TLS,1
EDI,TSF,1
EDI,TXL,1
EDI,VCE,1
EDI,VIE,1
EDI,WIC,2
EDI,WMI,1
EDI,WRO,1
EDI,ZRH,1
EDL,ADD,1
EDL,GGM,1
EDL,KIS,1
EDL,LOK,1
EDL,NBO,3
EDO,IST,1
EDO,SAW,1
EDR,CNS,1
EDR,CUQ,1
EDR,KWM,2
EEK,BET,1
EEK,KWN,3
EFL,AMS,1
EFL,ATH,2
EFL,LGW,1
EFL,MUC,1
EFL,PRG,1
EFL,PVK,1
EFL,STN,1
EFL,VIE,1
EGC,BRS,1
EGC,CRL,1
EGC,EMA,1
EGC,EXT,2
EGC,LPL,1
EGC,PGX,1
EGC,RTM,1
EGC,SOU,2
EGC,STN,1
EGE,DEN,1
EGE,DFW,1
EGE,IAH,1
EGE,JFK,1
EGE,LAX,1
EGE,LGA,1
EGE,MIA,1
EGE,ORD,1
EGE,PHL,1
EGE,PHX,1
EGM,GZO,1
EGM,HIR,1
EGM,RBV,1
EGM,VAO,1
EGN,KRT,2
EGO,DME,4
EGO,FRU,1
EGO,GOJ,1
EGO,KGD,2
EGO,KRR,1
EGO,KUF,1
EGO,KZN,1
EGO,LED,1
EGO,ROV,1
EGO,SVO,1
EGS,RKV,1
EGX,AKN,1
EIN,ACE,3
EIN,AGP,2
EIN,AHO,1
EIN,ALC,2
EIN,ARN,1
EIN,ATH,2
EIN,AYT,1
EIN,BCN,1
EIN,BDS,1
EIN,BEG,1
EIN,BGY,1
EIN,BJV,1
EIN,BLQ,1
EIN,BUD,1
EIN,CCF,1
EIN,CFU,1
EIN,CHQ,1
EIN,CIA,1
EIN,CLJ,1
EIN,CPH,1
EIN,CTA,1
EIN,DEB,1
EIN,DLM,1
EIN,DUB,1
EIN,FAO,2
EIN,FEZ,1
EIN,FUE,1
EIN,GDN,1
EIN,GRO,1
EIN,GRQ,1
EIN,IAS,1
EIN,IBZ,2
EIN,INN,1
EIN,KRK,2
EIN,KTW,1
EIN,LIS,1
EIN,LPA,2
EIN,LUZ,1
EIN,MAD,1
EIN,MAN,1
EIN,MJV,1
EIN,MLA,1
EIN,MRS,1
EIN,NAP,1
EIN,NCE,1
EIN,NOC,1
EIN,OPO,1
EIN,OTP,1
EIN,PMI,2
EIN,POZ,1
EIN,PRG,2
EIN,PSA,1
EIN,RAK,2
EIN,REU,1
EIN,RIX,1
EIN,RTM,1
EIN,SAW,1
EIN,SKG,1
EIN,SKP,1
EIN,SOF,2
EIN,STN,1
EIN,SVQ,2
EIN,SZG,1
EIN,TFS,1
EIN,TLV,1
EIN,TPS,1
EIN,TSF,1
EIN,TXL,1
EIN,TZL,1
EIN,VAR,1
EIN,VCE,1
EIN,VIE,1
EIN,VKO,1
EIN,VLC,1
EIN,VNO,1
EIN,WAW,1
EIN,WMI,1
EIN,WRO,1
EIS,ANU,1
EIS,DOM,3
EIS,NEV,1
EIS,SDQ,1
EIS,SJU,4
EIS,SKB,1
EIS,STT,3
EIS,STX,1
EIS,SXM,5
EJA,BOG,1
EJH,JED,1
EJH,RUH,1
EKO,SLC,1
EKS,UUS,1
ELC,MNG,1
ELD,DAL,1
ELD,HOT,1
ELF,KRT,2
ELG,OGX,1
ELG,TMR,1
ELH,ATL,1
ELH,CLT,1
ELH,FLL,2
ELH,MIA,2
ELH,NAS,2
ELH,PBI,2
ELI,GLV,1
ELI,KKA,2
ELI,OME,2
ELL,JNB,1
ELM,DTW,1
ELM,ORD,1
ELM,PHL,2
ELM,PIE,1
ELM,SFB,1
ELP,ATL,3
ELP,AUS,1
ELP,BOI,1
ELP,DAL,1
ELP,DEN,1
ELP,DFW,2
ELP,HOU,1
ELP,IAH,1
ELP,LAS,1
ELP,LAX,5
ELP,ORD,3
ELP,PHL,1
ELP,PHX,3
ELP,SAN,1
ELP,SAT,2
ELP,SEA,1
ELQ,CAI,4
ELQ,DMM,1
ELQ,DOH,1
ELQ,DXB,1
ELQ,IST,1
ELQ,JED,2
ELQ,MED,1
ELQ,RUH,1
ELQ,SHJ,1
ELQ,TIF,1
ELS,CPT,1
ELS,DUR,1
ELS,JNB,3
ELS,PLZ,1
ELS,UTT,1
ELU,ALG,1
ELV,JNU,1
EMA,ABZ,1
EMA,ACE,7
EMA,AGP,4
EMA,ALC,5
EMA,AMS,1
EMA,BCN,1
EMA,BGY,1
EMA,BHD,1
EMA,BJV,1
EMA,BRU,2
EMA,BUD,1
EMA,CCF,1
EMA,CDG,1
EMA,CFU,1
EMA,CHQ,1
EMA,CIA,1
EMA,DBV,1
EMA,DLM,3
EMA,DNR,1
EMA,DUB,1
EMA,EDI,1
EMA,EGC,1
EMA,FAO,4
EMA,FNC,2
EMA,FUE,4
EMA,GCI,1
EMA,GLA,1
EMA,GRO,1
EMA,HER,1
EMA,IBZ,3
EMA,INV,1
EMA,JER,1
EMA,KRK,1
EMA,LCA,1
EMA,LEI,1
EMA,LEJ,1
EMA,LIG,1
EMA,LPA,3
EMA,LRH,1
EMA,MAH,3
EMA,MJV,2
EMA,MLA,1
EMA,NBE,3
EMA,NOC,1
EMA,ORK,1
EMA,PFO,3
EMA,PMI,5
EMA,PRG,1
EMA,PSA,1
EMA,REU,1
EMA,RHO,3
EMA,RIX,1
EMA,RZE,1
EMA,SXF,1
EMA,TFS,7
EMA,TSF,1
EMA,VLC,1
EMA,WMI,1
EMA,WRO,1
EMD,BNE,2
EMK,AUK,1
EMK,BET,1
EMK,KOT,2
ENA,ANC,3
ENE,KOE,2
ENE,LBJ,2
ENE,TMC,1
ENH,DLU,1
ENH,KWE,1
ENH,NNG,1
ENH,TAO,1
ENH,WUH,4
ENI,CEB,1
ENI,CRK,1
ENI,MNL,1
ENI,MPH,1
ENI,PPS,1
ENI,TAG,1
ENI,USU,1
ENU,ABV,1
ENU,ADD,1
ENU,LOS,1
ENU,PHC,1
ENY,CAN,1
ENY,CKG,1
ENY,DLC,1
ENY,HGH,2
ENY,KWL,1
ENY,NAY,2
ENY,NKG,1
ENY,PEK,1
ENY,PKX,1
ENY,SZX,1
ENY,TNA,1
ENY,XIY,1
EOH,APO,4
EOH,AXM,1
EOH,BOG,1
EOH,BSC,1
EOH,CUC,1
EOH,CZU,1
EOH,IBE,2
EOH,MTR,2
EOH,MZL,1
EOH,NQU,1
EOH,PEI,2
EOH,UIB,3
EOI,KOI,1
EPA,ASU,1
EPA,BHI,1
EPA,BRC,2
EPA,CNQ,1
EPA,COR,2
EPA,IGR,1
EPA,JUJ,1
EPA,MDZ,2
EPA,NQN,2
EPA,PDP,1
EPA,PSS,1
EPA,SCL,1
EPA,SDE,1
EPA,SLA,2
EPA,TUC,2
EPR,PER,3
EPR,RVT,1
EQS,AEP,1
EQS,BRC,1
EQS,CRD,1
ERC,ESB,1
ERC,IST,1
ERC,SAW,2
ERF,AYT,1
ERF,FUE,1
ERF,LGW,1
ERF,LPA,1
ERF,PMI,1
ERF,TFS,1
ERH,CMN,1
ERI,CLE,1
ERI,CLT,1
ERI,DTW,1
ERI,ORD,1
ERI,PHL,2
ERL,CIF,1
ERL,HET,1
ERL,PEK,1
ERM,JCB,1
ERM,PFB,1
ERN,TFF,1
ERS,MPA,1
ERS,NDU,1
ERS,OND,1
ERZ,ADB,1
ERZ,ESB,1
ERZ,IST,2
ERZ,SAW,2
ERZ,YEI,1
ESB,ADA,1
ESB,ADB,2
ESB,ADF,1
ESB,AJI,1
ESB,AMM,1
ESB,AYT,1
ESB,BAL,1
ESB,BEG,1
ESB,BER,1
ESB,BGG,1
ESB,BGW,1
ESB,BJV,2
ESB,CDG,1
ESB,CGN,1
ESB,CKZ,1
ESB,DIY,1
ESB,DLM,1
ESB,DOH,1
ESB,DUS,2
ESB,EBL,3
ESB,ECN,2
ESB,EDO,1
ESB,ERC,1
ESB,ERZ,1
ESB,EZS,1
ESB,FCO,1
ESB,FRA,2
ESB,GNY,1
ESB,GYD,2
ESB,GZP,1
ESB,GZT,1
ESB,HAM,1
ESB,HTY,1
ESB,IEV,1
ESB,IGD,1
ESB,IKA,2
ESB,IST,2
ESB,JED,2
ESB,KCM,1
ESB,KCO,1
ESB,KSY,1
ESB,LGW,1
ESB,MED,2
ESB,MLX,1
ESB,MQM,1
ESB,MSR,1
ESB,MUC,2
ESB,NKT,1
ESB,OGU,1
ESB,SAW,2
ESB,STR,2
ESB,SZF,1
ESB,TBS,1
ESB,TEQ,2
ESB,TXL,1
ESB,TZX,1
ESB,VAN,1
ESB,VIE,2
ESB,VKO,1
ESB,YEI,1
ESB,YKO,1
ESC,DTW,1
ESD,FRD,1
ESL,DME,1
ESM,CLO,1
ESM,GYE,1
ESM,UIO,1
ESU,CMN,1
ESU,MRS,1
ESU,ORY,2
ETH,HFA,1
ETH,SDV,2
ETH,TLV,2
ETM,AMS,1
ETM,FRA,1
ETM,HEL,1
ETM,ORY,1
ETM,VKO,1
ETR,UIO,1
ETZ,AJA,1
ETZ,ALG,1
ETZ,BIA,1
ETZ,CLY,1
ETZ,LYS,2
ETZ,MRS,2
ETZ,NCE,2
ETZ,TLS,1
EUG,AZA,1
EUG,DEN,2
EUG,LAS,1
EUG,LAX,3
EUG,OAK,1
EUG,PDX,3
EUG,PHX,1
EUG,SEA,2
EUG,SFO,1
EUG,SLC,1
EUN,AGA,1
EUN,CMN,1
EUN,GLN,1
EUN,LPA,3
EUN,RAK,1
EUN,VIL,1
EUX,SXM,1
EVE,ALC,1
EVE,ANX,1
EVE,BOO,1
EVE,OSL,2
EVE,SVG,1
EVE,TOS,1
EVE,TRD,2
EVG,ARN,1
EVG,MXX,1
EVN,AER,2
EVN,ATH,2
EVN,BEY,2
EVN,BGW,1
EVN,CDG,3
EVN,CEK,1
EVN,DME,1
EVN,DNK,1
EVN,DOH,1
EVN,DXB,1
EVN,FCO,1
EVN,GOJ,2
EVN,IKA,1
EVN,KBP,1
EVN,KJA,1
EVN,KRR,1
EVN,KUF,2
EVN,LED,3
EVN,LYS,1
EVN,MRV,2
EVN,MSQ,1
EVN,OMS,1
EVN,OTP,1
EVN,OVB,1
EVN,PRG,2
EVN,ROV,1
EVN,RTW,1
EVN,SCO,1
EVN,SHJ,1
EVN,SSH,1
EVN,SVO,1
EVN,SVX,2
EVN,TJM,1
EVN,TLV,1
EVN,VIE,3
EVN,VKO,3
EVN,VOG,2
EVN,VOZ,2
EVN,WAW,1
EVV,ATL,4
EVV,CLT,1
EVV,DFW,2
EVV,DTW,1
EVV,ORD,3
EWB,ACK,1
EWB,HPN,1
EWB,MVY,1
EWN,ATL,3
EWN,CLT,2
EWR,ALB,1
EWR,AMS,4
EWR,ANU,1
EWR,ARN,2
EWR,ATL,7
EWR,AUA,1
EWR,AUS,2
EWR,BCN,2
EWR,BDA,1
EWR,BER,1
EWR,BFS,2
EWR,BGR,1
EWR,BHX,2
EWR,BNA,4
EWR,BOG,2
EWR,BOM,2
EWR,BON,1
EWR,BOS,3
EWR,BQN,1
EWR,BRU,5
EWR,BTV,1
EWR,BUF,1
EWR,BWI,1
EWR,BZE,1
EWR,BZN,1
EWR,CAK,1
EWR,CDG,4
EWR,CHS,1
EWR,CLE,1
EWR,CLT,3
EWR,CMH,1
EWR,CPH,1
EWR,CUN,1
EWR,CVG,2
EWR,DAY,1
EWR,DCA,1
EWR,DEL,1
EWR,DEN,2
EWR,DFW,3
EWR,DSM,1
EWR,DTW,2
EWR,DUB,3
EWR,DUS,3
EWR,EDI,2
EWR,EGE,1
EWR,EYW,1
EWR,EZE,1
EWR,FCO,2
EWR,FLL,2
EWR,FPO,1
EWR,FRA,2
EWR,GCM,1
EWR,GLA,2
EWR,GRR,1
EWR,GRU,1
EWR,GSO,1
EWR,GSP,1
EWR,GUA,1
EWR,GVA,2
EWR,HAM,2
EWR,HAV,1
EWR,HHH,1
EWR,HKG,3
EWR,HNL,1
EWR,HOU,1
EWR,IAD,1
EWR,IAH,1
EWR,IND,1
EWR,ITH,1
EWR,JAX,1
EWR,KEF,1
EWR,LAS,1
EWR,LAX,3
EWR,LCQ,1
EWR,LFW,1
EWR,LGA,1
EWR,LHR,8
EWR,LIM,1
EWR,LIR,1
EWR,LIS,3
EWR,MAD,2
EWR,MAN,2
EWR,MBJ,1
EWR,MCI,1
EWR,MCO,2
EWR,MDW,2
EWR,MEM,1
EWR,MEX,1
EWR,MHT,1
EWR,MIA,3
EWR,MKE,1
EWR,MSN,1
EWR,MSP,2
EWR,MSY,5
EWR,MUC,2
EWR,MXP,2
EWR,MYR,1
EWR,NAS,1
EWR,NRT,2
EWR,OKC,1
EWR,OMA,1
EWR,OPO,2
EWR,ORD,3
EWR,ORF,1
EWR,ORY,4
EWR,OSL,2
EWR,PBI,2
EWR,PDX,2
EWR,PEK,2
EWR,PHL,2
EWR,PHX,4
EWR,PIT,1
EWR,PLS,1
EWR,POP,1
EWR,POS,1
EWR,PQI,1
EWR,PSP,1
EWR,PTY,2
EWR,PUJ,1
EWR,PVD,1
EWR,PVG,2
EWR,PVR,1
EWR,PWM,1
EWR,RDU,2
EWR,RIC,1
EWR,ROC,1
EWR,RSW,3
EWR,SAL,2
EWR,SAN,2
EWR,SAP,1
EWR,SAT,1
EWR,SAV,1
EWR,SDF,1
EWR,SDQ,2
EWR,SEA,3
EWR,SFO,3
EWR,SIN,1
EWR,SJC,1
EWR,SJD,1
EWR,SJO,1
EWR,SJU,3
EWR,SKB,1
EWR,SLC,2
EWR,SMF,1
EWR,SNA,1
EWR,SNN,2
EWR,SRQ,1
EWR,STI,2
EWR,STL,2
EWR,STR,2
EWR,STT,1
EWR,SXM,1
EWR,SYR,1
EWR,TLV,2
EWR,TPA,2
EWR,TUL,1
EWR,TXL,2
EWR,TYS,1
EWR,UVF,1
EWR,VCE,1
EWR,VIE,1
EWR,VPS,1
EWR,XNA,1
EWR,YEG,2
EWR,YHZ,1
EWR,YOW,2
EWR,YQB,1
EWR,YQM,1
EWR,YTZ,1
EWR,YUL,2
EWR,YVR,3
EWR,YYC,1
EWR,YYT,1
EWR,YYZ,2
EWR,ZRH,2
EXI,JNU,1
EXT,ACE,1
EXT,AGP,1
EXT,ALC,1
EXT,AMS,1
EXT,BHD,1
EXT,CDG,2
EXT,DUB,1
EXT,DUS,1
EXT,EDI,1
EXT,EGC,2
EXT,FAO,2
EXT,GCI,1
EXT,GLA,1
EXT,ISC,1
EXT,JER,1
EXT,MAN,1
EXT,MLA,1
EXT,NQY,1
EXT,PMI,3
EXT,RNS,2
EXT,TFS,1
EYK,EZV,1
EYK,HMA,1
EYK,NYA,2
EYK,OVS,2
EYK,SGC,1
EYK,SVX,1
EYK,TJM,1
EYK,VKO,1
EYP,BOG,2
EYW,ATL,3
EYW,CLT,1
EYW,DCA,1
EYW,DFW,1
EYW,EWR,1
EYW,FLL,2
EYW,LGA,2
EYW,MCO,1
EYW,MIA,2
EYW,MSY,1
EYW,ORD,2
EYW,PHL,1
EYW,RSW,2
EYW,TPA,4
EZE,AKL,1
EZE,AMS,1
EZE,ASU,4
EZE,ATL,1
EZE,BCN,2
EZE,BOG,2
EZE,BPS,1
EZE,BRC,2
EZE,BSB,3
EZE,CCC,1
EZE,CCS,2
EZE,CDG,2
EZE,COR,1
EZE,CPC,1
EZE,CUN,1
EZE,CWB,2
EZE,DFW,2
EZE,EWR,1
EZE,FCO,2
EZE,FLN,1
EZE,FOR,1
EZE,FRA,1
EZE,FTE,3
EZE,GIG,6
EZE,GRU,8
EZE,GYE,1
EZE,IAH,1
EZE,IGR,2
EZE,JFK,3
EZE,JPA,1
EZE,LAX,1
EZE,LHR,1
EZE,LIM,3
EZE,MAD,3
EZE,MAO,1
EZE,MDQ,1
EZE,MDZ,1
EZE,MEX,1
EZE,MIA,4
EZE,MVD,4
EZE,NAT,1
EZE,POA,2
EZE,PTY,1
EZE,PUJ,2
EZE,REC,2
EZE,REL,1
EZE,RES,1
EZE,ROS,1
EZE,SCL,5
EZE,SLA,1
EZE,SSA,3
EZE,TUC,1
EZE,UAQ,1
EZE,UIO,2
EZE,USH,2
EZE,VVI,2
EZE,YYZ,1
EZE,ZRH,1
EZS,ADB,1
EZS,ESB,1
EZS,IST,2
EZS,SAW,2
FAE,BGO,1
FAE,BLL,1
FAE,CPH,2
FAE,EDI,1
FAE,KEF,1
FAE,SVG,1
FAI,AET,2
FAI,AKP,2
FAI,ANC,3
FAI,ARC,2
FAI,BRW,1
FAI,BTI,1
FAI,BTT,3
FAI,CEM,1
FAI,CIK,1
FAI,FYU,4
FAI,GAL,3
FAI,HKB,1
FAI,HSL,2
FAI,HUS,2
FAI,KBC,1
FAI,LMA,1
FAI,MLY,1
FAI,RBY,3
FAI,RMP,1
FAI,SCC,2
FAI,SEA,2
FAI,SVS,1
FAI,TAL,3
FAI,WBQ,1
FAO,AGP,1
FAO,AMS,1
FAO,ARN,2
FAO,BFS,2
FAO,BGY,1
FAO,BHD,1
FAO,BHX,3
FAO,BLK,1
FAO,BLL,1
FAO,BOH,1
FAO,BRE,1
FAO,BRS,2
FAO,BRU,2
FAO,BSL,1
FAO,BVA,1
FAO,CDG,2
FAO,CGN,3
FAO,CPH,2
FAO,CRL,1
FAO,DTM,1
FAO,DUB,2
FAO,DUS,3
FAO,EDI,2
FAO,EIN,2
FAO,EMA,4
FAO,EXT,1
FAO,FMM,1
FAO,FRA,4
FAO,GLA,3
FAO,GOT,1
FAO,GRQ,1
FAO,GVA,2
FAO,HAJ,1
FAO,HAM,4
FAO,HHN,1
FAO,KIR,1
FAO,KTW,1
FAO,LBA,3
FAO,LDY,1
FAO,LGW,5
FAO,LHR,1
FAO,LIS,6
FAO,LPL,2
FAO,LTN,4
FAO,LUX,1
FAO,LYS,1
FAO,MAN,4
FAO,MPL,1
FAO,MRS,1
FAO,MST,1
FAO,MUC,5
FAO,NCE,1
FAO,NCL,4
FAO,NOC,1
FAO,NRN,1
FAO,NTE,1
FAO,OPO,1
FAO,ORK,2
FAO,ORY,2
FAO,OSL,1
FAO,PIK,1
FAO,PMI,1
FAO,PRG,1
FAO,RTM,1
FAO,SEN,2
FAO,SID,1
FAO,SNN,2
FAO,SOU,1
FAO,STN,2
FAO,STR,3
FAO,SXF,2
FAO,TLS,1
FAO,TXL,2
FAO,VIE,1
FAO,WAW,1
FAO,XRY,1
FAO,YYZ,1
FAO,ZRH,1
FAR,ATL,1
FAR,AZA,1
FAR,DEN,3
FAR,DFW,2
FAR,LAS,1
FAR,MSP,1
FAR,ORD,3
FAR,PHX,1
FAR,PIE,1
FAR,SFB,1
FAR,SLC,1
FAT,DEN,2
FAT,DFW,2
FAT,GDL,3
FAT,LAS,2
FAT,LAX,4
FAT,OKC,1
FAT,ORD,1
FAT,PDX,1
FAT,PHX,2
FAT,SAN,1
FAT,SEA,1
FAT,SFO,2
FAT,SLC,1
FAV,FAC,1
FAV,PPT,1
FAV,RGI,1
FAV,RKA,1
FAV,TJN,1
FAY,ATL,3
FAY,CLT,2
FAY,DCA,2
FAY,IAD,1
FBM,ADD,1
FBM,FIH,1
FBM,FMI,1
FBM,JNB,3
FBM,KGA,1
FBM,MJM,1
FBM,NBO,2
FBM,NLA,3
FBS,LKE,1
FBS,RCE,1
FCA,DEN,1
FCA,LAS,1
FCA,MSP,1
FCA,ORD,1
FCA,SEA,1
FCA,SLC,1
FCO,ADD,1
FCO,AGP,3
FCO,AHO,3
FCO,ALC,2
FCO,ALG,2
FCO,AMM,3
FCO,AMS,6
FCO,AOI,1
FCO,ARN,2
FCO,ATH,5
FCO,ATL,5
FCO,AUH,2
FCO,BCN,4
FCO,BDS,1
FCO,BEG,3
FCO,BER,1
FCO,BEY,2
FCO,BGO,1
FCO,BGY,1
FCO,BHX,1
FCO,BIO,2
FCO,BKK,1
FCO,BLQ,1
FCO,BOD,3
FCO,BOS,2
FCO,BRI,1
FCO,BRS,1
FCO,BRU,6
FCO,BSL,2
FCO,BUD,3
FCO,BZO,2
FCO,CAG,1
FCO,CAI,2
FCO,CAN,1
FCO,CCS,1
FCO,CDG,4
FCO,CGN,2
FCO,CIY,1
FCO,CLT,2
FCO,CMB,3
FCO,CMN,2
FCO,CPH,4
FCO,CTA,6
FCO,DAC,1
FCO,DBV,2
FCO,DEL,3
FCO,DME,3
FCO,DOH,1
FCO,DTW,1
FCO,DUB,1
FCO,DUS,5
FCO,DXB,1
FCO,ESB,1
FCO,EVN,1
FCO,EWR,2
FCO,EZE,2
FCO,FLR,1
FCO,FRA,3
FCO,FUE,2
FCO,GDN,1
FCO,GIG,1
FCO,GLA,1
FCO,GOA,1
FCO,GOT,1
FCO,GRU,1
FCO,GVA,4
FCO,GYD,2
FCO,HAJ,1
FCO,HAM,3
FCO,HAV,3
FCO,HEL,2
FCO,HGH,1
FCO,HKG,1
FCO,IAD,2
FCO,IAS,2
FCO,ICN,3
FCO,IEV,1
FCO,IKA,2
FCO,IST,2
FCO,JED,2
FCO,JFK,8
FCO,JNB,1
FCO,KBP,2
FCO,KIV,2
FCO,KIX,1
FCO,KWI,2
FCO,LAX,2
FCO,LBA,1
FCO,LCY,3
FCO,LED,4
FCO,LGW,4
FCO,LHR,3
FCO,LIN,2
FCO,LIS,3
FCO,LOS,1
FCO,LPA,1
FCO,LRM,2
FCO,LTN,2
FCO,LUX,2
FCO,LUZ,1
FCO,LWO,1
FCO,LYS,5
FCO,MAD,4
FCO,MAN,1
FCO,MEX,1
FCO,MIA,2
FCO,MLA,4
FCO,MLE,1
FCO,MPL,3
FCO,MRS,3
FCO,MRU,1
FCO,MSQ,1
FCO,MUC,3
FCO,MXP,5
FCO,NAP,2
FCO,NBO,1
FCO,NCE,3
FCO,NCL,1
FCO,NRT,1
FCO,NTE,4
FCO,OLB,2
FCO,OPO,2
FCO,ORD,7
FCO,ORN,1
FCO,ORY,3
FCO,OSL,2
FCO,OTP,3
FCO,PEK,1
FCO,PHL,2
FCO,PMO,5
FCO,PRG,7
FCO,PSA,1
FCO,PVG,2
FCO,REG,2
FCO,RIX,2
FCO,RTM,1
FCO,RUH,2
FCO,RZE,1
FCO,SAW,2
FCO,SCL,1
FCO,SCQ,1
FCO,SCU,1
FCO,SIN,1
FCO,SKG,2
FCO,SKP,1
FCO,SOF,3
FCO,SPU,2
FCO,SSH,2
FCO,STR,2
FCO,SUF,2
FCO,SVO,2
FCO,SVQ,1
FCO,SVX,1
FCO,SXB,3
FCO,SXF,1
FCO,TAS,1
FCO,TBS,1
FCO,TFS,1
FCO,TGD,2
FCO,TIA,2
FCO,TIP,2
FCO,TLS,3
FCO,TLV,6
FCO,TPE,1
FCO,TPS,1
FCO,TRN,2
FCO,TRS,1
FCO,TUN,2
FCO,TXL,5
FCO,VCE,2
FCO,VIE,7
FCO,VKO,2
FCO,VLC,3
FCO,VNO,1
FCO,VRN,1
FCO,WAW,2
FCO,WUH,1
FCO,YUL,2
FCO,YYZ,5
FCO,ZRH,3
FDE,BGO,1
FDE,OSL,1
FDF,BGI,2
FDF,CAY,2
FDF,CDG,1
FDF,HAV,1
FDF,MIA,2
FDF,ORY,3
FDF,PTP,6
FDF,SDQ,2
FDF,SJU,2
FDF,SLU,4
FDF,YUL,1
FDH,AYT,1
FDH,CGN,1
FDH,DUS,2
FDH,EBA,1
FDH,FRA,1
FDH,HAM,2
FDH,IBZ,1
FDH,IST,1
FDH,OLB,1
FDH,PMI,2
FDH,TLS,1
FDH,TXL,1
FDH,ZAD,1
FEG,DME,2
FEG,KRR,1
FEG,KZN,1
FEG,LED,1
FEG,OVB,1
FEG,TAS,1
FEN,NAT,1
FEN,REC,2
FEZ,AMS,1
FEZ,BCN,4
FEZ,BES,1
FEZ,BGY,1
FEZ,BOD,2
FEZ,BRU,1
FEZ,BVA,1
FEZ,CDG,1
FEZ,CMN,1
FEZ,CRL,1
FEZ,DLE,1
FEZ,EBU,1
FEZ,EIN,1
FEZ,ERH,1
FEZ,FCO,1
FEZ,FKB,1
FEZ,FNI,1
FEZ,HHN,1
FEZ,LGW,1
FEZ,LYS,1
FEZ,MPL,1
FEZ,MRS,1
FEZ,NRN,1
FEZ,NTE,1
FEZ,ORY,2
FEZ,PSA,1
FEZ,RTM,1
FEZ,STN,1
FEZ,SXB,1
FEZ,TLS,2
FEZ,TNG,2
FEZ,TRN,1
FEZ,TSF,1
FEZ,VLC,1
FIH,ADD,1
FIH,BNB,1
FIH,BRU,4
FIH,BZV,4
FIH,CDG,1
FIH,CMN,1
FIH,DLA,5
FIH,FBM,1
FIH,FKI,1
FIH,GOM,1
FIH,IST,1
FIH,JNB,1
FIH,KGA,1
FIH,KND,1
FIH,LBV,2
FIH,LFW,1
FIH,MDK,1
FIH,MJM,1
FIH,NBO,3
FIH,PNR,1
FIH,TSH,1
FJR,AZI,1
FKB,ACE,1
FKB,AGP,1
FKB,ALC,1
FKB,BER,1
FKB,BRI,1
FKB,CAG,1
FKB,CIA,1
FKB,DME,1
FKB,GRO,1
FKB,HAM,1
FKB,KBP,1
FKB,LPA,1
FKB,OPO,1
FKB,PMI,3
FKB,SKG,1
FKB,SOF,1
FKB,STN,1
FKB,TFS,1
FKB,TLV,1
FKB,TPS,1
FKB,TXL,2
FKB,VKO,1
FKB,ZAD,1
FKI,FIH,1
FKI,GOM,2
FKL,CLE,1
FKL,DUJ,1
FKQ,KNG,2
FKQ,MKW,2
FKQ,SOQ,1
FKS,CTS,2
FKS,ITM,2
FLA,BOG,2
FLG,DEN,1
FLG,DFW,1
FLG,PHX,2
FLL,ABE,1
FLL,ACY,1
FLL,ALB,2
FLL,ARN,1
FLL,ATL,9
FLL,AUA,3
FLL,AUS,3
FLL,AVL,1
FLL,AXM,1
FLL,BDL,3
FLL,BGI,1
FLL,BIM,2
FLL,BNA,3
FLL,BOG,4
FLL,BOS,4
FLL,BQN,2
FLL,BUF,2
FLL,BWI,3
FLL,BZE,1
FLL,CHS,1
FLL,CLE,3
FLL,CLO,1
FLL,CLT,3
FLL,CMH,2
FLL,CPH,1
FLL,CTG,2
FLL,CUN,3
FLL,CVG,2
FLL,DAB,1
FLL,DCA,3
FLL,DEN,4
FLL,DFW,3
FLL,DTW,2
FLL,ELH,2
FLL,EWR,3
FLL,EYW,2
FLL,FPO,3
FLL,GCM,2
FLL,GGT,2
FLL,GHB,2
FLL,GRR,1
FLL,GSP,1
FLL,GUA,1
FLL,GYE,2
FLL,HAV,2
FLL,HOU,2
FLL,HPN,1
FLL,IAD,1
FLL,IAG,1
FLL,IAH,1
FLL,IND,2
FLL,ISP,1
FLL,JAX,2
FLL,JFK,2
FLL,KIN,3
FLL,LAS,3
FLL,LAX,4
FLL,LBE,1
FLL,LCK,1
FLL,LEX,1
FLL,LGA,3
FLL,LIM,2
FLL,MBJ,4
FLL,MCI,1
FLL,MCO,5
FLL,MDE,2
FLL,MDW,1
FLL,MEM,1
FLL,MGA,1
FLL,MHH,3
FLL,MIA,1
FLL,MKE,2
FLL,MSP,1
FLL,MSY,4
FLL,MYR,1
FLL,NAS,3
FLL,ORD,5
FLL,ORF,1
FLL,ORH,1
FLL,OSL,1
FLL,PAP,4
FLL,PBG,2
FLL,PHL,5
FLL,PHX,5
FLL,PIT,2
FLL,PLS,2
FLL,POS,2
FLL,PTY,2
FLL,PUJ,3
FLL,PVD,2
FLL,RDU,4
FLL,RIC,2
FLL,RSW,1
FLL,SAL,1
FLL,SAN,1
FLL,SAP,1
FLL,SAT,1
FLL,SDF,1
FLL,SDQ,2
FLL,SEA,1
FLL,SFO,5
FLL,SJO,3
FLL,SJU,4
FLL,SLC,2
FLL,STI,2
FLL,STL,1
FLL,STT,1
FLL,STX,1
FLL,SWF,1
FLL,SXM,2
FLL,SYR,1
FLL,TCB,2
FLL,TEB,1
FLL,TLC,1
FLL,TLH,1
FLL,TPA,5
FLL,TTN,1
FLL,TYS,1
FLL,USA,1
FLL,YHM,1
FLL,YHZ,1
FLL,YOW,1
FLL,YQB,1
FLL,YUL,3
FLL,YYC,1
FLL,YYZ,4
FLL,ZSA,1
FLN,AEP,1
FLN,ANF,1
FLN,BSB,3
FLN,CCM,1
FLN,CGH,4
FLN,CWB,1
FLN,EZE,1
FLN,GIG,3
FLN,GRU,4
FLN,JCB,1
FLN,LSC,1
FLN,MVD,1
FLN,POA,3
FLN,ROS,1
FLN,SCL,1
FLN,VCP,1
FLN,XAP,3
FLO,CLT,2
FLR,AMS,3
FLR,BCN,2
FLR,BHX,1
FLR,BOD,1
FLR,BRI,2
FLR,BRU,1
FLR,CAG,2
FLR,CDG,2
FLR,CPH,2
FLR,CTA,3
FLR,DUS,4
FLR,FCO,1
FLR,FRA,2
FLR,GVA,3
FLR,LCY,3
FLR,LGW,2
FLR,LTN,1
FLR,LYS,2
FLR,MAD,2
FLR,MUC,3
FLR,NTE,1
FLR,ORY,2
FLR,PMO,3
FLR,PRG,1
FLR,STR,2
FLR,TXL,2
FLR,VIE,6
FLR,ZRH,2
FLS,LST,1
FLS,MEB,1
FLW,CVU,1
FLW,HOR,1
FLW,PDL,1
FLW,TER,1
FLZ,CGK,1
FLZ,KNO,1
FMA,AEP,1
FMI,BKY,1
FMI,KND,1
FMM,AGP,1
FMM,AHO,1
FMM,ALC,1
FMM,AMM,1
FMM,BEG,1
FMM,BNX,1
FMM,CHQ,1
FMM,CIA,1
FMM,CLY,2
FMM,DUB,1
FMM,FAO,1
FMM,GRO,1
FMM,HAM,1
FMM,IEV,1
FMM,INI,1
FMM,KIV,1
FMM,KUT,1
FMM,LWO,1
FMM,NAP,1
FMM,OHD,1
FMM,OPO,1
FMM,PMI,2
FMM,PRN,1
FMM,SBZ,1
FMM,SCV,1
FMM,SKP,1
FMM,SNN,1
FMM,SOF,2
FMM,STN,1
FMM,TFS,1
FMM,TGD,1
FMM,TGM,1
FMM,TIA,1
FMM,TLV,1
FMM,TPS,1
FMM,TSR,1
FMM,TXL,1
FMM,TZL,1
FMM,VAR,1
FMM,VKO,1
FMN,ALS,3
FMN,DEN,3
FMN,SOW,3
FMO,AGP,1
FMO,AYT,2
FMO,BRE,1
FMO,CFU,1
FMO,FRA,1
FMO,GRO,1
FMO,IBZ,1
FMO,MUC,1
FMO,PMI,2
FMO,STR,1
FMO,TXL,1
FMO,ZRH,1
FNA,ABJ,2
FNA,ACC,3
FNA,BJL,4
FNA,CDG,2
FNA,CKY,1
FNA,CMN,1
FNA,DKR,2
FNA,LGW,1
FNA,LHR,1
FNA,LOS,1
FNA,MLW,1
FNA,OUA,1
FNA,ROB,9
FNC,AMS,1
FNC,ARN,1
FNC,BHX,2
FNC,BRE,1
FNC,BRS,1
FNC,BRU,1
FNC,BSL,1
FNC,CCS,1
FNC,CGN,1
FNC,DUS,2
FNC,EMA,1
FNC,FRA,3
FNC,FUE,1
FNC,GLA,1
FNC,HAJ,1
FNC,HAM,1
FNC,HEL,1
FNC,LBA,1
FNC,LEJ,2
FNC,LGW,5
FNC,LHR,1
FNC,LIS,4
FNC,LPA,2
FNC,LUX,1
FNC,MAN,2
FNC,MUC,3
FNC,OPO,3
FNC,ORY,2
FNC,PDL,3
FNC,PRG,1
FNC,PXO,1
FNC,STR,2
FNC,TXL,1
FNC,VIE,4
FNC,VNO,1
FNC,ZRH,3
FNI,CRL,1
FNI,FEZ,1
FNI,LPL,1
FNI,LTN,1
FNJ,KUL,1
FNJ,MFM,1
FNJ,PEK,2
FNJ,PVG,1
FNJ,SHE,1
FNJ,VVO,1
FNT,ATL,3
FNT,BWI,2
FNT,CLE,1
FNT,CLT,1
FNT,LAS,1
FNT,MCO,2
FNT,MSP,1
FNT,ORD,3
FNT,TPA,2
FOC,AQG,1
FOC,BAV,1
FOC,BHY,1
FOC,BKI,1
FOC,BKK,2
FOC,CAN,3
FOC,CDG,1
FOC,CEB,1
FOC,CGK,2
FOC,CGO,5
FOC,CGQ,1
FOC,CJU,1
FOC,CKG,5
FOC,CSX,8
FOC,CTU,4
FOC,CZX,2
FOC,DLC,1
FOC,DPS,1
FOC,FUK,1
FOC,FUO,1
FOC,HAK,6
FOC,HFE,3
FOC,HGH,2
FOC,HIA,1
FOC,HKG,5
FOC,HNY,1
FOC,HRB,2
FOC,HSN,1
FOC,HZG,1
FOC,INC,1
FOC,JDZ,2
FOC,JFK,1
FOC,JNG,1
FOC,KHH,4
FOC,KIX,3
FOC,KLO,1
FOC,KMG,4
FOC,KOW,1
FOC,KUL,3
FOC,KWE,4
FOC,KWL,5
FOC,LPF,1
FOC,LYA,2
FOC,LYG,3
FOC,LYI,1
FOC,LZH,1
FOC,MFM,2
FOC,NKG,8
FOC,NNG,5
FOC,NRT,1
FOC,NTG,1
FOC,PEK,6
FOC,PKX,1
FOC,PVG,3
FOC,RMQ,1
FOC,SGN,1
FOC,SHA,4
FOC,SHE,2
FOC,SIN,3
FOC,SJW,1
FOC,SWA,1
FOC,SYD,1
FOC,SYX,3
FOC,SZX,4
FOC,TAO,4
FOC,TNA,5
FOC,TPE,2
FOC,TSA,3
FOC,TSN,2
FOC,TYN,2
FOC,WDS,1
FOC,WMT,1
FOC,WUH,4
FOC,WUX,3
FOC,XAI,1
FOC,XFN,1
FOC,XIY,6
FOC,XMN,1
FOC,XUZ,2
FOC,YIH,1
FOC,YNT,1
FOC,YNZ,1
FOC,ZHA,1
FOC,ZUH,6
FOE,ORD,1
FON,SJO,1
FON,XQP,2
FOR,AMS,1
FOR,BEL,4
FOR,BSB,5
FOR,CAY,1
FOR,CDG,1
FOR,CGH,1
FOR,CNF,1
FOR,EZE,1
FOR,GIG,4
FOR,GRU,4
FOR,IGU,1
FOR,JDO,2
FOR,JPA,1
FOR,LIS,1
FOR,MAO,3
FOR,MCO,1
FOR,MIA,2
FOR,MXP,1
FOR,NAT,4
FOR,PHB,1
FOR,POA,1
FOR,RAI,1
FOR,REC,4
FOR,SLZ,4
FOR,SSA,3
FOR,THE,4
FOR,VCP,1
FOR,VIX,1
FPO,ATL,1
FPO,BHM,1
FPO,BWI,1
FPO,CLT,2
FPO,CMH,1
FPO,EWR,1
FPO,FLL,3
FPO,MIA,2
FPO,NAS,2
FPO,RIC,1
FRA,ABV,1
FRA,ABZ,1
FRA,ACC,1
FRA,ACE,2
FRA,ADA,1
FRA,ADB,1
FRA,ADD,2
FRA,AGA,2
FRA,AGP,1
FRA,ALA,1
FRA,ALC,2
FRA,ALG,2
FRA,AMM,3
FRA,AMS,5
FRA,ANC,1
FRA,ARN,3
FRA,ASB,2
FRA,ASR,1
FRA,ATH,2
FRA,ATL,6
FRA,AUH,5
FRA,AUS,1
FRA,AYT,6
FRA,BAH,2
FRA,BCN,4
FRA,BEG,5
FRA,BER,1
FRA,BEY,2
FRA,BGO,2
FRA,BHX,1
FRA,BIA,1
FRA,BIO,1
FRA,BJV,1
FRA,BKK,2
FRA,BLL,2
FRA,BLQ,1
FRA,BLR,2
FRA,BOD,1
FRA,BOG,2
FRA,BOM,4
FRA,BOS,2
FRA,BRE,1
FRA,BRI,1
FRA,BRS,1
FRA,BRU,3
FRA,BSL,3
FRA,BUD,2
FRA,BVC,1
FRA,BWI,1
FRA,BZG,1
FRA,CAG,1
FRA,CAI,2
FRA,CAN,1
FRA,CCS,1
FRA,CDG,2
FRA,CFU,3
FRA,CHQ,1
FRA,CLJ,1
FRA,CLT,2
FRA,CMB,1
FRA,CMN,2
FRA,CPH,4
FRA,CPT,1
FRA,CSX,1
FRA,CTA,3
FRA,CTU,2
FRA,CUN,2
FRA,CWB,1
FRA,DBV,3
FRA,DEL,2
FRA,DEN,2
FRA,DFW,9
FRA,DJE,2
FRA,DLM,2
FRA,DME,3
FRA,DMM,1
FRA,DOH,6
FRA,DRS,1
FRA,DTW,5
FRA,DUB,2
FRA,DUS,2
FRA,DWC,1
FRA,DXB,3
FRA,DYU,1
FRA,EBL,1
FRA,EDI,1
FRA,ESB,3
FRA,ETM,1
FRA,EWR,2
FRA,EZE,1
FRA,FAO,3
FRA,FCO,3
FRA,FDH,1
FRA,FLR,2
FRA,FMO,1
FRA,FNC,3
FRA,FOR,1
FRA,FUE,2
FRA,GCI,1
FRA,GDN,2
FRA,GIG,2
FRA,GLA,1
FRA,GOA,1
FRA,GOJ,1
FRA,GOT,3
FRA,GPA,1
FRA,GRU,3
FRA,GRZ,2
FRA,GVA,4
FRA,GWT,1
FRA,GYD,3
FRA,GZT,1
FRA,HAJ,1
FRA,HAM,1
FRA,HAN,2
FRA,HAV,1
FRA,HDF,1
FRA,HEL,5
FRA,HER,4
FRA,HKG,2
FRA,HKT,1
FRA,HND,2
FRA,HOG,1
FRA,HRG,4
FRA,IAD,2
FRA,IAH,2
FRA,IBZ,3
FRA,ICN,3
FRA,IKA,2
FRA,INN,2
FRA,ISL,1
FRA,IST,3
FRA,JED,6
FRA,JFK,8
FRA,JNB,3
FRA,JRO,1
FRA,JSI,1
FRA,JTR,2
FRA,KBP,2
FRA,KEF,2
FRA,KGS,2
FRA,KIV,2
FRA,KIX,2
FRA,KLX,1
FRA,KRK,2
FRA,KTW,2
FRA,KUF,1
FRA,KUL,3
FRA,KVA,1
FRA,KWI,2
FRA,KZN,1
FRA,LAD,1
FRA,LAS,2
FRA,LAX,3
FRA,LCA,4
FRA,LCK,1
FRA,LCY,3
FRA,LED,2
FRA,LEJ,2
FRA,LHR,5
FRA,LIN,4
FRA,LIS,5
FRA,LJU,2
FRA,LNZ,3
FRA,LOS,3
FRA,LPA,2
FRA,LUX,2
FRA,LYS,3
FRA,MAA,2
FRA,MAD,8
FRA,MAH,2
FRA,MAN,1
FRA,MBA,1
FRA,MBJ,1
FRA,MCO,2
FRA,MCT,1
FRA,MEX,1
FRA,MIA,2
FRA,MLA,2
FRA,MLE,2
FRA,MNL,1
FRA,MPL,1
FRA,MRS,2
FRA,MRU,2
FRA,MSP,1
FRA,MSQ,2
FRA,MUC,3
FRA,MXP,3
FRA,NAP,2
FRA,NBE,2
FRA,NBO,2
FRA,NCE,1
FRA,NDR,1
FRA,NGO,2
FRA,NKG,2
FRA,NRT,2
FRA,NUE,1
FRA,OLB,2
FRA,OPO,2
FRA,ORD,2
FRA,OSL,3
FRA,OTP,3
FRA,OVB,2
FRA,PAD,1
FRA,PDL,1
FRA,PDX,1
FRA,PEK,2
FRA,PHC,1
FRA,PHL,3
FRA,PHX,2
FRA,PMI,4
FRA,PMO,1
FRA,PNA,1
FRA,PNQ,2
FRA,POP,1
FRA,POZ,2
FRA,PRG,4
FRA,PRN,3
FRA,PTY,1
FRA,PUJ,1
FRA,PUY,2
FRA,PVG,5
FRA,PVK,1
FRA,RAK,1
FRA,REC,1
FRA,RHO,4
FRA,RIX,3
FRA,RMF,2
FRA,RUH,2
FRA,RZE,1
FRA,SAN,1
FRA,SAW,2
FRA,SCQ,1
FRA,SDQ,1
FRA,SEA,3
FRA,SEZ,1
FRA,SFO,3
FRA,SGN,2
FRA,SHE,2
FRA,SID,1
FRA,SIN,3
FRA,SJO,1
FRA,SJU,1
FRA,SKG,3
FRA,SMI,1
FRA,SNN,1
FRA,SOF,2
FRA,SPC,1
FRA,SPU,3
FRA,SSA,1
FRA,SSG,1
FRA,STR,1
FRA,SUF,1
FRA,SVG,2
FRA,SVO,1
FRA,SVQ,1
FRA,SZG,2
FRA,SZX,1
FRA,TAB,1
FRA,TAO,1
FRA,TAS,1
FRA,TFS,3
FRA,TGD,1
FRA,TIA,2
FRA,TIV,1
FRA,TLL,1
FRA,TLS,2
FRA,TLV,2
FRA,TOS,1
FRA,TPA,1
FRA,TPE,1
FRA,TRN,2
FRA,TRS,1
FRA,TSE,3
FRA,TSR,1
FRA,TUN,2
FRA,TXL,4
FRA,VCE,1
FRA,VCP,2
FRA,VIE,5
FRA,VKO,2
FRA,VLC,2
FRA,VNO,2
FRA,VRA,1
FRA,VRN,2
FRA,WAW,3
FRA,WDH,3
FRA,WRO,2
FRA,XMN,1
FRA,XRY,2
FRA,YHZ,1
FRA,YOW,2
FRA,YUL,2
FRA,YVR,3
FRA,YXY,1
FRA,YYC,4
FRA,YYZ,4
FRA,ZAD,2
FRA,ZAG,2
FRA,ZNZ,1
FRA,ZRH,3
FRA,ZTH,1
FRD,BFI,1
FRE,HIR,1
FRE,VAO,1
FRO,BGO,1
FRO,FDE,1
FRO,HOV,1
FRO,KSU,1
FRO,OSL,1
FRS,BZE,2
FRS,GUA,1
FRU,ALA,2
FRU,CAN,1
FRU,CEK,1
FRU,DME,6
FRU,DXB,1
FRU,DYU,2
FRU,EGO,1
FRU,GRV,1
FRU,IKT,2
FRU,ISL,1
FRU,IST,3
FRU,KJA,2
FRU,KRR,2
FRU,KZN,1
FRU,LED,2
FRU,OSS,5
FRU,OVB,4
FRU,PVG,1
FRU,SAW,1
FRU,SGC,2
FRU,SVO,2
FRU,SVX,4
FRU,TAS,2
FRU,TSE,1
FRU,ULN,1
FRU,URC,3
FRU,VOZ,1
FRW,GBE,1
FRW,JNB,1
FSC,ANG,1
FSC,BOD,2
FSC,CDG,1
FSC,CFE,1
FSC,CFR,1
FSC,CRL,1
FSC,ETZ,1
FSC,LIL,1
FSC,LUX,1
FSC,LYS,1
FSC,MRS,3
FSC,NCE,3
FSC,NTE,2
FSC,ORY,2
FSC,RNS,1
FSC,STN,1
FSC,SXB,1
FSC,TLS,1
FSC,TUF,1
FSC,UIP,1
FSC,URO,1
FSC,ZRH,1
FSD,ATL,1
FSD,AZA,1
FSD,DEN,3
FSD,DFW,2
FSD,LAS,1
FSD,MSP,1
FSD,ORD,3
FSD,PHX,1
FSD,PIE,1
FSD,SFB,1
FSM,ATL,3
FSM,DFW,2
FSM,XNA,1
FSP,YHZ,1
FSP,YUL,1
FSP,YYT,1
FSZ,CTS,2
FSZ,FUK,1
FSZ,HGH,1
FSZ,ICN,2
FSZ,IZO,1
FSZ,KHN,1
FSZ,KOJ,1
FSZ,NGB,1
FSZ,OKA,1
FSZ,PVG,2
FSZ,TPE,1
FSZ,YNT,1
FTA,AWD,1
FTA,TAH,1
FTE,AEP,2
FTE,BRC,1
FTE,COR,1
FTE,EZE,2
FTE,REL,1
FTE,USH,3
FTG,MAF,1
FTG,MLI,1
FTG,TUS,1
FTU,TLE,2
FTU,TNR,1
FUE,ACE,1
FUE,AGP,1
FUE,AMS,2
FUE,BCN,3
FUE,BGY,1
FUE,BHX,5
FUE,BIO,2
FUE,BOH,1
FUE,BRE,2
FUE,BRS,2
FUE,BRU,1
FUE,BSL,2
FUE,CDG,1
FUE,CGN,2
FUE,CPH,1
FUE,CRL,1
FUE,DUB,2
FUE,DUS,4
FUE,EDI,1
FUE,EMA,4
FUE,ERF,1
FUE,FCO,1
FUE,FRA,2
FUE,GLA,2
FUE,GOT,1
FUE,HAJ,2
FUE,HAM,2
FUE,HEL,1
FUE,LBA,2
FUE,LEJ,2
FUE,LGW,5
FUE,LPA,3
FUE,LPL,2
FUE,LTN,2
FUE,LUX,1
FUE,MAD,4
FUE,MAN,5
FUE,MUC,3
FUE,MXP,1
FUE,NRN,1
FUE,NTE,1
FUE,NUE,1
FUE,ORK,1
FUE,ORY,1
FUE,OSL,1
FUE,PAD,1
FUE,PIK,1
FUE,PRG,1
FUE,PSA,1
FUE,SCQ,1
FUE,SNN,1
FUE,STN,2
FUE,STR,2
FUE,SVQ,1
FUE,SXF,2
FUE,SZG,2
FUE,TFN,1
FUE,TFS,2
FUE,TXL,1
FUE,VIE,3
FUE,VLC,1
FUE,VRN,1
FUE,ZQW,1
FUE,ZRH,3
FUG,CAN,1
FUG,DLC,1
FUG,HGH,1
FUG,HSN,1
FUG,PEK,2
FUG,PKX,1
FUG,SHA,2
FUG,TSN,1
FUG,WNZ,1
FUG,XIY,1
FUG,XMN,1
FUJ,FUK,2
FUJ,NGS,2
FUK,AMS,1
FUK,ASJ,1
FUK,BKK,2
FUK,CAN,1
FUK,CJU,2
FUK,CTS,4
FUK,DLC,2
FUK,FSZ,1
FUK,FUJ,2
FUK,GUM,2
FUK,HAN,2
FUK,HKG,3
FUK,HNA,1
FUK,HND,4
FUK,HNL,2
FUK,IBR,1
FUK,ICN,8
FUK,ISG,1
FUK,ITM,3
FUK,KCZ,1
FUK,KHH,2
FUK,KIJ,3
FUK,KIX,3
FUK,KMI,4
FUK,KMQ,3
FUK,MFM,1
FUK,MMJ,1
FUK,MNL,1
FUK,MYJ,1
FUK,NGO,3
FUK,NRT,5
FUK,OKA,4
FUK,PUS,3
FUK,PVG,3
FUK,SDJ,4
FUK,SGN,2
FUK,SHE,1
FUK,SIN,2
FUK,TAE,1
FUK,TAO,2
FUK,TKS,1
FUK,TPE,7
FUK,TSJ,1
FUK,YNT,1
FUN,SUV,1
FUO,DOY,1
FUO,FOC,1
FUO,HAK,1
FUO,HFE,1
FUO,HZG,1
FUO,KMG,1
FUO,NAY,2
FUO,NKG,1
FUO,PVG,1
FUO,SJW,1
FUO,SQJ,1
FUO,WDS,1
FUO,WNZ,1
FUO,XAI,1
FUO,XFN,1
FUT,WLS,1
FVM,MLE,1
FWA,ATL,4
FWA,AZA,1
FWA,CLT,1
FWA,DFW,2
FWA,DTW,1
FWA,IAD,1
FWA,MSP,1
FWA,MYR,1
FWA,ORD,3
FWA,PGD,1
FWA,PHL,1
FWA,PIE,1
FWA,SFB,1
FXE,ORD,1
FYJ,HRB,1
FYN,URC,1
FYT,AEH,1
FYT,NDJ,1
FYU,BTI,1
FYU,CIK,3
FYU,FAI,3
FYU,VEE,2
GAE,TOE,1
GAE,TUN,1
GAF,GAE,1
GAF,TOE,1
GAJ,HND,1
GAJ,ITM,1
GAJ,NKM,1
GAL,FAI,1
GAL,HSL,3
GAL,KAL,3
GAL,KYU,2
GAL,NUL,2
GAL,RBY,3
GAM,OME,2
GAM,SVA,2
GAN,CMB,2
GAN,FVM,1
GAN,GKK,1
GAN,KDM,1
GAN,MLE,1
GAN,VAM,1
GAO,HAV,1
GAU,AJL,2
GAU,BBI,1
GAU,BKK,1
GAU,BLR,2
GAU,BOM,1
GAU,CCU,7
GAU,DEL,6
GAU,DIB,4
GAU,DMK,1
GAU,IMF,5
GAU,IXA,3
GAU,IXB,3
GAU,IXI,1
GAU,IXS,5
GAU,IXT,1
GAU,PBH,1
GAU,SIN,1
GAU,TEZ,1
GAY,BKK,1
GAY,CCU,1
GAY,DEL,1
GAY,RGN,1
GAY,VNS,1
GBB,DME,1
GBE,ADD,1
GBE,BBK,1
GBE,CPT,1
GBE,DUR,1
GBE,FRW,1
GBE,HRE,1
GBE,JNB,4
GBE,LUN,1
GBE,MUB,1
GBE,NBO,1
GBE,VFA,1
GBT,MED,1
GBT,MHD,1
GBT,THR,2
GBT,ZAH,2
GCC,DEN,1
GCC,RKS,1
GCC,SLC,1
GCH,THR,1
GCI,ACI,1
GCI,AMS,1
GCI,BHX,1
GCI,BRS,1
GCI,DNR,1
GCI,DUS,2
GCI,EMA,1
GCI,EXT,1
GCI,JER,4
GCI,LGW,1
GCI,MAN,1
GCI,NWI,1
GCI,SOU,2
GCI,STN,1
GCK,DFW,2
GCM,ATL,1
GCM,CLT,2
GCM,CYB,1
GCM,DFW,1
GCM,DTW,1
GCM,EWR,1
GCM,HAV,1
GCM,IAD,1
GCM,IAH,1
GCM,JFK,2
GCM,KIN,1
GCM,LCE,2
GCM,LYB,1
GCM,MIA,3
GCM,NAS,1
GCM,ORD,3
GCM,PHL,2
GCM,RTB,1
GCM,TPA,1
GCM,YYZ,2
GCN,PGA,1
GCW,BLD,1
GDE,JIJ,1
GDL,ABQ,1
GDL,ACA,1
GDL,ANC,1
GDL,ATL,6
GDL,AUS,1
GDL,CEN,2
GDL,CJS,2
GDL,CLT,2
GDL,CUL,3
GDL,CUN,3
GDL,CUU,3
GDL,CZM,1
GDL,DEN,1
GDL,DFW,3
GDL,DGO,1
GDL,FAT,3
GDL,FRA,1
GDL,GUA,1
GDL,HMO,4
GDL,HUX,1
GDL,IAH,2
GDL,JFK,1
GDL,LAP,4
GDL,LAS,2
GDL,LAX,9
GDL,LGG,1
GDL,LMM,3
GDL,MCO,1
GDL,MDW,1
GDL,MEX,4
GDL,MIA,1
GDL,MID,2
GDL,MKE,1
GDL,MTY,5
GDL,MXL,2
GDL,MZT,1
GDL,OAK,1
GDL,OAX,2
GDL,ONT,3
GDL,ORD,4
GDL,PBC,4
GDL,PDX,1
GDL,PHX,3
GDL,PTY,2
GDL,PVR,5
GDL,QRO,1
GDL,REX,1
GDL,RNO,1
GDL,SAT,2
GDL,SEA,1
GDL,SFO,4
GDL,SJC,4
GDL,SJD,5
GDL,SLC,2
GDL,SMF,3
GDL,SNA,1
GDL,TAM,1
GDL,TGZ,3
GDL,TIJ,4
GDL,TLC,3
GDL,TRC,4
GDL,VER,2
GDL,VSA,2
GDL,YVR,1
GDN,AAR,1
GDN,ABZ,1
GDN,AES,1
GDN,AMS,2
GDN,ARN,1
GDN,BCN,1
GDN,BGO,1
GDN,BGY,1
GDN,BHX,1
GDN,BLL,1
GDN,BOO,1
GDN,BRE,1
GDN,BRS,1
GDN,BRU,1
GDN,BVA,1
GDN,CGN,1
GDN,CPH,2
GDN,DSA,1
GDN,DTM,1
GDN,DUB,1
GDN,EDI,2
GDN,EIN,1
GDN,FCO,1
GDN,FRA,2
GDN,GLA,1
GDN,GSE,1
GDN,HAM,1
GDN,HAU,1
GDN,HEL,2
GDN,HRK,1
GDN,KBP,1
GDN,KEF,1
GDN,KRK,2
GDN,KRS,1
GDN,KUT,1
GDN,LBA,1
GDN,LBC,1
GDN,LGW,1
GDN,LPL,1
GDN,LTN,1
GDN,LUZ,1
GDN,MAN,1
GDN,MMX,1
GDN,MOL,1
GDN,MUC,2
GDN,NYO,1
GDN,ODS,1
GDN,ORK,1
GDN,OSL,2
GDN,PSA,1
GDN,RYG,1
GDN,STN,1
GDN,SVG,1
GDN,TFS,1
GDN,TKU,1
GDN,TLV,1
GDN,TOS,1
GDN,TRD,1
GDN,TRF,1
GDN,TXL,1
GDN,VIE,1
GDN,VXO,1
GDN,WAW,1
GDN,WMI,1
GDN,WRO,2
GDN,ZRH,1
GDQ,ADD,1
GDQ,LLI,1
GDT,PLS,2
GDT,SLX,2
GDT,XSC,2
GDV,BIL,1
GDX,DME,1
GDX,DYR,1
GDX,IKT,1
GDX,KHV,5
GDX,KPW,1
GDX,OHO,1
GDX,OVB,1
GDX,SVO,1
GDX,VVO,2
GDX,YKS,1
GDZ,LED,1
GDZ,SVO,1
GEA,ILP,1
GEA,KNQ,1
GEA,KOC,1
GEA,LIF,1
GEA,MEE,1
GEA,TGJ,1
GEA,TOU,1
GEA,UVE,1
GEG,BOI,2
GEG,DEN,4
GEG,DFW,1
GEG,LAS,1
GEG,LAX,1
GEG,MSP,1
GEG,OAK,1
GEG,ORD,1
GEG,PAE,1
GEG,PDX,1
GEG,PHX,3
GEG,SAN,1
GEG,SEA,2
GEG,SFO,1
GEG,SLC,1
GEL,POA,1
GEL,RIA,1
GEO,JFK,2
GEO,KIN,1
GEO,MIA,2
GEO,PBM,1
GEO,POS,1
GEO,PTY,1
GEO,PZO,1
GEO,YYZ,2
GES,CEB,1
GES,ILO,2
GES,MNL,3
GET,OCM,1
GET,PBO,1
GET,PER,3
GEV,AJR,1
GEV,ARN,2
GEV,KRF,2
GEV,KRN,1
GEV,LLA,1
GFF,BHQ,1
GFF,NRA,1
GFF,SYD,1
GFK,AZA,1
GFK,LAS,1
GFK,MSP,1
GFK,SFB,1
GFK,TVF,1
GFN,LSY,1
GFN,SYD,1
GFN,TRO,1
GGG,DFW,2
GGR,BSA,1
GGT,ATL,1
GGT,CLT,1
GGT,FLL,2
GGT,GHB,2
GGT,MIA,2
GGT,NAS,2
GGT,YYZ,1
GGW,BIL,1
GHA,ALG,1
GHA,CZL,1
GHA,ORN,1
GHA,TMR,1
GHB,FLL,2
GHB,NAS,2
GHE,PAC,1
GHT,TIP,1
GIB,BHX,1
GIB,LGW,1
GIB,LHR,2
GIB,LTN,1
GIB,MAN,1
GIB,TNG,1
GIG,AEP,1
GIG,AJU,1
GIG,AMS,1
GIG,ATL,2
GIG,BEL,2
GIG,BOG,1
GIG,BSB,4
GIG,CDG,1
GIG,CGB,1
GIG,CGH,3
GIG,CGR,1
GIG,CLT,2
GIG,CMN,1
GIG,CNF,2
GIG,COR,1
GIG,CWB,4
GIG,DFW,3
GIG,DXB,1
GIG,EZE,6
GIG,FCO,1
GIG,FLN,3
GIG,FOR,4
GIG,FRA,2
GIG,GRU,7
GIG,GYN,2
GIG,IAH,1
GIG,IGU,3
GIG,JFK,3
GIG,JPA,3
GIG,LAD,1
GIG,LHR,1
GIG,LIM,3
GIG,LIS,1
GIG,MAD,1
GIG,MAO,3
GIG,MCZ,2
GIG,MDZ,1
GIG,MIA,3
GIG,MVD,4
GIG,NAT,3
GIG,NVT,1
GIG,OPO,1
GIG,POA,3
GIG,PTY,1
GIG,RAO,1
GIG,REC,3
GIG,ROS,1
GIG,SCL,4
GIG,SDQ,2
GIG,SLZ,2
GIG,SSA,3
GIG,VCP,3
GIG,VIX,2
GIG,ZRH,1
GIL,ISB,1
GIS,AKL,1
GIS,WLG,1
GIU,BTC,1
GIU,CMB,1
GIU,TRR,1
GIZ,DMM,2
GIZ,JED,3
GIZ,MED,1
GIZ,RUH,3
GIZ,TIF,1
GIZ,TUU,1
GJA,LCE,1
GJT,ASE,1
GJT,DEN,2
GJT,DFW,2
GJT,IAH,1
GJT,LAS,1
GJT,PHX,2
GJT,PSP,1
GJT,SLC,1
GKA,HGU,1
GKA,LAE,1
GKA,MAG,1
GKA,POM,2
GKK,KDO,1
GKK,MLE,1
GLA,ACE,6
GLA,AGP,3
GLA,ALC,4
GLA,AMS,3
GLA,AYT,2
GLA,BCN,1
GLA,BEB,2
GLA,BFS,1
GLA,BHD,1
GLA,BHX,1
GLA,BJV,2
GLA,BRR,2
GLA,BRS,1
GLA,CAL,2
GLA,CDG,1
GLA,CFN,2
GLA,CUN,2
GLA,CWL,2
GLA,DLM,3
GLA,DUB,1
GLA,DUS,2
GLA,DXB,2
GLA,EMA,1
GLA,EWR,2
GLA,EXT,1
GLA,FAO,3
GLA,FCO,1
GLA,FNC,2
GLA,FRA,1
GLA,FUE,2
GLA,GDN,1
GLA,HER,1
GLA,IBZ,2
GLA,ILY,2
GLA,JER,2
GLA,KEF,1
GLA,KGS,1
GLA,KOI,1
GLA,KRK,1
GLA,LBA,1
GLA,LCA,1
GLA,LCY,1
GLA,LDY,1
GLA,LGW,2
GLA,LHR,3
GLA,LPA,3
GLA,LSI,1
GLA,LTN,1
GLA,MAN,1
GLA,MCO,3
GLA,MLA,1
GLA,MUC,1
GLA,NBE,1
GLA,ORK,1
GLA,PFO,1
GLA,PHL,2
GLA,PMI,4
GLA,PRG,1
GLA,RHO,2
GLA,SOU,1
GLA,STN,1
GLA,SXF,1
GLA,SYY,1
GLA,TFS,5
GLA,TRE,2
GLA,VCE,1
GLA,WAW,1
GLA,YYC,1
GLA,YYZ,1
GLF,PJM,1
GLF,SJO,2
GLH,BNA,1
GLH,DFW,1
GLH,TUP,1
GLK,BSA,2
GLK,MGQ,1
GLK,WJR,1
GLN,EUN,1
GLN,LPA,1
GLN,TTA,1
GLO,IOM,1
GLS,SDF,1
GLT,BNE,2
GLT,ROK,1
GLT,SYD,1
GLV,ELI,1
GLV,OME,1
GLV,WMO,2
GMA,MDK,1
GMB,ADD,1
GMB,ASO,1
GMO,ABV,1
GMO,BCU,1
GMO,YOL,1
GMP,CJU,8
GMP,HIN,1
GMP,HND,4
GMP,KIX,5
GMP,KPO,2
GMP,KWJ,2
GMP,NGO,1
GMP,PEK,4
GMP,PUS,3
GMP,RSU,2
GMP,SHA,4
GMP,TAE,1
GMP,TSA,4
GMP,USN,3
GMQ,PKX,1
GMQ,XNN,1
GMR,HOI,1
GMR,PPT,1
GMU,ORD,1
GMZ,TFN,1
GNB,LGW,1
GNB,LHR,1
GNB,RTM,1
GND,ANU,1
GND,BGI,1
GND,CLT,1
GND,JFK,2
GND,MIA,2
GND,PMV,1
GND,POS,3
GND,SVD,1
GND,UVF,2
GND,YYZ,2
GNM,SSA,1
GNS,CGK,1
GNS,KNO,2
GNU,PTU,1
GNV,ATL,4
GNV,CLT,2
GNV,DFW,1
GNV,MCO,2
GNV,MIA,2
GNV,TPA,2
GNY,ADB,2
GNY,ESB,1
GNY,IST,2
GNY,SAW,2
GOA,AMS,1
GOA,BCN,2
GOA,BRI,1
GOA,CAG,1
GOA,CDG,3
GOA,CRL,1
GOA,CTA,1
GOA,DME,1
GOA,DUS,1
GOA,FCO,1
GOA,FRA,1
GOA,IST,1
GOA,LGW,1
GOA,MUC,2
GOA,NAP,1
GOA,OLB,1
GOA,PMO,1
GOA,STN,1
GOA,TIA,2
GOA,TPS,1
GOA,TRS,1
GOB,ADD,1
GOH,JAV,1
GOH,JFR,1
GOH,JHS,1
GOH,JSU,1
GOH,KEF,1
GOH,KUS,1
GOH,RKV,1
GOH,SFJ,1
GOH,UAK,1
GOI,AMD,1
GOI,BLR,6
GOI,BOM,6
GOI,CNN,1
GOI,DEL,4
GOI,DME,1
GOI,DOH,1
GOI,DXB,1
GOI,HYD,2
GOI,IDR,1
GOI,KWI,1
GOI,MAA,4
GOI,MYQ,1
GOI,PNQ,3
GOI,SHJ,1
GOJ,DME,2
GOJ,DWC,1
GOJ,DYU,1
GOJ,EGO,1
GOJ,EVN,2
GOJ,FRA,1
GOJ,KGD,1
GOJ,KUF,1
GOJ,LBD,1
GOJ,NMA,1
GOJ,NSK,1
GOJ,OVB,1
GOJ,PRG,2
GOJ,SVO,1
GOJ,SVX,1
GOJ,TAS,1
GOJ,VKO,1
GOM,ADD,1
GOM,BKY,1
GOM,BNC,1
GOM,BUX,1
GOM,EBB,1
GOM,FKI,1
GOM,LJA,1
GOP,DEL,3
GOQ,XIY,1
GOQ,XNN,1
GOT,AAR,1
GOT,AGP,2
GOT,ALC,2
GOT,AMS,1
GOT,ARN,4
GOT,AYT,1
GOT,BCN,3
GOT,BEG,1
GOT,BHX,1
GOT,BLE,1
GOT,BMA,2
GOT,BRU,2
GOT,CBG,1
GOT,CDG,2
GOT,CHQ,1
GOT,CPH,1
GOT,DOH,1
GOT,DUS,2
GOT,EBL,1
GOT,FAO,1
GOT,FCO,1
GOT,FRA,3
GOT,FUE,1
GOT,GDN,1
GOT,HAM,1
GOT,HEL,1
GOT,IKA,1
GOT,IST,2
GOT,LCA,1
GOT,LGW,1
GOT,LHR,4
GOT,LLA,1
GOT,LPA,1
GOT,LYS,3
GOT,MAN,1
GOT,MUC,2
GOT,NCE,1
GOT,OSD,1
GOT,OSL,2
GOT,PMI,2
GOT,PRG,1
GOT,RHO,1
GOT,RIX,1
GOT,SDL,2
GOT,SKP,1
GOT,SPU,1
GOT,SVG,1
GOT,TFS,1
GOT,TXL,4
GOT,TZL,1
GOT,UME,1
GOT,VBY,1
GOT,VIE,1
GOT,WAW,1
GOT,ZRH,1
GOU,NDJ,1
GOU,NSI,1
GOV,CNS,2
GOV,DRW,2
GOV,GTE,1
GPA,DUS,1
GPA,FRA,1
GPA,PFO,1
GPA,VIE,1
GPB,CWB,1
GPI,CLO,2
GPS,GYE,4
GPS,UIO,2
GPT,ATL,4
GPT,CLT,2
GPT,DFW,2
GPT,IAH,1
GPT,MAF,1
GRB,ATL,3
GRB,DTW,1
GRB,MSP,1
GRB,ORD,3
GRI,AZA,1
GRI,DFW,2
GRI,LAS,1
GRJ,CPT,2
GRJ,DUR,1
GRJ,JNB,3
GRK,ATL,3
GRK,DFW,2
GRK,IAH,1
GRO,AHO,1
GRO,AMS,1
GRO,BDS,1
GRO,BGY,1
GRO,BLL,1
GRO,BOH,1
GRO,BRE,1
GRO,BRS,1
GRO,BRU,1
GRO,BTS,1
GRO,BVA,1
GRO,CAG,1
GRO,CGN,1
GRO,CRL,1
GRO,DTM,1
GRO,DUB,1
GRO,EIN,1
GRO,EMA,1
GRO,FKB,1
GRO,FMM,1
GRO,FMO,1
GRO,GRQ,1
GRO,HHN,1
GRO,IBZ,1
GRO,IEV,1
GRO,KRK,1
GRO,LBA,1
GRO,LPP,1
GRO,LTN,1
GRO,LWO,1
GRO,MAN,1
GRO,MLA,1
GRO,MST,1
GRO,NCL,1
GRO,NRN,1
GRO,PMI,1
GRO,POZ,1
GRO,PSA,1
GRO,PSR,1
GRO,RAK,1
GRO,RBA,1
GRO,RTM,1
GRO,SFT,1
GRO,SKG,1
GRO,STN,1
GRO,TLL,1
GRO,TMP,1
GRO,TPS,1
GRO,VKO,1
GRO,WRO,1
GRP,MQH,1
GRQ,CPH,1
GRQ,FAO,1
GRQ,GRO,1
GRQ,LPA,1
GRQ,MST,1
GRQ,PMI,2
GRQ,TFS,1
GRR,ATL,3
GRR,AZA,1
GRR,BWI,1
GRR,CLE,1
GRR,CLT,1
GRR,CVG,1
GRR,DAY,1
GRR,DCA,1
GRR,DEN,2
GRR,DFW,2
GRR,DTW,1
GRR,EWR,1
GRR,IAD,1
GRR,IAH,1
GRR,IND,1
GRR,LAS,1
GRR,LGA,1
GRR,MCO,2
GRR,MIA,1
GRR,MSP,1
GRR,ORD,3
GRR,PHL,1
GRR,PHX,1
GRR,PIE,1
GRR,SFB,1
GRR,STL,2
GRR,TPA,1
GRU,ADD,1
GRU,AEP,3
GRU,AGT,2
GRU,AJU,3
GRU,AMS,1
GRU,ARU,1
GRU,ASU,4
GRU,ATL,1
GRU,AUH,1
GRU,BCN,3
GRU,BEL,3
GRU,BGI,1
GRU,BOG,3
GRU,BOS,2
GRU,BPS,4
GRU,BSB,5
GRU,CAC,2
GRU,CBB,1
GRU,CCS,2
GRU,CDG,3
GRU,CGB,5
GRU,CGR,4
GRU,CLT,2
GRU,CLV,2
GRU,CMN,1
GRU,CNF,4
GRU,COR,3
GRU,CPV,1
GRU,CWB,5
GRU,CXJ,1
GRU,DFW,3
GRU,DOH,1
GRU,DOU,1
GRU,DTW,2
GRU,DXB,1
GRU,EWR,1
GRU,EZE,8
GRU,FCO,2
GRU,FLN,5
GRU,FOR,4
GRU,FRA,3
GRU,GIG,5
GRU,GYN,4
GRU,IAD,1
GRU,IAH,1
GRU,IGU,3
GRU,IMP,2
GRU,IOS,2
GRU,IPN,1
GRU,IST,1
GRU,JDO,2
GRU,JFK,6
GRU,JJD,1
GRU,JNB,3
GRU,JOI,2
GRU,JPA,3
GRU,JTC,1
GRU,LAD,1
GRU,LAX,3
GRU,LDB,3
GRU,LFW,1
GRU,LGG,1
GRU,LHR,3
GRU,LIM,5
GRU,LIS,3
GRU,MAD,5
GRU,MAO,3
GRU,MCO,3
GRU,MCZ,4
GRU,MDZ,3
GRU,MEX,3
GRU,MGF,2
GRU,MIA,4
GRU,MOC,1
GRU,MPN,1
GRU,MUC,2
GRU,MVD,5
GRU,MXP,2
GRU,NAT,4
GRU,NVT,3
GRU,OPO,1
GRU,OPS,1
GRU,ORD,1
GRU,PDP,2
GRU,PFB,2
GRU,PLU,1
GRU,PMW,2
GRU,PNZ,1
GRU,POA,5
GRU,PTY,1
GRU,PUJ,1
GRU,PVH,3
GRU,RAO,3
GRU,RBR,1
GRU,REC,5
GRU,ROS,2
GRU,SCL,4
GRU,SDQ,2
GRU,SDU,4
GRU,SJP,2
GRU,SLZ,3
GRU,SSA,5
GRU,THE,3
GRU,TLV,1
GRU,TUC,1
GRU,UBA,1
GRU,UDI,5
GRU,UIO,2
GRU,VCP,1
GRU,VDC,2
GRU,VIX,4
GRU,VVI,3
GRU,XAP,1
GRU,YUL,1
GRU,YYZ,2
GRU,ZRH,1
GRV,DME,1
GRV,SVO,1
GRW,TER,1
GRX,BCN,2
GRX,BIO,1
GRX,CDG,1
GRX,LCY,2
GRX,LPA,1
GRX,MAD,1
GRX,MLN,1
GRX,PMI,3
GRX,TFN,1
GRZ,AMS,1
GRZ,AYT,2
GRZ,BWK,1
GRZ,DUS,2
GRZ,FRA,2
GRZ,HER,2
GRZ,IST,1
GRZ,MUC,3
GRZ,PMI,3
GRZ,STR,2
GRZ,TFS,2
GRZ,TXL,1
GRZ,VIE,1
GRZ,ZRH,2
GSE,AGP,1
GSE,AHO,1
GSE,ALC,1
GSE,BEG,1
GSE,BGY,1
GSE,BUD,1
GSE,BVA,1
GSE,CIA,1
GSE,EDI,1
GSE,GDN,1
GSE,MLA,1
GSE,MRS,1
GSE,PMI,1
GSE,PSA,1
GSE,SKP,1
GSE,STN,1
GSE,TZL,1
GSE,VBY,2
GSE,WAW,1
GSE,ZAD,1
GSM,DXB,2
GSM,IFN,1
GSM,KIH,1
GSM,MHD,2
GSM,SYZ,2
GSM,THR,1
GSO,ATL,5
GSO,CLT,2
GSO,CMH,1
GSO,DCA,2
GSO,DEN,1
GSO,DFW,2
GSO,DTW,1
GSO,EWR,1
GSO,IAD,1
GSO,LGA,3
GSO,MIA,2
GSO,ORD,2
GSO,PHL,2
GSO,PIE,1
GSO,SFB,1
GSO,VCV,1
GSP,ATL,5
GSP,BNA,1
GSP,BOS,1
GSP,BWI,1
GSP,CLE,1
GSP,CLT,2
GSP,DCA,2
GSP,DFW,2
GSP,DTW,1
GSP,EWR,1
GSP,FLL,1
GSP,HOU,1
GSP,IAD,1
GSP,IAH,1
GSP,LGA,1
GSP,MDW,2
GSP,MIA,1
GSP,OKC,1
GSP,ORD,2
GSP,PGD,1
GSP,PHL,2
GSP,PIE,1
GSP,SFB,1
GST,HNH,1
GST,JNU,2
GSV,DME,1
GSV,LED,1
GSV,SVO,1
GSV,VKO,1
GTE,CNS,1
GTE,DRW,2
GTE,GOV,1
GTF,AZA,1
GTF,DEN,1
GTF,HLN,1
GTF,LAS,1
GTF,MSP,1
GTF,PDX,1
GTF,SEA,1
GTF,SLC,1
GTO,MDC,1
GTO,UPG,4
GTR,ATL,3
GTS,ASP,1
GTS,DRW,1
GUA,ATL,2
GUA,BOG,2
GUA,BZE,1
GUA,DFW,2
GUA,EWR,1
GUA,FLL,1
GUA,FRS,2
GUA,IAD,1
GUA,IAH,1
GUA,JFK,1
GUA,LAX,4
GUA,MCO,1
GUA,MCR,1
GUA,MEX,3
GUA,MGA,2
GUA,MIA,4
GUA,ORD,2
GUA,PBR,1
GUA,PTY,1
GUA,SAL,4
GUA,SAP,4
GUA,SJO,2
GUA,TAP,1
GUA,TGU,4
GUA,TIJ,1
GUB,CEN,1
GUB,GYN,1
GUB,HMO,1
GUC,DEN,1
GUC,DFW,1
GUM,CNS,1
GUM,CTS,2
GUM,FUK,2
GUM,HIJ,1
GUM,HKG,1
GUM,HNL,1
GUM,ICN,4
GUM,KIX,4
GUM,LAX,1
GUM,MNL,2
GUM,NGO,3
GUM,NRT,4
GUM,OKJ,2
GUM,PUS,3
GUM,PVG,1
GUM,ROP,1
GUM,ROR,1
GUM,SDJ,2
GUM,SFO,1
GUM,SPN,1
GUM,TKK,1
GUM,TPE,3
GUM,YAP,1
GUR,LSA,1
GUR,MIS,2
GUR,PNP,1
GUR,POM,2
GUW,AKX,1
GUW,ALA,2
GUW,AMS,1
GUW,ASF,1
GUW,CIT,1
GUW,IST,1
GUW,SCO,3
GUW,SVO,1
GUW,TSE,2
GUW,URA,2
GUW,VKO,1
GVA,ADD,1
GVA,AGP,2
GVA,AJA,2
GVA,ALC,2
GVA,ALG,1
GVA,AMM,1
GVA,AMS,2
GVA,ARN,4
GVA,ATH,3
GVA,AUH,2
GVA,AYT,2
GVA,BCN,3
GVA,BDS,2
GVA,BEG,3
GVA,BEY,1
GVA,BHX,1
GVA,BIA,1
GVA,BIO,1
GVA,BIQ,3
GVA,BOD,2
GVA,BRS,1
GVA,BRU,4
GVA,BUD,1
GVA,CAG,1
GVA,CAI,2
GVA,CDG,2
GVA,CFU,1
GVA,CMN,1
GVA,CPH,4
GVA,CTA,2
GVA,DBV,2
GVA,DJE,2
GVA,DME,1
GVA,DOH,2
GVA,DUB,3
GVA,DUS,2
GVA,DXB,2
GVA,EDI,1
GVA,EWR,2
GVA,FAO,2
GVA,FCO,5
GVA,FLR,3
GVA,FRA,4
GVA,GOT,1
GVA,HAM,2
GVA,HEL,1
GVA,HER,2
GVA,HRG,2
GVA,IAD,2
GVA,IBZ,2
GVA,IST,1
GVA,JED,1
GVA,JER,1
GVA,JFK,2
GVA,JMK,2
GVA,KBP,1
GVA,KGS,1
GVA,KLX,1
GVA,KRK,1
GVA,LCA,1
GVA,LCY,2
GVA,LED,2
GVA,LGW,2
GVA,LHR,3
GVA,LIL,1
GVA,LIN,1
GVA,LIS,5
GVA,LPA,1
GVA,LPL,1
GVA,LTN,1
GVA,LUG,1
GVA,LUX,1
GVA,MAD,4
GVA,MAH,1
GVA,MAN,1
GVA,MIR,1
GVA,MLA,1
GVA,MRS,2
GVA,MSQ,1
GVA,MST,1
GVA,MUC,2
GVA,NAP,1
GVA,NCE,2
GVA,NCL,1
GVA,NTE,2
GVA,OLB,2
GVA,OPO,5
GVA,ORY,1
GVA,OSL,1
GVA,OTP,2
GVA,PDL,1
GVA,PEK,1
GVA,PMI,2
GVA,PRG,1
GVA,PRN,2
GVA,PUY,1
GVA,RAK,2
GVA,RHO,1
GVA,RMF,1
GVA,RTM,1
GVA,RUH,1
GVA,SCQ,1
GVA,SEN,1
GVA,SKG,1
GVA,SPU,1
GVA,STR,1
GVA,SVO,1
GVA,SVQ,1
GVA,SXF,1
GVA,TFS,1
GVA,TLN,1
GVA,TLS,2
GVA,TLV,3
GVA,TUN,1
GVA,VCE,1
GVA,VIE,3
GVA,VLC,2
GVA,WAW,3
GVA,YUL,4
GVA,ZRH,4
GVA,ZTH,1
GVR,PLU,1
GWD,KHI,1
GWD,MCT,1
GWD,TUK,1
GWL,BOM,1
GWL,DEL,1
GWL,IDR,1
GWT,DUS,2
GWT,FRA,1
GWT,HAM,1
GWT,MUC,2
GWT,STR,2
GWT,TXL,1
GWT,ZRH,1
GXF,ADE,1
GXF,AUH,1
GXF,JED,1
GXF,SAH,2
GXH,LXA,1
GXH,XIY,1
GYA,TDD,1
GYD,ALA,2
GYD,ASB,2
GYD,ASF,1
GYD,AUH,1
GYD,BGW,1
GYD,BUD,1
GYD,BUS,1
GYD,CDG,2
GYD,DEL,1
GYD,DME,2
GYD,DOH,2
GYD,DXB,2
GYD,EBL,1
GYD,ESB,2
GYD,FCO,2
GYD,FRA,3
GYD,GVA,1
GYD,HRK,1
GYD,IKA,2
GYD,IST,2
GYD,JFK,1
GYD,KBL,1
GYD,KBP,3
GYD,KJA,1
GYD,KVD,1
GYD,KWI,1
GYD,KZN,1
GYD,LED,3
GYD,LHR,2
GYD,MRV,1
GYD,MSQ,1
GYD,MXP,2
GYD,NBC,1
GYD,ODS,1
GYD,OMS,1
GYD,OVB,2
GYD,PEK,1
GYD,PRG,2
GYD,RIX,2
GYD,SAW,3
GYD,SCO,2
GYD,SHJ,1
GYD,SVO,2
GYD,SVX,2
GYD,TAS,2
GYD,TBS,2
GYD,TBZ,1
GYD,TLV,1
GYD,TSE,1
GYD,TXL,1
GYD,UFA,2
GYD,URC,1
GYD,VIE,2
GYD,VKO,1
GYE,AMS,2
GYE,BOG,2
GYE,CCS,1
GYE,CLO,2
GYE,CUE,1
GYE,DFW,1
GYE,ESM,1
GYE,EZE,1
GYE,FLL,1
GYE,GPS,4
GYE,JFK,3
GYE,LIM,2
GYE,LOH,1
GYE,LTX,1
GYE,MAD,4
GYE,MIA,2
GYE,PTY,2
GYE,SAL,1
GYE,SCL,1
GYE,SCY,6
GYE,UIO,7
GYL,PER,1
GYN,BPG,1
GYN,BPS,2
GYN,BSB,3
GYN,CGB,3
GYN,CGH,3
GYN,CNF,2
GYN,GIG,1
GYN,GRU,4
GYN,PMW,2
GYN,RAO,3
GYN,REC,1
GYN,SDU,2
GYN,SSA,1
GYN,UDI,2
GYN,VCP,1
GYS,CAN,2
GYS,HGH,2
GYS,PEK,2
GYS,PVG,1
GYS,SZX,3
GYU,XIY,3
GZO,BAS,1
GZO,CHY,1
GZO,EGM,1
GZO,HIR,1
GZO,KGE,1
GZO,MNY,1
GZO,MUA,1
GZP,ARN,1
GZP,CPH,1
GZP,ESB,1
GZP,HEL,1
GZP,IST,2
GZP,OSL,1
GZP,SAW,1
GZT,ADB,2
GZT,AYT,1
GZT,DUS,1
GZT,EBL,1
GZT,ECN,2
GZT,ESB,1
GZT,FRA,1
GZT,IST,3
GZT,SAW,2
GZT,STR,1
GZT,YEI,1
HAA,HFT,1
HAA,TOS,1
HAC,HND,1
HAD,ARN,1
HAD,BMA,2
HAD,JKG,1
HAD,VXO,2
HAH,DAR,2
HAH,DZA,2
HAH,JIB,1
HAH,MBA,1
HAH,NBO,3
HAH,NOS,1
HAH,RUN,1
HAH,TNR,2
HAJ,ACE,2
HAJ,ADA,1
HAJ,ADB,1
HAJ,AGA,2
HAJ,AGP,2
HAJ,AMS,2
HAJ,ATH,1
HAJ,AYT,3
HAJ,BCN,3
HAJ,BDS,1
HAJ,BHX,1
HAJ,BRU,3
HAJ,BVC,1
HAJ,CAG,1
HAJ,CAI,1
HAJ,CDG,2
HAJ,CFU,2
HAJ,CHQ,1
HAJ,CPH,2
HAJ,CTA,1
HAJ,DBV,1
HAJ,DIY,1
HAJ,DLM,2
HAJ,DUB,1
HAJ,FAO,1
HAJ,FCO,1
HAJ,FNC,2
HAJ,FRA,1
HAJ,FUE,2
HAJ,HEL,1
HAJ,HER,4
HAJ,HRG,3
HAJ,IBZ,2
HAJ,IST,1
HAJ,JER,1
HAJ,KGS,3
HAJ,LCA,1
HAJ,LHR,3
HAJ,LPA,3
HAJ,MAH,1
HAJ,MAN,1
HAJ,MSQ,1
HAJ,MUC,1
HAJ,MXP,1
HAJ,NAP,2
HAJ,OLB,1
HAJ,PMI,5
HAJ,PRN,2
HAJ,RHO,2
HAJ,RMF,1
HAJ,SAW,1
HAJ,SID,1
HAJ,SKG,3
HAJ,SPC,1
HAJ,SPU,2
HAJ,STN,1
HAJ,STR,3
HAJ,SUF,2
HAJ,SVO,1
HAJ,TFS,3
HAJ,VCE,1
HAJ,VIE,4
HAJ,WAW,1
HAJ,XRY,1
HAJ,ZRH,2
HAK,AEB,1
HAK,AQG,2
HAK,AVA,2
HAK,BHY,1
HAK,BKK,1
HAK,CAN,5
HAK,CGD,2
HAK,CGK,1
HAK,CGO,7
HAK,CIH,2
HAK,CKG,7
HAK,CSX,8
HAK,CTU,5
HAK,FOC,5
HAK,FUG,1
HAK,FUO,1
HAK,HET,2
HAK,HFE,2
HAK,HGH,8
HAK,HJJ,1
HAK,HKG,4
HAK,HNY,1
HAK,HUZ,1
HAK,HZG,1
HAK,IQN,1
HAK,JDZ,1
HAK,JGS,1
HAK,JIQ,2
HAK,JJN,4
HAK,JNG,1
HAK,JUZ,1
HAK,KHN,6
HAK,KIX,1
HAK,KMG,4
HAK,KUL,1
HAK,KWE,4
HAK,KWL,5
HAK,LHW,1
HAK,LNL,1
HAK,LPF,1
HAK,LPQ,1
HAK,LYA,2
HAK,LYG,1
HAK,LZH,1
HAK,LZO,1
HAK,MEL,1
HAK,MFM,1
HAK,MIG,1
HAK,MXZ,2
HAK,NGB,4
HAK,NKG,6
HAK,NNG,8
HAK,NNY,1
HAK,PEK,7
HAK,PNH,1
HAK,PVG,6
HAK,RIZ,1
HAK,SGN,1
HAK,SHA,1
HAK,SHE,1
HAK,SIN,3
HAK,SJW,4
HAK,SWA,5
HAK,SYD,1
HAK,SZX,4
HAK,TEN,1
HAK,TNA,2
HAK,TPE,2
HAK,TSN,4
HAK,TVS,2
HAK,TXN,2
HAK,TYN,4
HAK,UTP,1
HAK,UYN,1
HAK,VTE,1
HAK,WDS,1
HAK,WGN,1
HAK,WMT,1
HAK,WNZ,3
HAK,WUH,5
HAK,WUT,1
HAK,WXN,1
HAK,XFN,1
HAK,XIC,1
HAK,XIY,3
HAK,XMN,3
HAK,XNN,2
HAK,XUZ,1
HAK,YIC,1
HAK,YIH,2
HAK,YNZ,2
HAK,YTY,1
HAK,ZHA,1
HAK,ZUH,6
HAK,ZYI,2
HAM,ACE,3
HAM,ADB,2
HAM,AGA,1
HAM,AGP,4
HAM,ALC,2
HAM,AMS,5
HAM,ARN,3
HAM,ATH,2
HAM,AYT,5
HAM,BCN,5
HAM,BGO,1
HAM,BHX,1
HAM,BIA,2
HAM,BRI,1
HAM,BRN,1
HAM,BRS,1
HAM,BRU,2
HAM,BSL,3
HAM,BUD,2
HAM,CAG,1
HAM,CDG,4
HAM,CFU,3
HAM,CGN,2
HAM,CHQ,1
HAM,CPH,3
HAM,CTA,3
HAM,DBV,2
HAM,DJE,1
HAM,DLM,1
HAM,DUB,1
HAM,DUS,3
HAM,DXB,2
HAM,EDI,1
HAM,EWR,2
HAM,FAO,3
HAM,FCO,3
HAM,FDH,2
HAM,FKB,1
HAM,FMM,1
HAM,FNC,1
HAM,FRA,2
HAM,FUE,4
HAM,GOT,1
HAM,GVA,1
HAM,GWT,1
HAM,HEL,2
HAM,HER,5
HAM,HRG,1
HAM,IBZ,2
HAM,IKA,1
HAM,IST,1
HAM,KGS,2
HAM,KLU,2
HAM,KLX,1
HAM,LED,2
HAM,LGW,1
HAM,LHR,5
HAM,LIS,2
HAM,LPA,5
HAM,LTN,1
HAM,MAD,2
HAM,MAH,1
HAM,MAN,2
HAM,MHG,1
HAM,MLA,1
HAM,MUC,3
HAM,MXP,3
HAM,NAP,3
HAM,NBE,1
HAM,NCE,3
HAM,NTE,2
HAM,NUE,3
HAM,OLB,4
HAM,OSL,3
HAM,OTP,1
HAM,PMI,5
HAM,PRG,3
HAM,PRN,2
HAM,PVK,1
HAM,RHO,2
HAM,RIX,2
HAM,RJK,2
HAM,SAW,1
HAM,SCN,2
HAM,SKG,3
HAM,SMI,1
HAM,SOF,1
HAM,SPC,2
HAM,SPU,2
HAM,STR,3
HAM,SVO,1
HAM,SZG,3
HAM,TFS,5
HAM,TLS,2
HAM,VCE,3
HAM,VIE,5
HAM,VRN,1
HAM,WAW,2
HAM,XRY,1
HAM,ZRH,4
HAM,ZTH,1
HAN,ADD,1
HAN,AUH,1
HAN,BKK,4
HAN,BMV,3
HAN,CAN,4
HAN,CDG,3
HAN,CKG,1
HAN,CSX,1
HAN,CTU,1
HAN,CXR,4
HAN,DAD,4
HAN,DEL,3
HAN,DIN,1
HAN,DLI,4
HAN,DME,1
HAN,DMK,1
HAN,DOH,1
HAN,DPS,1
HAN,FRA,2
HAN,FUK,2
HAN,HAK,1
HAN,HKG,6
HAN,HND,2
HAN,HUI,3
HAN,ICN,5
HAN,IST,1
HAN,KHH,3
HAN,KIX,3
HAN,KMG,1
HAN,KUL,3
HAN,LHR,1
HAN,LPQ,2
HAN,MFM,3
HAN,MNL,1
HAN,NGO,2
HAN,NNG,1
HAN,NRT,4
HAN,PEK,3
HAN,PNH,2
HAN,PQC,4
HAN,PUS,4
HAN,PVG,2
HAN,PXU,3
HAN,REP,4
HAN,RGN,2
HAN,RMQ,2
HAN,SGN,5
HAN,SIN,6
HAN,SVO,2
HAN,SYD,1
HAN,SZX,2
HAN,TBB,2
HAN,TPE,5
HAN,UIH,4
HAN,VCA,3
HAN,VCL,2
HAN,VDH,3
HAN,VII,2
HAN,VTE,2
HAQ,DRV,1
HAQ,IFU,1
HAQ,TRV,1
HAS,AJF,1
HAS,AQI,1
HAS,DMM,1
HAS,DXB,1
HAS,ELQ,1
HAS,JED,2
HAS,MED,1
HAS,RAE,1
HAS,RAH,1
HAS,RUH,2
HAS,SHJ,1
HAS,TUI,1
HAS,TUU,1
HAS,ULH,1
HAS,URY,1
HAU,AGP,1
HAU,ALC,1
HAU,BGO,1
HAU,BRE,1
HAU,CPH,2
HAU,GDN,1
HAU,OSL,2
HAU,PSA,1
HAU,STN,1
HAU,ZAD,1
HAV,AMS,1
HAV,ATL,1
HAV,BCA,1
HAV,BOG,3
HAV,CCC,1
HAV,CCS,3
HAV,CDG,1
HAV,CMW,1
HAV,CUN,3
HAV,CYO,2
HAV,DUS,1
HAV,EWR,1
HAV,EZE,1
HAV,FCO,1
HAV,FDF,1
HAV,FRA,1
HAV,GAO,1
HAV,GCM,1
HAV,GER,1
HAV,HEL,1
HAV,HOG,2
HAV,IAH,1
HAV,LAD,1
HAV,LGW,1
HAV,LHR,1
HAV,LIM,3
HAV,MAD,3
HAV,MBJ,1
HAV,MEX,3
HAV,MIA,2
HAV,MUC,1
HAV,MXP,1
HAV,MZO,1
HAV,NAS,2
HAV,ORY,1
HAV,PMV,1
HAV,PTP,1
HAV,PTY,2
HAV,SAL,2
HAV,SCU,3
HAV,SDQ,1
HAV,SNU,1
HAV,SVO,2
HAV,UIO,1
HAV,YUL,1
HAV,YYZ,1
HAV,ZRH,2
HBA,ADL,1
HBA,BNE,2
HBA,LST,1
HBA,MEL,4
HBA,PER,1
HBA,SYD,3
HBE,AMM,3
HBE,ATH,2
HBE,BEN,1
HBE,BEY,1
HBE,BGY,1
HBE,CAI,2
HBE,DMM,2
HBE,DOH,1
HBE,DXB,1
HBE,ELQ,1
HBE,HRG,1
HBE,IST,2
HBE,JED,9
HBE,KWI,8
HBE,MED,2
HBE,MRA,1
HBE,RUH,5
HBE,SHJ,1
HBE,SSH,2
HBE,TIP,2
HBE,TOB,1
HBE,YNB,1
HBX,BLR,2
HBX,BOM,1
HBX,CNN,1
HBX,TIR,1
HCR,ANI,1
HCR,ANV,2
HDF,CGN,1
HDF,DTM,1
HDF,DUS,2
HDF,FRA,2
HDF,STR,2
HDG,BAV,1
HDG,CAN,1
HDG,CKG,1
HDG,CTU,1
HDG,DLC,1
HDG,HET,1
HDG,KMG,1
HDG,PVG,1
HDG,SHA,1
HDM,MHD,1
HDN,DEN,1
HDN,DFW,1
HDN,ORD,1
HDN,PDX,1
HDN,SAN,1
HDN,SEA,1
HDS,CPT,2
HDS,JNB,2
HDY,BKK,2
HDY,CNX,1
HDY,DMK,2
HDY,KKC,2
HDY,KUL,2
HDY,SIN,1
HDY,UTH,1
HDY,UTP,1
HEA,CCN,1
HEA,DEL,2
HEA,FAH,1
HEA,ISB,1
HEA,KBL,3
HEA,MHD,1
HEH,KET,1
HEH,LIW,1
HEH,LSH,3
HEH,MDL,4
HEH,MOG,1
HEH,NYU,1
HEH,RGN,4
HEH,THL,5
HEK,CGO,1
HEK,HRB,3
HEK,OHE,1
HEL,ACE,1
HEL,ADB,1
HEL,AGP,3
HEL,ALC,2
HEL,AMS,3
HEL,ARN,6
HEL,ATH,2
HEL,AYT,1
HEL,BCN,4
HEL,BER,1
HEL,BGO,1
HEL,BKK,1
HEL,BLL,1
HEL,BMA,2
HEL,BOJ,1
HEL,BRU,1
HEL,BUD,2
HEL,CAN,1
HEL,CDG,3
HEL,CEE,1
HEL,CHQ,1
HEL,CKG,1
HEL,CPH,3
HEL,CTS,1
HEL,DBV,2
HEL,DEL,1
HEL,DME,2
HEL,DOH,1
HEL,DUB,2
HEL,DUS,2
HEL,DXB,1
HEL,EDI,1
HEL,ETM,1
HEL,FCO,2
HEL,FNC,1
HEL,FRA,5
HEL,FUE,1
HEL,GDN,3
HEL,GOT,1
HEL,GVA,1
HEL,GZP,1
HEL,HAJ,1
HEL,HAM,2
HEL,HAV,1
HEL,HKG,1
HEL,HKT,1
HEL,HND,1
HEL,HRG,1
HEL,ICN,1
HEL,INN,1
HEL,ISL,1
HEL,IST,2
HEL,IVL,1
HEL,JFK,4
HEL,JOE,1
HEL,JYV,2
HEL,KAJ,2
HEL,KAO,1
HEL,KBP,1
HEL,KBV,1
HEL,KEF,2
HEL,KEM,2
HEL,KIX,2
HEL,KOK,2
HEL,KRK,2
HEL,KTT,1
HEL,KUO,1
HEL,LAX,1
HEL,LED,2
HEL,LGW,1
HEL,LHR,4
HEL,LIS,2
HEL,LJU,1
HEL,LPA,1
HEL,LYS,1
HEL,MAD,2
HEL,MAN,3
HEL,MHQ,2
HEL,MIA,1
HEL,MSQ,2
HEL,MUC,4
HEL,MXP,1
HEL,NCE,2
HEL,NGO,2
HEL,NKG,1
HEL,NRK,2
HEL,NRT,2
HEL,ORD,1
HEL,ORY,1
HEL,OSL,4
HEL,OUL,2
HEL,PEK,2
HEL,PKX,1
HEL,PMI,2
HEL,POP,1
HEL,POR,1
HEL,PRG,3
HEL,PUJ,1
HEL,PVG,3
HEL,RIX,2
HEL,RVN,2
HEL,SGN,1
HEL,SIN,1
HEL,SPU,1
HEL,STR,1
HEL,SVL,2
HEL,SVO,2
HEL,SVX,2
HEL,TAY,2
HEL,TFS,1
HEL,TKU,1
HEL,TLL,1
HEL,TLV,2
HEL,TMP,1
HEL,TOS,1
HEL,TRD,1
HEL,TXL,3
HEL,UME,1
HEL,VAA,1
HEL,VIE,2
HEL,VNO,2
HEL,WAW,2
HEL,XIY,1
HEL,ZAG,1
HEL,ZRH,2
HER,AMS,1
HER,ATH,4
HER,BER,2
HER,BES,1
HER,BHX,3
HER,BOD,1
HER,BRS,1
HER,BRU,3
HER,BSL,2
HER,CDG,1
HER,CGN,3
HER,DME,3
HER,DOL,1
HER,DRS,1
HER,DUS,7
HER,EDI,1
HER,EMA,1
HER,FRA,4
HER,GLA,1
HER,GRQ,1
HER,GRZ,2
HER,GVA,2
HER,HAJ,4
HER,HAM,5
HER,JIK,1
HER,JSH,1
HER,KBP,1
HER,KGS,1
HER,KSC,1
HER,LBA,2
HER,LCA,1
HER,LED,2
HER,LEJ,2
HER,LGW,3
HER,LIL,1
HER,LNZ,2
HER,LTN,1
HER,LUX,1
HER,LYS,2
HER,MAN,3
HER,MJT,1
HER,MPL,1
HER,MRS,1
HER,MUC,6
HER,MXP,1
HER,NCL,1
HER,NTE,2
HER,NUE,2
HER,ORY,1
HER,PRG,2
HER,RHO,2
HER,RIX,1
HER,RTM,1
HER,SKG,2
HER,STR,5
HER,SVO,1
HER,SXF,2
HER,SZG,2
HER,TLL,1
HER,TLS,1
HER,TLV,1
HER,TXL,3
HER,VIE,5
HER,VKO,1
HER,VNO,1
HER,ZRH,5
HET,CAN,4
HET,CGO,7
HET,CGQ,1
HET,CIF,8
HET,CKG,1
HET,CSX,4
HET,CTU,4
HET,DLC,1
HET,DSN,2
HET,ERL,2
HET,HAK,3
HET,HDG,2
HET,HGH,4
HET,HLD,12
HET,HLH,3
HET,HRB,5
HET,HUO,1
HET,INC,3
HET,JNG,1
HET,KHN,1
HET,KMG,1
HET,KWE,3
HET,LHW,1
HET,LYA,3
HET,LYG,1
HET,MIG,1
HET,NAY,2
HET,NKG,3
HET,NNY,1
HET,NZH,3
HET,NZL,1
HET,PEK,4
HET,PKX,1
HET,PVG,2
HET,RLK,1
HET,SHA,2
HET,SHE,5
HET,SJW,2
HET,TAO,3
HET,TEN,1
HET,TGO,5
HET,TNA,4
HET,TPE,2
HET,TSN,6
HET,TVS,1
HET,TYN,3
HET,ULN,1
HET,URC,1
HET,UYN,1
HET,WUA,2
HET,WUH,3
HET,XIL,4
HET,XIY,7
HET,XMN,1
HET,XNN,1
HET,YIE,2
HET,YIH,1
HET,YNT,1
HET,YTY,1
HFA,ETH,1
HFA,SDV,1
HFE,BKK,1
HFE,CAN,5
HFE,CGO,2
HFE,CGQ,2
HFE,CKG,3
HFE,CSX,3
HFE,CTU,4
HFE,CXR,1
HFE,DAT,1
HFE,DLC,4
HFE,DLU,1
HFE,DSN,2
HFE,FOC,3
HFE,FUO,1
HFE,HAK,3
HFE,HET,1
HFE,HKG,1
HFE,HRB,5
HFE,HUZ,1
HFE,ICN,3
HFE,INC,2
HFE,JJN,2
HFE,KBV,1
HFE,KHH,1
HFE,KMG,5
HFE,KWE,4
HFE,KWL,2
HFE,LHW,2
HFE,LJG,2
HFE,LXA,1
HFE,MFM,2
HFE,MIG,1
HFE,NNG,4
HFE,PEK,3
HFE,PKX,1
HFE,PVG,2
HFE,SHE,4
HFE,SJW,1
HFE,SWA,4
HFE,SYX,1
HFE,SZX,5
HFE,TAO,4
HFE,TPE,2
HFE,TSA,1
HFE,TSN,1
HFE,TXN,2
HFE,TYN,5
HFE,URC,3
HFE,WEH,1
HFE,WNZ,1
HFE,XIY,6
HFE,XMN,8
HFE,XNN,2
HFE,YCU,1
HFE,YKH,1
HFE,YNT,2
HFE,ZHA,1
HFE,ZUH,6
HFE,ZYI,1
HFS,ARN,1
HFS,TYF,1
HFT,ALF,1
HFT,BVG,1
HFT,HAA,1
HFT,HVG,1
HFT,MEH,1
HFT,SOJ,1
HFT,TOS,1
HFT,VDS,1
HGA,ADD,1
HGA,BBO,1
HGA,BSA,2
HGA,DXB,1
HGA,GGR,2
HGA,JIB,3
HGA,MGQ,2
HGA,WJR,2
HGD,TSV,1
HGH,AEB,1
HGH,AMS,2
HGH,AVA,1
HGH,BAR,1
HGH,BFJ,2
HGH,BHY,3
HGH,BKI,1
HGH,BKK,2
HGH,BPE,1
HGH,BSD,1
HGH,CAI,1
HGH,CAN,12
HGH,CGD,1
HGH,CGO,11
HGH,CGQ,5
HGH,CIF,1
HGH,CJJ,2
HGH,CJU,1
HGH,CKG,8
HGH,CNX,1
HGH,CSX,6
HGH,CTS,1
HGH,CTU,11
HGH,CXR,2
HGH,DAD,1
HGH,DLC,12
HGH,DMK,1
HGH,DNH,1
HGH,DOH,1
HGH,DOY,1
HGH,DPS,1
HGH,DSN,2
HGH,DYG,1
HGH,ENH,1
HGH,ENY,1
HGH,FCO,1
HGH,FOC,2
HGH,FSZ,2
HGH,FUG,2
HGH,GYS,2
HGH,HAK,7
HGH,HDG,1
HGH,HET,5
HGH,HIA,1
HGH,HKG,7
HGH,HKT,2
HGH,HLH,1
HGH,HNY,1
HGH,HRB,5
HGH,HUZ,1
HGH,HZG,1
HGH,ICN,3
HGH,INC,4
HGH,JHG,1
HGH,JIQ,1
HGH,JJN,6
HGH,JNZ,1
HGH,KHH,3
HGH,KIX,5
HGH,KJH,1
HGH,KMG,10
HGH,KOW,1
HGH,KUL,1
HGH,KWE,8
HGH,KWL,12
HGH,LAX,1
HGH,LFQ,1
HGH,LHW,7
HGH,LJG,5
HGH,LPF,1
HGH,LYA,1
HGH,LYG,1
HGH,LYI,1
HGH,LZH,2
HGH,LZO,1
HGH,MEL,1
HGH,MFM,5
HGH,MIG,3
HGH,MXZ,1
HGH,NBS,1
HGH,NNG,8
HGH,NNY,1
HGH,NRT,2
HGH,OKA,2
HGH,PEK,9
HGH,PKX,3
HGH,PUS,2
HGH,REP,1
HGH,RGN,1
HGH,RIZ,2
HGH,RMQ,2
HGH,SHE,8
HGH,SIN,3
HGH,SJW,7
HGH,SPN,1
HGH,SVO,1
HGH,SWA,4
HGH,SYD,1
HGH,SYX,10
HGH,SZX,8
HGH,TAO,10
HGH,TCZ,1
HGH,TGO,2
HGH,THQ,1
HGH,TNA,4
HGH,TPE,3
HGH,TSA,2
HGH,TSN,6
HGH,TVS,1
HGH,TYN,6
HGH,URC,1
HGH,UYN,1
HGH,WDS,1
HGH,WEF,2
HGH,WEH,2
HGH,WMT,1
HGH,WUH,6
HGH,WUS,1
HGH,WUT,1
HGH,XAI,1
HGH,XFN,2
HGH,XIY,7
HGH,XMN,5
HGH,XNN,1
HGH,YBP,1
HGH,YCU,2
HGH,YIC,1
HGH,YIH,2
HGH,YNT,6
HGH,YYA,1
HGH,ZAT,1
HGH,ZHA,2
HGH,ZUH,4
HGH,ZYI,1
HGN,CNX,1
HGN,DMK,1
HGO,ABJ,1
HGO,BYK,1
HGR,IAD,1
HGR,SFB,1
HGU,GKA,1
HGU,LAE,1
HGU,MAG,1
HGU,MXH,1
HGU,POM,2
HGU,TBG,1
HGU,TIZ,1
HGU,UNG,1
HGU,WBM,1
HGU,WWK,2
HHH,ATL,1
HHH,CLT,2
HHH,DCA,2
HHH,EWR,1
HHH,ORD,1
HHN,ACE,1
HHN,AGP,1
HHN,AHO,1
HHN,ALC,1
HHN,BGY,1
HHN,BRI,1
HHN,BUD,1
HHN,CAG,1
HHN,CHQ,1
HHN,CIA,1
HHN,CIY,1
HHN,DUB,1
HHN,EDI,1
HHN,FAO,1
HHN,FEZ,1
HHN,GRO,1
HHN,IBZ,1
HHN,KBP,1
HHN,KIR,1
HHN,KTW,1
HHN,KUN,1
HHN,LIS,1
HHN,MPL,1
HHN,NDR,1
HHN,OPO,1
HHN,PDV,1
HHN,PMI,1
HHN,PSA,1
HHN,PSR,1
HHN,PUY,1
HHN,RAK,1
HHN,REU,1
HHN,RIX,1
HHN,SBZ,1
HHN,SCQ,1
HHN,SDR,1
HHN,SKG,1
HHN,SKP,1
HHN,SOF,1
HHN,STN,1
HHN,SUF,1
HHN,TFS,1
HHN,TMP,1
HHN,TPS,1
HHN,TSF,1
HHN,VLC,1
HHN,VNO,1
HHN,VOL,1
HHN,XRY,1
HHN,ZAD,1
HIA,CAN,1
HIA,CKG,1
HIA,CSX,1
HIA,CTU,1
HIA,DLC,2
HIA,FOC,2
HIA,HKG,1
HIA,HRB,1
HIA,INC,1
HIA,JJN,1
HIA,KHN,1
HIA,KMG,1
HIA,PEK,1
HIA,PKX,2
HIA,PVG,1
HIA,SHA,1
HIA,SHE,1
HIA,SWA,1
HIA,SZX,1
HIA,TPE,1
HIA,TSN,1
HIA,TXN,1
HIA,TYN,1
HIA,URC,1
HIA,WNZ,1
HIA,WUH,1
HIA,XIY,1
HIA,XMN,1
HIA,XNN,1
HIA,ZUH,1
HIB,MSP,1
HID,ABM,1
HID,BDD,1
HID,CNC,1
HID,CNS,1
HID,GIC,1
HID,KUG,1
HID,MYI,1
HID,OKR,1
HID,SBR,1
HID,SYU,1
HID,XMY,1
HIJ,CTS,2
HIJ,DLC,2
HIJ,GUM,1
HIJ,HND,2
HIJ,ICN,4
HIJ,NRT,2
HIJ,OKA,1
HIJ,PVG,2
HIJ,SDJ,2
HIJ,SIN,1
HIJ,TPE,1
HIN,CJU,2
HIN,GMP,1
HIR,AKS,1
HIR,ATD,1
HIR,BNE,2
HIR,BNY,1
HIR,CHY,1
HIR,EGM,1
HIR,FRE,1
HIR,GZO,1
HIR,IRA,1
HIR,JJA,1
HIR,KGE,1
HIR,MUA,1
HIR,NNB,1
HIR,POM,1
HIR,PRS,1
HIR,RBV,1
HIR,RNA,1
HIR,RNL,1
HIR,RUS,1
HIR,SCZ,1
HIR,TRW,1
HIR,VAO,1
HIR,VLI,3
HJJ,CAN,1
HJJ,CSX,2
HJJ,PKX,1
HJJ,SYX,1
HJR,VNS,1
HKB,FAI,1
HKD,CTS,1
HKD,HND,3
HKD,ITM,2
HKD,KIX,1
HKD,NGO,1
HKD,OIR,1
HKD,OKD,1
HKD,TPE,4
HKG,ADD,1
HKG,ADL,1
HKG,AKL,3
HKG,ALA,1
HKG,AMS,2
HKG,ANC,2
HKG,AUH,3
HKG,BCN,1
HKG,BKI,5
HKG,BKK,18
HKG,BLR,3
HKG,BNE,3
HKG,BOM,4
HKG,BOS,1
HKG,BRU,1
HKG,BWN,2
HKG,CAN,3
HKG,CCU,2
HKG,CDG,3
HKG,CEB,3
HKG,CGK,4
HKG,CGO,3
HKG,CGQ,1
HKG,CHC,1
HKG,CJU,3
HKG,CKG,5
HKG,CMB,2
HKG,CNS,4
HKG,CNX,4
HKG,CPH,1
HKG,CPT,1
HKG,CRK,4
HKG,CSX,2
HKG,CTS,3
HKG,CTU,6
HKG,CXR,1
HKG,DAC,4
HKG,DAD,3
HKG,DEL,5
HKG,DFW,1
HKG,DLC,2
HKG,DME,3
HKG,DMK,1
HKG,DOH,2
HKG,DPS,5
HKG,DUB,1
HKG,DVO,2
HKG,DWC,2
HKG,DXB,2
HKG,EWR,3
HKG,FCO,1
HKG,FOC,4
HKG,FRA,2
HKG,FUK,3
HKG,GUM,1
HKG,HAK,4
HKG,HAN,5
HKG,HEL,1
HKG,HFE,1
HKG,HGH,7
HKG,HIA,1
HKG,HIJ,1
HKG,HKT,6
HKG,HND,5
HKG,HYD,1
HKG,IAD,1
HKG,ICN,13
HKG,IKT,1
HKG,ILO,1
HKG,INC,2
HKG,ISG,1
HKG,IST,1
HKG,JFK,2
HKG,JJN,2
HKG,JNB,2
HKG,KHH,4
HKG,KHN,2
HKG,KHV,2
HKG,KIJ,1
HKG,KIX,8
HKG,KMG,4
HKG,KMJ,1
HKG,KNO,1
HKG,KOJ,2
HKG,KTM,3
HKG,KUL,4
HKG,KWE,1
HKG,KWL,3
HKG,LAX,3
HKG,LEJ,1
HKG,LGW,1
HKG,LHR,3
HKG,LJG,1
HKG,LYG,1
HKG,MAA,2
HKG,MAD,1
HKG,MAN,1
HKG,MEL,3
HKG,MLE,3
HKG,MNL,7
HKG,MRU,1
HKG,MUC,1
HKG,MXP,1
HKG,MXZ,1
HKG,NGB,5
HKG,NGO,5
HKG,NGS,1
HKG,NKG,6
HKG,NNG,3
HKG,NRT,9
HKG,OKA,6
HKG,OKJ,1
HKG,ORD,3
HKG,OVB,2
HKG,PEK,7
HKG,PEN,3
HKG,PER,1
HKG,PKX,1
HKG,PNH,2
HKG,POM,1
HKG,PUS,5
HKG,PVG,8
HKG,REP,3
HKG,RGN,2
HKG,RMQ,4
HKG,RUH,2
HKG,SEA,1
HKG,SFO,6
HKG,SGN,5
HKG,SHA,5
HKG,SHE,1
HKG,SHI,1
HKG,SIN,9
HKG,SPN,1
HKG,SUB,1
HKG,SVO,1
HKG,SWA,1
HKG,SYD,3
HKG,SYX,3
HKG,TAK,1
HKG,TAO,2
HKG,TKS,1
HKG,TLV,2
HKG,TNA,4
HKG,TNN,1
HKG,TPE,7
HKG,TSN,3
HKG,TYN,2
HKG,ULN,2
HKG,USM,2
HKG,VVO,2
HKG,WNZ,3
HKG,WUH,4
HKG,WUS,1
HKG,WUX,1
HKG,XIY,3
HKG,XMN,5
HKG,XUZ,2
HKG,YGJ,1
HKG,YIH,1
HKG,YIW,1
HKG,YNT,2
HKG,YNZ,1
HKG,YVR,2
HKG,YYZ,2
HKG,ZHA,2
HKG,ZRH,2
HKK,CHC,1
HKN,LAE,2
HKN,POM,2
HKN,RAB,2
HKT,AUH,2
HKT,BKK,14
HKT,CAN,1
HKT,CGK,1
HKT,CGO,2
HKT,CKG,3
HKT,CNX,3
HKT,CSX,1
HKT,CTU,4
HKT,DME,1
HKT,DMK,4
HKT,DOH,1
HKT,DXB,1
HKT,FRA,1
HKT,HDY,1
HKT,HEL,1
HKT,HFE,1
HKT,HGH,4
HKT,HKG,6
HKT,ICN,4
HKT,IKT,1
HKT,IST,1
HKT,KKC,1
HKT,KMG,2
HKT,KUL,5
HKT,KWE,2
HKT,LED,1
HKT,MEL,1
HKT,MFM,1
HKT,MNL,1
HKT,NKG,2
HKT,NNG,1
HKT,OVB,2
HKT,PEK,3
HKT,PEN,2
HKT,PER,1
HKT,PNH,1
HKT,PVG,5
HKT,REP,1
HKT,SGN,1
HKT,SIN,6
HKT,SVO,1
HKT,SVX,1
HKT,SYD,1
HKT,SZX,2
HKT,TSN,1
HKT,TYN,1
HKT,USM,1
HKT,UTH,1
HKT,UTP,2
HKT,VKO,1
HKT,WUH,1
HKT,XIY,2
HLA,CPT,3
HLA,DUR,2
HLA,GRJ,1
HLA,PLZ,1
HLD,CIF,1
HLD,COQ,1
HLD,DLC,1
HLD,DQA,1
HLD,HET,7
HLD,HLH,2
HLD,HRB,2
HLD,HTA,1
HLD,JGD,2
HLD,NAY,2
HLD,NZL,1
HLD,PEK,5
HLD,SJW,1
HLD,TGO,1
HLD,XIL,1
HLD,YIE,1
HLE,ASI,1
HLH,HET,2
HLH,HLD,1
HLH,HRB,1
HLH,NAY,2
HLH,NZH,1
HLH,PEK,2
HLH,PKX,1
HLH,SHE,1
HLH,TSN,1
HLH,YIE,1
HLN,DEN,1
HLN,GTF,1
HLN,MSP,1
HLN,SEA,1
HLN,SLC,1
HLP,AAP,1
HLP,AMQ,1
HLP,BDO,1
HLP,BKS,1
HLP,BPN,1
HLP,BTH,1
HLP,DPS,1
HLP,DTB,1
HLP,JOG,2
HLP,KJT,1
HLP,KNO,2
HLP,KOE,1
HLP,LOP,2
HLP,MLG,2
HLP,PDG,2
HLP,PKU,1
HLP,PLM,2
HLP,SOC,2
HLP,SRG,2
HLP,SUB,2
HLP,TJQ,1
HLP,TKG,2
HLP,TSY,1
HLP,UPG,1
HLP,YIA,1
HLT,MEB,1
HLT,PTJ,1
HLZ,AKL,1
HLZ,CHC,1
HLZ,PMR,1
HLZ,WLG,1
HMA,DME,1
HMA,EZV,1
HMA,IRM,1
HMA,LBD,1
HMA,NJC,2
HMA,OMS,1
HMA,OVB,2
HMA,SVO,1
HMA,SVX,2
HMA,TJM,2
HMA,UFA,1
HMA,URJ,2
HMB,AMM,2
HMB,CAI,2
HMB,JED,3
HMB,KWI,5
HMB,MXP,1
HMB,RUH,2
HMB,SHJ,1
HME,ALG,1
HME,CZL,1
HME,HRM,1
HME,IAM,1
HME,INZ,1
HME,LGW,1
HME,ORN,1
HMI,CGO,1
HMI,CTU,1
HMI,KRL,2
HMI,PEK,2
HMI,PVG,1
HMI,SHF,1
HMI,URC,3
HMI,XIY,1
HMO,CEN,2
HMO,CJS,2
HMO,CUL,3
HMO,CUN,1
HMO,CUU,2
HMO,GDL,3
HMO,GYM,1
HMO,LAX,2
HMO,LMM,1
HMO,MEX,4
HMO,MTY,2
HMO,MXL,2
HMO,MZT,1
HMO,PHX,4
HMO,TIJ,3
HMV,VHM,2
HNA,CTS,1
HNA,FUK,1
HNA,ITM,1
HNA,NKM,1
HNA,PVG,1
HNA,TPE,1
HND,AKJ,3
HND,AOJ,1
HND,ASJ,1
HND,ATL,1
HND,AXT,2
HND,BKK,4
HND,CAN,3
HND,CDG,3
HND,CGK,2
HND,CTS,4
HND,DFW,1
HND,DOH,1
HND,DPS,2
HND,DTW,1
HND,DXB,2
HND,FRA,2
HND,FUK,4
HND,GAJ,1
HND,GMP,4
HND,HAC,1
HND,HAN,2
HND,HEL,1
HND,HIJ,2
HND,HKD,3
HND,HKG,4
HND,HNL,6
HND,HSG,1
HND,ICN,4
HND,ISG,2
HND,ITM,2
HND,IWJ,1
HND,IWK,1
HND,IZO,1
HND,JFK,2
HND,KCZ,2
HND,KIX,3
HND,KKJ,3
HND,KMI,3
HND,KMJ,3
HND,KMQ,2
HND,KOJ,4
HND,KUH,3
HND,KUL,2
HND,LAX,5
HND,LHR,4
HND,MBE,1
HND,MMB,3
HND,MMY,2
HND,MNL,4
HND,MSJ,1
HND,MSP,1
HND,MUC,2
HND,MYJ,2
HND,NGO,2
HND,NGS,3
HND,NRT,1
HND,NTQ,1
HND,OBO,3
HND,OIM,1
HND,OIT,3
HND,OKA,3
HND,OKJ,2
HND,ONJ,1
HND,ORD,3
HND,PDX,1
HND,PEK,4
HND,PVG,6
HND,SEA,1
HND,SFO,4
HND,SGN,1
HND,SHA,5
HND,SHB,1
HND,SHM,1
HND,SIN,4
HND,SVO,2
HND,SYD,3
HND,SYO,1
HND,TAK,2
HND,TKS,2
HND,TOY,1
HND,TPE,3
HND,TSA,4
HND,TTJ,1
HND,UBJ,3
HND,UKB,2
HND,VIE,1
HND,WKJ,1
HND,YGJ,2
HND,YVR,2
HND,YYZ,1
HNH,GST,1
HNH,JNU,2
HNL,AKL,4
HNL,ANC,1
HNL,APW,1
HNL,ATL,2
HNL,BLI,1
HNL,BNE,1
HNL,BOS,1
HNL,CTS,1
HNL,CXI,2
HNL,DEN,1
HNL,DFW,2
HNL,EWR,1
HNL,FUK,2
HNL,GUM,1
HNL,HND,6
HNL,IAD,1
HNL,IAH,1
HNL,ICN,4
HNL,ITO,2
HNL,JFK,1
HNL,JHM,2
HNL,KIX,4
HNL,KOA,2
HNL,LAS,2
HNL,LAX,9
HNL,LGB,1
HNL,LIH,4
HNL,LNY,2
HNL,LUP,1
HNL,MAJ,1
HNL,MEL,2
HNL,MKK,2
HNL,MNL,1
HNL,MSP,1
HNL,NGO,3
HNL,NRT,8
HNL,OAK,3
HNL,OGG,5
HNL,ORD,2
HNL,PDX,2
HNL,PEK,3
HNL,PHX,3
HNL,PPG,1
HNL,PPT,1
HNL,PVG,1
HNL,SAN,2
HNL,SDJ,1
HNL,SEA,3
HNL,SFO,4
HNL,SJC,3
HNL,SLC,1
HNL,SMF,1
HNL,SYD,5
HNL,TPE,2
HNL,YVR,3
HNL,YYZ,1
HNM,OGG,1
HNS,JNU,2
HNS,SGY,2
HNY,BHY,1
HNY,DLC,1
HNY,FOC,1
HNY,HUZ,1
HNY,KMG,1
HNY,KWE,1
HNY,NKG,1
HNY,PKX,1
HNY,PVG,1
HNY,SWA,1
HNY,SYX,1
HNY,TAO,1
HNY,TNA,1
HNY,XIY,1
HNY,XMN,1
HNY,ZUH,1
HOB,IAH,2
HOD,AMM,1
HOD,CAI,1
HOD,JED,1
HOD,SAH,2
HOE,VTE,1
HOF,JED,1
HOF,RUH,1
HOF,SHJ,1
HOG,CCC,1
HOG,CCS,1
HOG,CUN,1
HOG,FRA,1
HOG,HAV,1
HOG,KJT,1
HOG,MAN,1
HOG,MBJ,1
HOG,MXP,1
HOG,PTY,1
HOG,YUL,3
HOG,YYZ,3
HOI,FHZ,1
HOI,GMR,1
HOI,HHZ,1
HOI,MKP,1
HOI,NUK,1
HOI,PPT,1
HOI,TJN,1
HOI,VHZ,1
HOI,ZTA,1
HOM,ANC,2
HON,PIR,3
HOR,CVU,1
HOR,FLW,1
HOR,LIS,2
HOR,PDL,1
HOR,TER,1
HOT,ELD,1
HOT,MEM,1
HOU,ABQ,1
HOU,AMA,1
HOU,ATL,6
HOU,AUS,2
HOU,BHM,1
HOU,BKG,1
HOU,BNA,1
HOU,BOS,2
HOU,BUR,1
HOU,BWI,2
HOU,BZE,1
HOU,CHS,2
HOU,CLT,2
HOU,CRP,2
HOU,CUN,1
HOU,DAL,2
HOU,DCA,1
HOU,DEN,2
HOU,DFW,2
HOU,ECP,1
HOU,ELP,1
HOU,EWR,1
HOU,FLL,1
HOU,GSP,2
HOU,HRL,2
HOU,IND,1
HOU,ISP,1
HOU,JAN,1
HOU,JAX,1
HOU,JFK,1
HOU,LAS,2
HOU,LAX,2
HOU,LBB,1
HOU,LGA,1
HOU,LIR,1
HOU,LIT,2
HOU,MAF,1
HOU,MBJ,1
HOU,MCI,2
HOU,MCO,2
HOU,MDW,2
HOU,MEM,1
HOU,MKE,1
HOU,MSY,2
HOU,OAK,1
HOU,OKC,2
HOU,OMA,1
HOU,PHL,1
HOU,PHX,2
HOU,PIT,1
HOU,PNS,1
HOU,PVD,1
HOU,PVR,1
HOU,RDU,2
HOU,SAN,1
HOU,SAT,2
HOU,SDF,1
HOU,SJC,1
HOU,SJD,1
HOU,SJO,1
HOU,SJU,1
HOU,SLC,1
HOU,SMF,1
HOU,SNA,2
HOU,STL,1
HOU,TPA,2
HOU,TUL,2
HOV,BGO,1
HOV,FRO,1
HOV,OSL,1
HOV,SOG,1
HPB,BET,1
HPB,SCM,2
HPB,VAK,2
HPG,WUH,1
HPH,BKK,1
HPH,BMV,1
HPH,CXR,1
HPH,DAD,1
HPH,DLI,1
HPH,ICN,1
HPH,PQC,1
HPH,PXU,1
HPH,SGN,3
HPN,ACK,1
HPN,ATL,3
HPN,CLT,2
HPN,DCA,2
HPN,DTW,1
HPN,FLL,1
HPN,HYA,1
HPN,LEB,1
HPN,MCO,2
HPN,MVY,1
HPN,ORD,3
HPN,PBI,1
HPN,PHL,2
HPN,RSW,1
HPN,TPA,1
HRB,AQG,1
HRB,BAV,1
HRB,BHY,1
HRB,BPE,1
HRB,CAN,4
HRB,CGO,10
HRB,CIF,2
HRB,CJU,1
HRB,CKG,3
HRB,CSX,1
HRB,CTU,3
HRB,CZX,3
HRB,DAT,1
HRB,DLC,4
HRB,DOY,1
HRB,DSN,1
HRB,FOC,2
HRB,FYJ,1
HRB,HDG,1
HRB,HEK,4
HRB,HET,4
HRB,HFE,5
HRB,HGH,6
HRB,HIA,1
HRB,HKG,1
HRB,HLD,3
HRB,HLH,1
HRB,HZG,1
HRB,ICN,2
HRB,IKT,1
HRB,INC,2
HRB,IQN,1
HRB,JGD,3
HRB,JMU,1
HRB,JNG,2
HRB,JNZ,1
HRB,JSJ,2
HRB,JXA,2
HRB,KHN,4
HRB,KHV,2
HRB,KIJ,1
HRB,KIX,2
HRB,KMG,1
HRB,KOW,1
HRB,LDS,1
HRB,LFQ,1
HRB,LYG,1
HRB,NAY,2
HRB,NGB,4
HRB,NKG,7
HRB,NRT,1
HRB,NTG,1
HRB,NZH,1
HRB,OHE,1
HRB,OVB,1
HRB,PEK,6
HRB,PKX,2
HRB,PVG,9
HRB,RIZ,1
HRB,SIN,1
HRB,SJW,6
HRB,SQD,1
HRB,SVX,1
HRB,SYX,2
HRB,SZX,3
HRB,TAO,7
HRB,TGO,4
HRB,TNA,8
HRB,TPE,2
HRB,TSN,11
HRB,TVS,2
HRB,TYN,4
HRB,UUS,1
HRB,UYN,1
HRB,WEH,2
HRB,WNZ,4
HRB,WUH,2
HRB,WUT,1
HRB,WUX,1
HRB,XFN,1
HRB,XIY,5
HRB,XMN,1
HRB,XUZ,2
HRB,YCU,2
HRB,YIH,1
HRB,YIW,1
HRB,YKH,1
HRB,YKS,1
HRB,YNT,11
HRB,YNZ,2
HRB,YTY,3
HRB,ZYI,1
HRE,ADD,2
HRE,BUQ,2
HRE,CPT,2
HRE,DAR,2
HRE,DUR,1
HRE,GBE,1
HRE,JNB,5
HRE,LLW,1
HRE,LUN,11
HRE,NBO,4
HRE,VFA,3
HRE,WDH,1
HRG,AMS,1
HRG,ARN,1
HRG,BEG,1
HRG,BHX,1
HRG,BLL,1
HRG,BRU,1
HRG,BSL,1
HRG,BTS,1
HRG,CAI,2
HRG,CGN,1
HRG,CPH,2
HRG,DME,1
HRG,DRS,1
HRG,DUS,4
HRG,FRA,2
HRG,GVA,2
HRG,HAM,1
HRG,HBE,1
HRG,HEL,1
HRG,IST,2
HRG,KTW,1
HRG,LEJ,3
HRG,LGW,5
HRG,LXR,1
HRG,MAN,4
HRG,MBA,1
HRG,MUC,2
HRG,NUE,1
HRG,OVB,1
HRG,PRG,2
HRG,RMF,1
HRG,SSH,2
HRG,STR,1
HRG,SVO,1
HRG,SVX,1
HRG,SZG,1
HRG,TXL,1
HRG,VIE,2
HRG,VKO,1
HRG,WAW,1
HRG,ZRH,3
HRI,CMB,3
HRI,JED,2
HRI,PEK,1
HRI,PVG,1
HRK,DXB,1
HRK,IST,1
HRK,KBP,1
HRK,KUT,1
HRK,LCA,1
HRK,SAW,1
HRK,SHJ,1
HRK,SVO,1
HRK,VIE,2
HRK,WAW,2
HRL,AUS,1
HRL,DAL,1
HRL,DFW,1
HRL,HOU,2
HRL,IAH,1
HRL,MAF,1
HRL,SAT,1
HRM,ALG,1
HRM,HME,1
HRO,MCI,1
HRO,MEM,1
HSG,HND,1
HSG,ICN,1
HSG,PVG,1
HSG,TPE,1
HSH,IAD,1
HSH,IAH,1
HSH,ORD,1
HSL,GAL,1
HSL,HUS,1
HSL,KYU,1
HSL,RBY,1
HSL,TAL,1
HSN,DLC,1
HSN,JJN,5
HSN,LYG,1
HSN,NAY,2
HSN,PEK,2
HSN,PVG,1
HSN,SWA,1
HSN,SZX,1
HSN,TAO,1
HSN,TNA,1
HSN,XMN,4
HSN,YNT,1
HSV,ATL,6
HSV,CLT,2
HSV,DCA,2
HSV,DEN,1
HSV,DFW,2
HSV,DTW,1
HSV,IAD,1
HSV,IAH,1
HSV,ORD,3
HSV,SAV,1
HTA,BQS,1
HTA,BTK,1
HTA,DME,2
HTA,HLD,1
HTA,IKT,2
HTA,KHV,1
HTA,NZH,1
HTA,OVB,1
HTA,SVO,1
HTA,UUD,1
HTI,BNE,3
HTI,CNS,1
HTI,MEL,3
HTI,SYD,3
HTN,CGO,1
HTN,CKG,1
HTN,CTU,1
HTN,URC,6
HTN,XIY,1
HTS,CLT,2
HTS,MYR,1
HTS,PIE,1
HTS,ROA,1
HTS,SFB,1
HTY,ADB,1
HTY,ECN,2
HTY,ESB,1
HTY,IST,1
HTY,JED,1
HTY,MED,1
HTY,RUH,1
HTY,SAW,2
HUH,BOB,1
HUH,MOZ,1
HUH,PPT,1
HUH,RFP,1
HUI,HAN,2
HUI,SGN,3
HUN,KHH,1
HUN,RMQ,2
HUN,TNA,1
HUN,TSA,1
HUS,FAI,1
HUS,HSL,1
HUS,TAL,1
HUU,LIM,2
HUX,DFW,1
HUX,IAH,1
HUX,MEX,2
HUX,YEG,1
HUX,YVR,1
HUX,YYC,1
HUX,YYZ,2
HUY,ABZ,1
HUY,AMS,2
HUY,JER,1
HUY,NWI,1
HUZ,CGO,2
HUZ,CTU,1
HUZ,HFE,1
HUZ,HGH,1
HUZ,KHN,1
HUZ,KMG,1
HUZ,KWE,1
HUZ,NAO,1
HUZ,NGB,1
HUZ,NKG,1
HUZ,PEK,1
HUZ,PKX,1
HUZ,PVG,1
HUZ,SQD,1
HUZ,TAO,1
HUZ,TSN,1
HUZ,WUH,1
HUZ,WUX,1
HUZ,XFN,1
HUZ,XIY,1
HUZ,YIH,1
HUZ,YNT,1
HUZ,ZHA,1
HVB,BNE,1
HVB,SYD,1
HVD,ULN,1
HVG,BVG,1
HVG,HFT,1
HVG,MEH,1
HVN,CLT,1
HVN,PHL,2
HVR,BIL,1
HXD,XNN,1
HYA,ACK,1
HYA,BOS,1
HYD,AMD,4
HYD,ATQ,1
HYD,AUH,2
HYD,BBI,2
HYD,BDQ,1
HYD,BHO,2
HYD,BKK,1
HYD,BLR,6
HYD,BOM,5
HYD,CCU,4
HYD,CDP,1
HYD,CJB,2
HYD,CMB,1
HYD,CNN,2
HYD,COK,3
HYD,DED,1
HYD,DEL,6
HYD,DMM,1
HYD,DOH,2
HYD,DXB,4
HYD,FRA,1
HYD,GAU,1
HYD,GOI,5
HYD,GOP,1
HYD,GWL,1
HYD,HKG,1
HYD,IDR,2
HYD,ISK,1
HYD,ISL,1
HYD,IXB,1
HYD,IXC,2
HYD,IXE,1
HYD,IXG,1
HYD,IXM,2
HYD,IXR,1
HYD,IXU,1
HYD,IXZ,1
HYD,JAI,4
HYD,JED,4
HYD,JLR,1
HYD,JRG,1
HYD,KLH,2
HYD,KQH,1
HYD,KUL,2
HYD,KWI,1
HYD,LHR,2
HYD,LKO,2
HYD,MAA,8
HYD,MCT,2
HYD,MYQ,1
HYD,NAG,1
HYD,NDC,1
HYD,PAT,3
HYD,PNQ,6
HYD,PNY,1
HYD,RDP,1
HYD,RJA,5
HYD,RPR,1
HYD,RUH,1
HYD,SAG,2
HYD,SHJ,3
HYD,SIN,3
HYD,SRG,1
HYD,STV,1
HYD,TIR,4
HYD,TRV,1
HYD,VDY,1
HYD,VGA,5
HYD,VNS,2
HYD,VTZ,3
HYG,KTN,1
HYL,CGA,1
HYL,KTB,2
HYL,KTN,2
HYN,CAN,4
HYN,CGO,1
HYN,CKG,2
HYN,CSX,3
HYN,KMG,1
HYN,PEK,2
HYN,SZX,2
HYN,WUH,2
HYN,XIY,2
HYN,YNT,1
HYN,ZUH,2
HYS,DEN,1
HYS,SLN,1
HZG,KMG,1
HZG,NTG,1
HZG,PKX,1
HZG,PVG,1
HZG,SZX,1
HZH,CAN,1
HZH,KWE,2
HZH,PVG,1
IAA,KJA,1
IAD,ACC,1
IAD,ADD,1
IAD,ALB,1
IAD,AMS,4
IAD,AOO,1
IAD,ATL,9
IAD,AUA,1
IAD,AUH,2
IAD,AUS,1
IAD,AVL,1
IAD,AVP,1
IAD,BDL,1
IAD,BGM,1
IAD,BKW,1
IAD,BNA,1
IAD,BOG,2
IAD,BOS,2
IAD,BRU,3
IAD,BTV,1
IAD,BUF,1
IAD,CAE,1
IAD,CAI,1
IAD,CDG,5
IAD,CHA,1
IAD,CHO,1
IAD,CHS,1
IAD,CKB,1
IAD,CLE,1
IAD,CLT,3
IAD,CMH,1
IAD,CMN,1
IAD,COS,1
IAD,CPH,1
IAD,CRW,1
IAD,CUN,1
IAD,CVG,1
IAD,DAY,1
IAD,DEL,1
IAD,DEN,3
IAD,DFW,3
IAD,DKR,3
IAD,DOH,2
IAD,DTW,2
IAD,DUB,2
IAD,DXB,3
IAD,EWR,1
IAD,FAY,1
IAD,FCO,2
IAD,FLL,1
IAD,FRA,2
IAD,GCM,1
IAD,GRR,1
IAD,GRU,1
IAD,GSO,1
IAD,GSP,1
IAD,GUA,1
IAD,GVA,2
IAD,HGR,1
IAD,HKG,1
IAD,HNL,1
IAD,HSV,1
IAD,IAH,1
IAD,ICN,2
IAD,ILM,1
IAD,IND,1
IAD,IST,2
IAD,ITH,1
IAD,JAX,1
IAD,JED,1
IAD,JFK,3
IAD,JST,1
IAD,KEF,1
IAD,KWI,1
IAD,LAS,1
IAD,LAX,5
IAD,LEX,1
IAD,LGA,1
IAD,LGB,1
IAD,LHR,8
IAD,LIS,2
IAD,LNS,1
IAD,LWB,1
IAD,MAN,1
IAD,MBJ,1
IAD,MCI,1
IAD,MCO,1
IAD,MDT,1
IAD,MDW,2
IAD,MEX,3
IAD,MGW,1
IAD,MHT,1
IAD,MIA,3
IAD,MSP,2
IAD,MSY,3
IAD,MUC,2
IAD,NRT,2
IAD,OGS,1
IAD,OKC,1
IAD,OMA,1
IAD,ORD,1
IAD,ORF,2
IAD,PBG,1
IAD,PBI,1
IAD,PDX,1
IAD,PEK,2
IAD,PHL,1
IAD,PHX,1
IAD,PIE,1
IAD,PIT,1
IAD,PLS,1
IAD,PTY,2
IAD,PUJ,1
IAD,PVD,1
IAD,PWM,1
IAD,RDU,1
IAD,RIC,1
IAD,ROA,1
IAD,ROC,1
IAD,RSW,1
IAD,RUH,1
IAD,SAL,2
IAD,SAN,1
IAD,SAT,1
IAD,SAV,1
IAD,SCE,1
IAD,SDF,1
IAD,SEA,3
IAD,SFO,3
IAD,SHD,1
IAD,SJO,1
IAD,SJU,1
IAD,SLC,1
IAD,SMF,1
IAD,SRQ,1
IAD,STL,1
IAD,STT,1
IAD,SVO,2
IAD,SXM,1
IAD,SYR,1
IAD,TLV,1
IAD,TPA,2
IAD,TUL,1
IAD,TYS,1
IAD,VIE,2
IAD,YOW,2
IAD,YTZ,1
IAD,YUL,2
IAD,YYZ,2
IAD,ZRH,2
IAG,FLL,1
IAG,MYR,1
IAG,PGD,1
IAG,PIE,1
IAG,SFB,1
IAH,ABQ,1
IAH,ACA,1
IAH,ACY,1
IAH,AEX,1
IAH,AGU,1
IAH,AKL,1
IAH,AMA,1
IAH,AMS,4
IAH,ANC,2
IAH,ASE,1
IAH,ATL,9
IAH,AUA,1
IAH,AUS,1
IAH,BDL,1
IAH,BFL,1
IAH,BHM,1
IAH,BJX,1
IAH,BNA,1
IAH,BOG,3
IAH,BOI,1
IAH,BON,1
IAH,BOS,1
IAH,BRO,1
IAH,BTR,1
IAH,BWI,1
IAH,BZE,1
IAH,CAE,1
IAH,CAK,1
IAH,CCS,1
IAH,CDG,3
IAH,CHS,1
IAH,CLE,1
IAH,CLL,1
IAH,CLT,3
IAH,CME,1
IAH,CMH,1
IAH,COS,1
IAH,CRP,1
IAH,CRW,1
IAH,CUN,3
IAH,CUU,1
IAH,CVG,2
IAH,CZM,1
IAH,DAL,1
IAH,DAY,1
IAH,DCA,1
IAH,DEN,3
IAH,DFW,3
IAH,DGO,1
IAH,DME,2
IAH,DOH,3
IAH,DSM,1
IAH,DTW,3
IAH,DXB,2
IAH,ECP,1
IAH,EGE,1
IAH,ELP,1
IAH,EWR,2
IAH,EZE,1
IAH,FLL,2
IAH,FRA,3
IAH,GCM,1
IAH,GDL,1
IAH,GIG,1
IAH,GJT,1
IAH,GPT,1
IAH,GRK,1
IAH,GRR,1
IAH,GRU,1
IAH,GSP,1
IAH,GUA,2
IAH,HAV,1
IAH,HNL,1
IAH,HOB,2
IAH,HRL,1
IAH,HSV,1
IAH,HUX,1
IAH,IAD,1
IAH,ICN,1
IAH,ICT,1
IAH,IND,2
IAH,ISL,1
IAH,IST,2
IAH,JAN,1
IAH,JAX,1
IAH,JFK,1
IAH,LAS,2
IAH,LAX,5
IAH,LBB,1
IAH,LCH,1
IAH,LEX,1
IAH,LFT,1
IAH,LGA,2
IAH,LGG,1
IAH,LHR,6
IAH,LIM,1
IAH,LIR,1
IAH,LIT,1
IAH,LOS,1
IAH,LRD,1
IAH,MAF,1
IAH,MAN,1
IAH,MBJ,1
IAH,MCI,1
IAH,MCO,2
IAH,MEM,2
IAH,MEX,4
IAH,MFE,1
IAH,MGA,1
IAH,MIA,3
IAH,MID,1
IAH,MKE,1
IAH,MLM,1
IAH,MLU,1
IAH,MOB,1
IAH,MOT,1
IAH,MSP,3
IAH,MSY,6
IAH,MTY,2
IAH,MUC,1
IAH,NAS,1
IAH,NRT,2
IAH,OAX,1
IAH,OKC,1
IAH,OMA,1
IAH,ONT,1
IAH,ORD,4
IAH,ORF,1
IAH,PBC,1
IAH,PBI,1
IAH,PDX,1
IAH,PEK,2
IAH,PHL,3
IAH,PHX,3
IAH,PIT,1
IAH,PNS,1
IAH,POS,1
IAH,PSP,1
IAH,PTY,3
IAH,PUJ,1
IAH,PVR,1
IAH,QRO,1
IAH,RDU,1
IAH,RIC,1
IAH,RNO,1
IAH,RSW,1
IAH,RTB,1
IAH,SAL,4
IAH,SAN,2
IAH,SAP,2
IAH,SAT,1
IAH,SAV,1
IAH,SCL,1
IAH,SDF,1
IAH,SEA,3
IAH,SFO,2
IAH,SGF,2
IAH,SHV,1
IAH,SJC,1
IAH,SJD,1
IAH,SJO,1
IAH,SJU,1
IAH,SLC,2
IAH,SLP,1
IAH,SLW,1
IAH,SMF,1
IAH,SNA,1
IAH,STL,1
IAH,SVG,1
IAH,SYD,1
IAH,TAM,1
IAH,TGU,1
IAH,TPA,2
IAH,TPE,1
IAH,TRC,1
IAH,TUL,1
IAH,TUS,1
IAH,TYR,1
IAH,TYS,1
IAH,UIO,1
IAH,VCT,2
IAH,VER,1
IAH,VPS,1
IAH,VSA,1
IAH,XNA,1
IAH,YEG,2
IAH,YUL,2
IAH,YVR,1
IAH,YYC,3
IAH,YYZ,2
IAH,ZIH,1
IAH,ZLO,1
IAM,HME,1
IAM,OGX,1
IAN,ORV,2
IAN,OTZ,2
IAO,CEB,1
IAR,LED,2
IAS,BCN,1
IAS,BGY,1
IAS,BLL,1
IAS,BLQ,3
IAS,BRU,1
IAS,BVA,2
IAS,CGN,1
IAS,CIA,1
IAS,CLJ,1
IAS,CTA,1
IAS,FCO,3
IAS,LCA,1
IAS,LPL,1
IAS,LTN,2
IAS,MUC,1
IAS,OTP,2
IAS,TLV,2
IAS,TRN,2
IAS,TSF,1
IAS,TSR,1
IAS,VIE,2
IBA,ABV,1
IBE,BOG,2
IBE,EOH,1
IBR,CTS,1
IBR,FUK,1
IBR,NGO,1
IBR,PVG,1
IBR,TPE,1
IBR,UKB,1
IBZ,AGP,2
IBZ,ALC,2
IBZ,AMS,4
IBZ,BCN,3
IBZ,BGY,1
IBZ,BHX,1
IBZ,BIO,2
IBZ,BLQ,1
IBZ,BOH,1
IBZ,BRE,1
IBZ,BRN,1
IBZ,BRS,1
IBZ,BRU,3
IBZ,BSL,1
IBZ,CDG,2
IBZ,CGN,3
IBZ,CIA,1
IBZ,CRL,1
IBZ,DUB,2
IBZ,DUS,4
IBZ,EIN,2
IBZ,EMA,3
IBZ,FDH,1
IBZ,FMO,1
IBZ,FRA,3
IBZ,GLA,1
IBZ,GRO,1
IBZ,GVA,2
IBZ,HAJ,2
IBZ,HAM,2
IBZ,HHN,1
IBZ,LBA,3
IBZ,LCY,2
IBZ,LGW,2
IBZ,LHR,2
IBZ,LPL,1
IBZ,LTN,2
IBZ,LUX,1
IBZ,MAD,5
IBZ,MAH,1
IBZ,MAN,4
IBZ,MPL,1
IBZ,MRS,1
IBZ,MUC,4
IBZ,MXP,1
IBZ,NCL,2
IBZ,NRN,1
IBZ,NUE,1
IBZ,ORY,3
IBZ,PAD,1
IBZ,PIK,1
IBZ,PMI,3
IBZ,PSA,1
IBZ,RTM,1
IBZ,SEN,1
IBZ,STN,3
IBZ,STR,3
IBZ,SVQ,1
IBZ,TXL,2
IBZ,VIE,2
IBZ,VLC,4
IBZ,ZRH,2
ICI,SUV,1
ICN,ADD,1
ICN,AKL,1
ICN,ALA,2
ICN,AMS,2
ICN,ANC,2
ICN,AOJ,1
ICN,ATL,2
ICN,AUH,3
ICN,AXT,1
ICN,BCN,2
ICN,BKI,7
ICN,BKK,10
ICN,BNE,1
ICN,BOM,1
ICN,BOS,1
ICN,BUD,2
ICN,CAN,3
ICN,CDG,3
ICN,CEB,7
ICN,CGK,3
ICN,CGO,2
ICN,CGQ,2
ICN,CJU,2
ICN,CKG,2
ICN,CMB,2
ICN,CNX,4
ICN,CRK,3
ICN,CSX,4
ICN,CTS,8
ICN,CTU,3
ICN,CXR,6
ICN,DAD,8
ICN,DEL,3
ICN,DFW,4
ICN,DLC,4
ICN,DLI,1
ICN,DME,1
ICN,DOH,2
ICN,DPS,3
ICN,DTW,1
ICN,DXB,2
ICN,DYG,2
ICN,FCO,3
ICN,FRA,3
ICN,FSZ,4
ICN,FUK,10
ICN,GUM,5
ICN,HAK,1
ICN,HAN,6
ICN,HEL,1
ICN,HFE,2
ICN,HGH,3
ICN,HIJ,4
ICN,HKG,12
ICN,HKT,5
ICN,HND,4
ICN,HNL,4
ICN,HRB,2
ICN,HSG,1
ICN,IAD,2
ICN,IAH,1
ICN,IBR,1
ICN,IKT,1
ICN,ISL,1
ICN,IST,3
ICN,JFK,4
ICN,JHB,1
ICN,JMU,1
ICN,KHH,6
ICN,KHN,1
ICN,KHV,3
ICN,KIJ,2
ICN,KIX,11
ICN,KKJ,1
ICN,KLO,5
ICN,KMG,2
ICN,KMI,3
ICN,KMJ,4
ICN,KMQ,2
ICN,KOJ,4
ICN,KTM,1
ICN,KUL,3
ICN,KWE,1
ICN,KWL,2
ICN,LAS,2
ICN,LAX,5
ICN,LED,1
ICN,LHR,3
ICN,LIS,1
ICN,LJG,1
ICN,LYI,1
ICN,MAD,1
ICN,MDG,2
ICN,MEX,1
ICN,MFM,6
ICN,MNL,6
ICN,MSP,1
ICN,MUC,1
ICN,MXP,2
ICN,MYJ,3
ICN,NBO,2
ICN,NGB,1
ICN,NGO,7
ICN,NGS,1
ICN,NKG,3
ICN,NRT,14
ICN,OIT,2
ICN,OKA,9
ICN,OKJ,1
ICN,OOL,1
ICN,ORD,3
ICN,OVB,1
ICN,PEK,4
ICN,PNH,2
ICN,PPS,1
ICN,PQC,1
ICN,PRG,2
ICN,PUS,2
ICN,PVG,8
ICN,REP,5
ICN,RGN,3
ICN,RMQ,3
ICN,ROR,2
ICN,RUH,1
ICN,SDJ,2
ICN,SEA,4
ICN,SFO,7
ICN,SGN,5
ICN,SHE,3
ICN,SIN,5
ICN,SJW,1
ICN,SPN,3
ICN,SVO,2
ICN,SYD,4
ICN,SYX,2
ICN,SZX,4
ICN,TAE,1
ICN,TAK,3
ICN,TAO,6
ICN,TAS,3
ICN,TLV,1
ICN,TNA,6
ICN,TOY,3
ICN,TPE,11
ICN,TSN,4
ICN,TXN,2
ICN,UBJ,1
ICN,ULN,3
ICN,URC,1
ICN,UUS,3
ICN,VCE,1
ICN,VIE,1
ICN,VTE,4
ICN,VVO,8
ICN,WAW,1
ICN,WEH,4
ICN,WNZ,2
ICN,WUH,4
ICN,XIY,3
ICN,XMN,2
ICN,YGJ,2
ICN,YNJ,5
ICN,YNT,6
ICN,YNZ,2
ICN,YVR,3
ICN,YYZ,2
ICN,ZAG,1
ICN,ZRH,1
ICT,ATL,4
ICT,AZA,1
ICT,DAL,2
ICT,DEN,1
ICT,DFW,2
ICT,IAH,1
ICT,LAS,2
ICT,LAX,1
ICT,MDW,2
ICT,MSP,1
ICT,ORD,3
ICT,PHX,1
ICT,SEA,1
IDA,AZA,1
IDA,DEN,1
IDA,LAS,1
IDA,SLC,1
IDR,BLR,2
IDR,BOM,4
IDR,DEL,5
IDR,DXB,1
IDR,GOI,1
IDR,GWL,1
IDR,HYD,1
IDR,NAG,1
IDR,PNQ,2
IDR,RPR,1
IEG,WAW,1
IEV,ATH,2
IEV,BCN,3
IEV,BGY,1
IEV,BLL,1
IEV,BRE,1
IEV,BTS,1
IEV,BUD,1
IEV,BUS,2
IEV,CGN,2
IEV,CPH,1
IEV,DME,1
IEV,DTM,2
IEV,DWC,1
IEV,FCO,1
IEV,FMM,2
IEV,FRA,1
IEV,GDN,1
IEV,GRO,1
IEV,HAJ,1
IEV,HAM,1
IEV,KRK,1
IEV,KTW,2
IEV,KUT,1
IEV,LCA,3
IEV,LEJ,1
IEV,LIS,1
IEV,LTN,1
IEV,LUZ,1
IEV,LWO,1
IEV,NAP,1
IEV,NUE,1
IEV,ODS,1
IEV,OZH,1
IEV,POZ,1
IEV,SKG,1
IEV,SXF,1
IEV,TBS,1
IEV,TLL,1
IEV,TSF,1
IEV,UDJ,1
IEV,VIE,1
IEV,VKO,2
IEV,VLC,1
IEV,VNO,1
IEV,WAW,2
IEV,WRO,1
IFJ,RKV,1
IFN,ABD,1
IFN,AWZ,2
IFN,BND,2
IFN,BUZ,1
IFN,DEF,1
IFN,DOH,1
IFN,DXB,1
IFN,IST,1
IFN,KER,1
IFN,KIH,2
IFN,KWI,1
IFN,MED,1
IFN,MHD,3
IFN,MRX,1
IFN,NJF,2
IFN,PGU,2
IFN,RAS,1
IFN,SYZ,1
IFN,TBS,1
IFN,TBZ,1
IFN,THR,2
IFO,KBP,2
IGA,MYG,1
IGA,NAS,1
IGD,ESB,1
IGD,IST,1
IGD,SAW,1
IGG,AKN,1
IGM,LAX,1
IGM,PGA,3
IGR,AEP,2
IGR,ASU,1
IGR,COR,1
IGR,EZE,2
IGR,MAD,1
IGR,ROS,1
IGR,SLA,2
IGT,SVO,1
IGT,VKO,1
IGU,BSB,1
IGU,CGH,2
IGU,CWB,4
IGU,GIG,3
IGU,GRU,3
IGU,LIM,2
IGU,POA,1
IGU,SDU,1
IGU,VCP,1
IIL,THR,1
IJK,DME,2
IJK,LED,1
IJK,SVO,1
IJK,SVX,1
IKA,ADB,2
IKA,ALA,1
IKA,AMS,1
IKA,ARN,2
IKA,AUH,1
IKA,BAH,1
IKA,BCN,1
IKA,BEY,1
IKA,BGW,3
IKA,BKK,1
IKA,BOM,1
IKA,BRU,1
IKA,CAN,1
IKA,CDG,1
IKA,CGN,1
IKA,DEL,1
IKA,DOH,1
IKA,DUS,1
IKA,DXB,5
IKA,DYU,2
IKA,EBL,1
IKA,ESB,2
IKA,EVN,2
IKA,FCO,3
IKA,FRA,2
IKA,GOT,1
IKA,GYD,2
IKA,HAM,1
IKA,HKG,1
IKA,IST,6
IKA,ISU,3
IKA,KBL,2
IKA,KHI,1
IKA,KUL,2
IKA,KWI,2
IKA,KZN,1
IKA,LED,1
IKA,LHE,1
IKA,LHR,1
IKA,MCT,1
IKA,MSQ,1
IKA,MXP,2
IKA,NJF,7
IKA,ORY,1
IKA,PEK,2
IKA,PVG,1
IKA,SAW,2
IKA,SHJ,1
IKA,SVO,2
IKA,SZX,1
IKA,TAS,1
IKA,TBS,3
IKA,TBZ,1
IKA,URC,1
IKA,VIE,2
IKA,VKO,1
IKE,SAE,1
IKE,UMD,1
IKI,NGS,2
IKO,DUT,1
IKS,YKS,2
IKT,ABA,1
IKT,BAX,1
IKT,BKK,1
IKT,BTK,2
IKT,CAN,1
IKT,CXR,1
IKT,DME,2
IKT,DSN,1
IKT,DYU,2
IKT,FEG,1
IKT,FRU,1
IKT,GDX,1
IKT,HKG,1
IKT,HKT,1
IKT,HRB,3
IKT,HTA,3
IKT,ICN,1
IKT,KCK,1
IKT,KHV,3
IKT,KJA,3
IKT,KYZ,2
IKT,LED,1
IKT,MJZ,2
IKT,NER,2
IKT,NZH,2
IKT,ODO,3
IKT,OLZ,1
IKT,OMS,1
IKT,OSS,1
IKT,OVB,4
IKT,PEK,1
IKT,PYJ,1
IKT,SVO,1
IKT,TAS,1
IKT,TLK,1
IKT,UKX,3
IKT,ULK,4
IKT,UUD,2
IKT,VKO,2
IKT,VVO,1
IKT,YKS,3
ILD,PMI,1
ILG,DEN,1
ILG,DTW,1
ILG,MCO,1
ILG,MDW,1
ILG,RSW,1
ILG,TPA,1
ILI,ANC,1
ILM,ATL,4
ILM,CAE,1
ILM,CLT,2
ILM,DCA,2
ILM,DFW,1
ILM,IAD,1
ILM,LGA,3
ILM,ORD,1
ILM,PHL,2
ILO,CEB,1
ILO,CGY,1
ILO,DVO,1
ILO,GES,1
ILO,HKG,1
ILO,MNL,3
ILO,PPS,1
ILO,SIN,1
ILP,GEA,1
ILQ,LIM,1
ILR,ABV,1
ILR,IBA,1
ILY,GLA,1
IMF,AJL,1
IMF,CCU,2
IMF,GAU,4
IMF,IXA,1
IMF,IXS,1
IMP,BEL,1
IMP,BSB,3
IMP,BSS,1
IMP,CNF,1
IMP,GRU,1
IMP,SLZ,3
IMT,DTW,1
IMT,MSP,1
IMT,RHI,1
INB,PLJ,1
INB,PND,1
INC,CAN,1
INC,CGO,6
INC,CGQ,2
INC,CKG,6
INC,CSX,2
INC,CTU,4
INC,DAT,1
INC,DSN,2
INC,DXB,1
INC,DYG,1
INC,FOC,1
INC,GXH,1
INC,GYU,1
INC,HET,2
INC,HFE,2
INC,HGH,3
INC,HIA,1
INC,HKG,2
INC,HRB,2
INC,HZG,1
INC,JGN,2
INC,KHN,1
INC,KMG,2
INC,KWE,3
INC,KWL,2
INC,LFQ,2
INC,LHW,1
INC,LJG,2
INC,LXA,1
INC,LYG,1
INC,LZO,1
INC,NKG,3
INC,NNG,1
INC,PEK,8
INC,PKX,3
INC,PVG,5
INC,RLK,1
INC,SHA,1
INC,SHE,2
INC,SJW,3
INC,TAO,2
INC,TNA,4
INC,TPE,2
INC,TYN,3
INC,URC,6
INC,WDS,1
INC,WUH,5
INC,WUT,1
INC,WUX,1
INC,XIY,7
INC,XMN,1
INC,XNN,2
INC,XUZ,1
INC,YCU,2
INC,YIH,1
INC,YNT,1
INC,YNZ,1
INC,ZHY,1
INC,ZUH,1
IND,ATL,9
IND,AUS,1
IND,BOS,1
IND,BWI,2
IND,CDG,1
IND,CLE,1
IND,CLT,2
IND,CUN,2
IND,DCA,2
IND,DEN,4
IND,DFW,2
IND,DTW,2
IND,EWR,1
IND,FLL,1
IND,HOU,1
IND,IAD,1
IND,IAH,1
IND,JFK,3
IND,LAS,2
IND,LAX,4
IND,LGA,2
IND,MBJ,1
IND,MCI,2
IND,MCO,3
IND,MDW,1
IND,MEM,1
IND,MIA,2
IND,MSP,1
IND,ORD,3
IND,PBI,1
IND,PHL,2
IND,PHX,3
IND,RDU,2
IND,RSW,2
IND,SEA,2
IND,SFO,1
IND,SLC,1
IND,SRQ,1
IND,TPA,3
IND,TTN,1
IND,YYZ,1
INH,JNB,1
INH,MPM,1
INH,VNX,1
INI,BLQ,1
INI,BUD,1
INI,FCO,1
INI,FDH,1
INI,FKB,1
INI,GOT,1
INI,HAJ,1
INI,HHN,1
INI,LJU,1
INI,NUE,1
INI,SZG,1
INI,ZRH,1
INL,BRD,1
INL,MSP,1
INN,AMS,1
INN,DME,1
INN,EIN,1
INN,FRA,2
INN,HEL,1
INN,LGW,2
INN,LHR,1
INN,PMI,2
INN,RTM,1
INN,VIE,1
INU,BNE,1
INU,HIR,1
INU,MAJ,1
INU,TRW,1
INV,AMS,2
INV,BHD,1
INV,BHX,1
INV,BRS,1
INV,DUB,1
INV,EDI,1
INV,KOI,2
INV,LGW,1
INV,LHR,1
INV,LSI,1
INV,LTN,1
INV,MAN,2
INV,SYY,2
INV,ZRH,1
INZ,ALG,1
INZ,TMR,2
IOA,ATH,2
IOM,BHD,1
IOM,BHX,1
IOM,BLK,1
IOM,DUB,1
IOM,GLO,1
IOM,LCY,1
IOM,LGW,1
IOM,LPL,2
IOM,MAN,1
IOM,NCL,1
IOQ,AGM,1
IOS,BSB,1
IOS,CGH,3
IOS,CNF,1
IOS,GRU,2
IOS,SDU,1
IOS,SSA,3
IOS,VCP,1
IOT,JUU,1
IOT,UMD,1
IPA,DLY,1
IPA,TAH,1
IPA,VLI,1
IPC,PPT,1
IPC,SCL,1
IPH,SIN,4
IPI,BOG,1
IPL,BUR,1
IPL,SAN,1
IPN,CNF,1
IPN,GRU,1
IPN,PLU,1
IPT,PHL,2
IQN,INC,1
IQN,LHW,3
IQN,NAY,2
IQN,PKX,1
IQN,XIY,1
IQQ,ANF,2
IQQ,ARI,2
IQQ,CCP,1
IQQ,LPB,1
IQQ,SCL,3
IQQ,VVI,1
IQT,LIM,2
IQT,PCL,2
IQT,PTY,1
IQT,TPP,2
IRA,HIR,1
IRA,NNB,1
IRA,RNA,1
IRA,RUS,1
IRC,FAI,1
IRG,AUU,1
IRG,CNS,1
IRJ,AEP,1
IRK,STL,1
IRP,FKI,1
IRZ,TFF,1
ISA,BNE,2
ISA,BQL,2
ISA,CNJ,1
ISA,CNS,2
ISA,DMD,2
ISA,DRW,2
ISA,JCK,1
ISA,OOL,2
ISA,TSV,2
ISB,AUH,7
ISB,BAH,1
ISB,BCN,1
ISB,BHV,1
ISB,BHX,1
ISB,BKK,1
ISB,CDG,1
ISB,CJL,1
ISB,CPH,1
ISB,DMM,2
ISB,DOH,2
ISB,DXB,4
ISB,GIL,1
ISB,HEA,1
ISB,IST,1
ISB,JED,5
ISB,KBL,2
ISB,KDU,1
ISB,KHI,4
ISB,KWI,1
ISB,LBA,1
ISB,LHE,1
ISB,LHR,3
ISB,MAN,2
ISB,MCT,3
ISB,MED,2
ISB,MUX,1
ISB,MXP,1
ISB,OSL,1
ISB,PEK,2
ISB,PEW,1
ISB,RUH,4
ISB,RYK,1
ISB,SHJ,3
ISB,SKT,1
ISB,SKZ,2
ISB,UET,3
ISB,URC,1
ISB,YYZ,1
ISC,EXT,1
ISC,LEQ,1
ISC,NQY,1
ISE,IST,1
ISG,FUK,1
ISG,HND,2
ISG,KIX,3
ISG,MMY,1
ISG,NGO,1
ISG,OGN,1
ISG,OKA,4
ISG,TPE,2
ISL,ADB,1
ISL,ALA,1
ISL,ALG,1
ISL,AMM,2
ISL,AMS,1
ISL,ARN,1
ISL,ASB,1
ISL,ASR,1
ISL,AYT,1
ISL,BAH,1
ISL,BCN,1
ISL,BJV,1
ISL,BLL,1
ISL,BOM,1
ISL,CDG,1
ISL,CKZ,1
ISL,CMN,1
ISL,DLM,1
ISL,DMM,1
ISL,DOH,1
ISL,DWC,1
ISL,EBL,1
ISL,ESB,1
ISL,FIH,1
ISL,FRA,1
ISL,FRU,1
ISL,GNY,1
ISL,GZT,1
ISL,HEL,1
ISL,HTY,1
ISL,ICN,1
ISL,KAN,1
ISL,KBP,1
ISL,KCM,1
ISL,KRT,1
ISL,KUL,1
ISL,KWI,1
ISL,KYA,1
ISL,LOS,1
ISL,MAD,1
ISL,MCT,1
ISL,MED,1
ISL,MSQ,1
ISL,MZH,1
ISL,NVI,1
ISL,ODS,1
ISL,ORD,1
ISL,ORN,1
ISL,PEK,1
ISL,PVG,1
ISL,TAS,1
ISL,TLS,1
ISL,TZX,1
ISN,DEN,1
ISN,MSP,1
ISP,BOS,2
ISP,BWI,2
ISP,DCA,2
ISP,FLL,2
ISP,MCO,2
ISP,PBI,1
ISP,PGD,1
ISP,PHL,2
ISP,SNA,1
ISP,TPA,2
IST,AAE,1
IST,AAL,2
IST,ABJ,1
IST,ABV,1
IST,ACC,1
IST,ADA,3
IST,ADB,4
IST,ADD,2
IST,ADF,1
IST,AER,2
IST,AGP,1
IST,AJI,1
IST,ALA,2
IST,ALG,2
IST,AMM,2
IST,AMS,3
IST,AQJ,1
IST,ARN,2
IST,ASB,2
IST,ASM,1
IST,ASR,1
IST,ATH,3
IST,ATL,1
IST,AUH,2
IST,AYT,3
IST,BAH,3
IST,BAL,1
IST,BCN,1
IST,BEG,2
IST,BEN,3
IST,BER,1
IST,BEY,3
IST,BGG,1
IST,BGW,3
IST,BHX,1
IST,BIO,1
IST,BJL,1
IST,BJV,3
IST,BKK,2
IST,BKO,1
IST,BLL,1
IST,BLQ,1
IST,BOD,1
IST,BOG,1
IST,BOM,2
IST,BOS,1
IST,BRE,1
IST,BRI,1
IST,BRU,1
IST,BSL,1
IST,BSR,1
IST,BUD,1
IST,BUS,1
IST,CAI,2
IST,CAN,2
IST,CCS,1
IST,CDG,4
IST,CGK,1
IST,CGN,1
IST,CIT,1
IST,CKZ,1
IST,CLJ,1
IST,CMN,2
IST,CND,1
IST,COO,1
IST,CPH,2
IST,CPT,1
IST,CTA,1
IST,CZL,2
IST,DAC,1
IST,DAR,1
IST,DBV,1
IST,DEL,2
IST,DIY,2
IST,DLA,1
IST,DLM,2
IST,DMM,2
IST,DNK,3
IST,DNZ,1
IST,DOH,2
IST,DOK,3
IST,DPS,1
IST,DSS,1
IST,DUB,1
IST,DUS,3
IST,DXB,3
IST,DYU,3
IST,EBB,1
IST,EBL,2
IST,ECN,3
IST,EDI,1
IST,EDO,1
IST,ELQ,1
IST,ERC,1
IST,ERZ,2
IST,ESB,1
IST,EVN,1
IST,EZS,2
IST,FCO,2
IST,FDH,1
IST,FIH,1
IST,FRA,3
IST,FRU,2
IST,GNY,2
IST,GOA,1
IST,GOT,2
IST,GRU,1
IST,GRZ,1
IST,GUW,1
IST,GVA,1
IST,GYD,2
IST,GZP,2
IST,GZT,3
IST,HAJ,1
IST,HAM,1
IST,HAN,1
IST,HAV,1
IST,HBE,2
IST,HEL,2
IST,HKG,1
IST,HKT,1
IST,HRG,2
IST,HRK,2
IST,HTY,1
IST,IAD,2
IST,IAH,2
IST,ICN,3
IST,IFN,1
IST,IGD,1
IST,IKA,5
IST,ISB,1
IST,ISE,1
IST,ISU,2
IST,JED,3
IST,JFK,2
IST,JIB,1
IST,JNB,1
IST,JRO,1
IST,KAN,1
IST,KBL,1
IST,KBP,4
IST,KCM,1
IST,KFS,1
IST,KGL,2
IST,KHE,1
IST,KHI,1
IST,KIV,2
IST,KIX,2
IST,KRR,1
IST,KRT,1
IST,KSC,1
IST,KSH,1
IST,KSY,1
IST,KTM,1
IST,KUF,1
IST,KUL,2
IST,KVD,1
IST,KWI,3
IST,KYA,1
IST,KZN,1
IST,KZR,1
IST,LAX,2
IST,LBV,1
IST,LED,2
IST,LEJ,1
IST,LGW,1
IST,LHE,1
IST,LHR,3
IST,LIS,2
IST,LJU,2
IST,LOS,1
IST,LTN,1
IST,LUN,1
IST,LUX,1
IST,LWO,2
IST,LXR,1
IST,LYS,1
IST,MAD,1
IST,MAN,1
IST,MBA,1
IST,MCT,2
IST,MCX,1
IST,MED,3
IST,MEX,1
IST,MHD,1
IST,MIA,1
IST,MLA,2
IST,MLE,1
IST,MLX,2
IST,MNL,1
IST,MQM,1
IST,MRA,2
IST,MRS,2
IST,MRU,1
IST,MSQ,2
IST,MSR,1
IST,MUC,4
IST,MXP,1
IST,MZH,1
IST,MZR,1
IST,NAJ,1
IST,NAP,1
IST,NAV,1
IST,NBC,1
IST,NBO,2
IST,NCE,1
IST,NDJ,1
IST,NIM,1
IST,NJF,1
IST,NKC,1
IST,NKT,1
IST,NOP,1
IST,NRT,2
IST,NSI,1
IST,NTE,1
IST,NUE,1
IST,ODS,4
IST,OGU,1
IST,ONQ,1
IST,OPO,1
IST,ORD,2
IST,ORN,2
IST,OSL,2
IST,OSM,1
IST,OSS,2
IST,OTP,2
IST,OUA,1
IST,OVB,1
IST,OZH,2
IST,PEK,3
IST,PHC,1
IST,PRG,1
IST,PRN,1
IST,PTY,1
IST,PVG,2
IST,RAK,1
IST,RIX,1
IST,ROV,2
IST,RTM,1
IST,RUH,2
IST,SAH,1
IST,SCO,2
IST,SEZ,1
IST,SFO,1
IST,SGN,1
IST,SHJ,1
IST,SIC,1
IST,SIN,3
IST,SJJ,2
IST,SKD,1
IST,SKG,1
IST,SKP,1
IST,SOF,1
IST,SSH,2
IST,STN,2
IST,STR,1
IST,SVO,1
IST,SVX,1
IST,SXB,1
IST,SXZ,1
IST,SYZ,1
IST,SZF,1
IST,SZG,1
IST,TAS,2
IST,TBS,2
IST,TBZ,1
IST,TGD,1
IST,TIA,1
IST,TIF,1
IST,TIP,3
IST,TLL,1
IST,TLS,1
IST,TLV,2
IST,TPE,1
IST,TRN,1
IST,TSE,2
IST,TUN,2
IST,TXL,1
IST,TZX,2
IST,UFA,1
IST,URC,1
IST,USQ,1
IST,VAN,1
IST,VAR,1
IST,VAS,1
IST,VCE,1
IST,VIE,3
IST,VKO,2
IST,VLC,1
IST,VNO,1
IST,VOZ,1
IST,WAW,2
IST,WUH,1
IST,XIY,1
IST,YKO,1
IST,YNB,1
IST,YUL,1
IST,YYZ,2
IST,ZAG,2
IST,ZNZ,1
IST,ZRH,4
ISU,AMM,2
ISU,ARN,2
ISU,BEY,1
ISU,CAI,1
ISU,CPH,1
ISU,DOH,1
ISU,DUS,2
ISU,DXB,2
ISU,IKA,2
ISU,IST,3
ISU,LGW,1
ISU,MUC,1
ISU,SOF,1
ITB,STM,2
ITH,CLT,1
ITH,DTW,1
ITH,EWR,1
ITH,PHL,2
ITM,AOJ,2
ITM,ASJ,1
ITM,AXT,2
ITM,CTS,3
ITM,FKS,2
ITM,FUK,3
ITM,GAJ,1
ITM,HKD,2
ITM,HNA,1
ITM,HND,2
ITM,IZO,1
ITM,KCZ,1
ITM,KIJ,3
ITM,KMI,2
ITM,KMJ,2
ITM,KOJ,2
ITM,MSJ,1
ITM,MYJ,2
ITM,NGS,2
ITM,NRT,3
ITM,OIT,3
ITM,OKA,2
ITM,OKI,1
ITM,SDJ,3
ITO,HNL,2
ITO,LAX,1
ITO,OGG,1
ITU,UUS,1
IUE,AKL,1
IUI,JUV,1
IUI,TQA,1
IVC,AKL,1
IVC,CHC,1
IVC,WLG,1
IVL,HEL,1
IVL,KAO,1
IVL,KTT,2
IVL,LGW,1
IVL,TOS,1
IWJ,HND,1
IWK,HND,1
IXA,CCU,5
IXA,GAU,2
IXA,IMF,1
IXB,BKK,1
IXB,CCU,6
IXB,DEL,6
IXB,DIB,1
IXB,GAU,2
IXB,PBH,1
IXC,BOM,5
IXC,DEL,5
IXC,DXB,1
IXC,IXL,1
IXC,KUU,1
IXC,NDC,1
IXC,PNQ,1
IXC,SHJ,1
IXC,SXR,2
IXD,BOM,1
IXD,DEL,2
IXE,AUH,1
IXE,BAH,1
IXE,BLR,4
IXE,BOM,5
IXE,CJB,1
IXE,DMM,1
IXE,DOH,1
IXE,DXB,3
IXE,KWI,1
IXE,MCT,1
IXE,SHJ,1
IXG,AMD,1
IXG,BLR,2
IXG,BOM,1
IXG,IDR,1
IXG,PNQ,1
IXI,CCU,1
IXI,GAU,1
IXI,IXT,1
IXJ,BOM,1
IXJ,DEL,7
IXJ,GWL,1
IXJ,IXL,1
IXJ,SXR,5
IXL,DEL,4
IXL,IXC,1
IXL,IXJ,1
IXL,SXR,2
IXM,CMB,3
IXM,COK,1
IXM,DEL,1
IXM,HYD,1
IXM,MAA,5
IXM,SIN,1
IXR,BBI,1
IXR,BOM,2
IXR,CCU,4
IXR,DEL,5
IXR,PAT,1
IXR,RPR,1
IXS,CCU,3
IXS,GAU,3
IXS,IMF,1
IXT,GAU,1
IXU,BOM,3
IXU,DEL,2
IXU,UDR,1
IXZ,CCU,5
IXZ,DEL,1
IXZ,MAA,5
IXZ,VTZ,1
IZA,CGH,1
IZA,CNF,1
IZA,VCP,1
IZO,HND,1
IZO,ITM,1
JAC,DEN,1
JAC,DFW,1
JAC,LAX,1
JAC,LGA,1
JAC,MSP,1
JAC,ORD,1
JAC,SLC,1
JAC,TEB,1
JAE,LIM,1
JAI,AGR,1
JAI,AMD,1
JAI,AUH,1
JAI,BHO,2
JAI,BKB,1
JAI,BKK,1
JAI,BLR,1
JAI,BOM,5
JAI,CCU,2
JAI,DED,1
JAI,DEL,5
JAI,DXB,2
JAI,GAU,1
JAI,HYD,1
JAI,JDH,1
JAI,JSA,1
JAI,LKO,1
JAI,MCT,1
JAI,PNQ,2
JAI,SHJ,2
JAI,STV,2
JAI,UDR,2
JAI,VNS,1
JAL,MEX,2
JAN,ATL,5
JAN,CLT,2
JAN,DCA,2
JAN,DFW,2
JAN,HOU,2
JAN,IAH,1
JAN,MCO,2
JAN,MDW,1
JAN,ORD,1
JAU,LIM,1
JAV,GOH,1
JAV,JEG,1
JAV,JQA,1
JAV,JUV,1
JAV,SFJ,1
JAX,ATL,9
JAX,BNA,1
JAX,BOS,2
JAX,BWI,2
JAX,CKB,1
JAX,CLT,2
JAX,CVG,2
JAX,DCA,2
JAX,DEN,2
JAX,DFW,2
JAX,DTW,1
JAX,EWR,1
JAX,FLL,1
JAX,GRR,1
JAX,HOU,1
JAX,IAD,1
JAX,IAH,1
JAX,IND,1
JAX,JFK,2
JAX,LAS,1
JAX,LGA,1
JAX,MCO,1
JAX,MDW,1
JAX,MHH,2
JAX,MIA,2
JAX,MSP,1
JAX,OKC,1
JAX,ORD,3
JAX,ORF,1
JAX,PHL,2
JAX,PIT,1
JAX,RDU,1
JAX,RIC,1
JAX,SJU,1
JAX,TPA,3
JAX,YYZ,1
JBB,SUB,1
JBQ,AUA,2
JBQ,BGI,1
JBQ,CUR,1
JBQ,HAV,1
JBQ,PAP,3
JBQ,SJU,1
JBQ,SXM,1
JBR,STL,1
JCB,CFC,1
JCB,ERM,1
JCB,FLN,1
JCK,ISA,1
JCK,RCM,1
JDH,BOM,3
JDH,DEL,3
JDO,BSB,1
JDO,FOR,2
JDO,GRU,2
JDO,REC,1
JDO,VCP,1
JDZ,CAN,2
JDZ,CTU,2
JDZ,FOC,2
JDZ,KMG,1
JDZ,PEK,2
JDZ,SHA,2
JDZ,SZX,2
JDZ,TAO,1
JDZ,XIY,2
JDZ,XMN,2
JED,ABT,1
JED,ADA,3
JED,ADB,1
JED,ADD,6
JED,ADE,2
JED,AHB,4
JED,AJF,1
JED,ALG,1
JED,AMM,4
JED,AMS,1
JED,AQI,1
JED,ASM,1
JED,ASW,1
JED,ATH,2
JED,ATZ,4
JED,AUH,3
JED,AWZ,1
JED,AYT,1
JED,AZD,1
JED,BAH,2
JED,BEN,1
JED,BEY,2
JED,BHH,1
JED,BLR,1
JED,BOM,3
JED,BRU,1
JED,BTH,1
JED,BTJ,1
JED,BWN,1
JED,CAI,5
JED,CAN,1
JED,CCJ,2
JED,CDG,2
JED,CGK,4
JED,CGP,1
JED,CMB,3
JED,CMN,3
JED,COK,2
JED,CZL,1
JED,DAC,3
JED,DEL,2
JED,DMM,4
JED,DOH,2
JED,DWC,1
JED,DWD,1
JED,DXB,5
JED,EAM,1
JED,EBL,1
JED,EJH,1
JED,ELQ,3
JED,ESB,2
JED,FCO,2
JED,FRA,6
JED,GBT,1
JED,GIZ,3
JED,GVA,1
JED,GXF,1
JED,HAS,1
JED,HBE,8
JED,HMB,5
JED,HOD,1
JED,HOF,1
JED,HTY,1
JED,HYD,3
JED,IAD,1
JED,IFN,1
JED,ISB,4
JED,IST,3
JED,JFK,1
JED,JNB,1
JED,KAN,1
JED,KHI,3
JED,KNO,1
JED,KRT,3
JED,KUL,4
JED,KWI,5
JED,LAX,1
JED,LGG,1
JED,LGW,1
JED,LHE,4
JED,LHR,2
JED,LKO,1
JED,LXR,4
JED,MAA,1
JED,MAD,2
JED,MAN,2
JED,MCT,2
JED,MED,2
JED,MHD,1
JED,MLE,1
JED,MNL,1
JED,MRU,1
JED,MST,1
JED,MUC,1
JED,MUX,2
JED,MXP,2
JED,NBO,2
JED,NDJ,1
JED,OGX,1
JED,OMH,1
JED,ORN,1
JED,PEW,3
JED,PLM,1
JED,PZU,2
JED,RAE,1
JED,RAH,1
JED,RAK,1
JED,RAS,1
JED,RIY,1
JED,RUH,7
JED,SAH,2
JED,SAW,2
JED,SHJ,1
JED,SHW,1
JED,SIN,2
JED,SKT,1
JED,SLL,1
JED,SSH,3
JED,SUB,3
JED,SYZ,1
JED,TAI,1
JED,TBZ,1
JED,THR,1
JED,TIF,1
JED,TIP,1
JED,TUI,1
JED,TUN,3
JED,TUU,3
JED,ULH,1
JED,URY,1
JED,VIE,1
JED,WAE,1
JED,YNB,1
JED,YYZ,1
JEF,ORD,1
JEG,JAV,1
JEG,JHS,1
JEG,SFJ,1
JER,AMS,1
JER,BHX,1
JER,BRS,1
JER,CDG,1
JER,CWL,3
JER,DSA,1
JER,DUB,1
JER,DUS,2
JER,EDI,1
JER,EMA,1
JER,EXT,1
JER,FRA,1
JER,GCI,3
JER,GLA,2
JER,GVA,1
JER,HAJ,1
JER,HUY,1
JER,LBA,1
JER,LCY,1
JER,LGW,2
JER,LPL,1
JER,MAN,2
JER,NCL,1
JER,NWI,1
JER,ORK,1
JER,SEN,1
JER,SOU,2
JER,STN,1
JER,STR,1
JER,ZRH,1
JFK,ABQ,1
JFK,ACC,1
JFK,AMM,3
JFK,AMS,2
JFK,ANC,3
JFK,ANU,4
JFK,ARN,1
JFK,ATH,1
JFK,ATL,8
JFK,AUA,2
JFK,AUH,2
JFK,AUS,4
JFK,AZS,1
JFK,BCN,9
JFK,BDA,4
JFK,BER,1
JFK,BGI,1
JFK,BGO,1
JFK,BNA,3
JFK,BOG,4
JFK,BOM,1
JFK,BOS,4
JFK,BQN,1
JFK,BRU,7
JFK,BTV,2
JFK,BUD,1
JFK,BUF,2
JFK,BUR,1
JFK,BWI,3
JFK,CAI,2
JFK,CAN,1
JFK,CCS,1
JFK,CDG,11
JFK,CHS,2
JFK,CLE,3
JFK,CLT,4
JFK,CMH,3
JFK,CMN,1
JFK,CPH,1
JFK,CTG,1
JFK,CUN,5
JFK,CUR,1
JFK,CVG,3
JFK,DCA,3
JFK,DEL,2
JFK,DEN,2
JFK,DFW,3
JFK,DKR,1
JFK,DOH,2
JFK,DSS,1
JFK,DTW,1
JFK,DUB,9
JFK,DUS,3
JFK,DXB,2
JFK,EDI,1
JFK,EGE,1
JFK,EZE,3
JFK,FCO,7
JFK,FLL,2
JFK,FOC,1
JFK,FRA,8
JFK,GCM,2
JFK,GEO,2
JFK,GIG,3
JFK,GND,3
JFK,GRU,6
JFK,GUA,1
JFK,GVA,2
JFK,GYE,4
JFK,HAV,1
JFK,HEL,4
JFK,HKG,2
JFK,HND,2
JFK,HNL,1
JFK,HOU,1
JFK,IAD,3
JFK,IAH,3
JFK,ICN,4
JFK,IND,3
JFK,IST,2
JFK,JAX,2
JFK,JED,1
JFK,JNB,4
JFK,KBP,1
JFK,KEF,2
JFK,KIN,4
JFK,KIX,1
JFK,KWI,1
JFK,LAS,8
JFK,LAX,8
JFK,LCY,4
JFK,LFW,1
JFK,LGB,1
JFK,LGG,1
JFK,LHE,1
JFK,LHR,12
JFK,LIM,3
JFK,LIR,3
JFK,LIS,2
JFK,LOS,2
JFK,LRM,1
JFK,MAD,9
JFK,MAN,6
JFK,MBJ,4
JFK,MCO,4
JFK,MDE,2
JFK,MEX,5
JFK,MIA,4
JFK,MSP,2
JFK,MSY,11
JFK,MTY,1
JFK,MUC,2
JFK,MXP,10
JFK,NAS,2
JFK,NBO,1
JFK,NCE,2
JFK,NRT,5
JFK,OAK,1
JFK,ONT,1
JFK,ORD,6
JFK,ORF,3
JFK,ORH,1
JFK,ORY,4
JFK,OSL,1
JFK,PAP,4
JFK,PBI,2
JFK,PDX,3
JFK,PEK,3
JFK,PHL,2
JFK,PHX,4
JFK,PIT,3
JFK,PLS,2
JFK,POP,1
JFK,POS,2
JFK,PRG,1
JFK,PSE,1
JFK,PTY,2
JFK,PUJ,3
JFK,PVG,3
JFK,PWM,2
JFK,RDU,4
JFK,RIC,2
JFK,RIX,1
JFK,RNO,1
JFK,ROC,2
JFK,RSW,1
JFK,RUH,1
JFK,SAL,3
JFK,SAN,6
JFK,SAP,1
JFK,SAT,2
JFK,SAV,2
JFK,SCL,2
JFK,SDF,1
JFK,SDQ,2
JFK,SEA,6
JFK,SFO,7
JFK,SIN,1
JFK,SJC,3
JFK,SJD,1
JFK,SJO,4
JFK,SJU,5
JFK,SKB,2
JFK,SLC,2
JFK,SMF,1
JFK,SNN,1
JFK,SRQ,1
JFK,STI,2
JFK,STL,1
JFK,STT,3
JFK,SVD,1
JFK,SVO,2
JFK,SXM,4
JFK,SYR,2
JFK,TAB,1
JFK,TLV,2
JFK,TPA,4
JFK,TPE,2
JFK,TXL,2
JFK,UVF,1
JFK,VCE,2
JFK,VIE,2
JFK,VKO,1
JFK,WAW,1
JFK,WUH,1
JFK,YUL,6
JFK,YVR,1
JFK,YYC,4
JFK,YYZ,9
JFK,ZRH,5
JFR,GOH,1
JFR,UAK,1
JGA,BOM,1
JGD,DLC,1
JGD,HLD,1
JGD,HRB,2
JGD,OHE,1
JGN,INC,1
JGN,JIC,2
JGN,LHW,3
JGN,XIY,1
JGS,CAN,1
JGS,CKG,1
JGS,CTU,1
JGS,FOC,1
JGS,HAK,1
JGS,KMG,1
JGS,NKG,1
JGS,NNG,1
JGS,PEK,2
JGS,PVG,1
JGS,SHA,2
JGS,SZX,1
JGS,XIY,1
JGS,XMN,1
JHB,AOR,1
JHB,BDO,1
JHB,BKI,1
JHB,CAN,2
JHB,CGK,2
JHB,DMK,1
JHB,ICN,1
JHB,IPH,2
JHB,KBR,3
JHB,KCH,1
JHB,KUL,2
JHB,LGK,1
JHB,MYY,1
JHB,PEN,1
JHB,SBW,1
JHB,SGN,1
JHB,SUB,2
JHB,SZB,3
JHB,TWU,1
JHG,AVA,1
JHG,BFJ,1
JHG,CEI,1
JHG,CKG,1
JHG,CNX,1
JHG,CSX,1
JHG,CTU,2
JHG,DIG,2
JHG,DLU,2
JHG,HGH,1
JHG,JUH,1
JHG,KMG,10
JHG,KWE,2
JHG,KWL,1
JHG,LJG,7
JHG,LNJ,1
JHG,LPQ,1
JHG,LZO,1
JHG,PEK,1
JHG,PVG,1
JHG,SWA,1
JHG,TCZ,1
JHG,ZAT,1
JHG,ZYI,1
JHM,HNL,1
JHM,KOA,1
JHS,GOH,1
JHS,JEG,1
JHS,SFJ,1
JHW,BFD,1
JHW,CLE,1
JIB,ADD,4
JIB,CDG,1
JIB,DIR,1
JIB,DOH,1
JIB,DXB,4
JIB,EBB,1
JIB,HAH,1
JIB,HGA,1
JIB,IST,1
JIB,JED,1
JIB,KGL,1
JIB,MGQ,5
JIB,NBO,2
JIB,RUN,1
JIB,SAH,2
JIB,TAI,1
JIC,JGN,2
JIC,LHW,2
JIC,NAY,2
JIC,UYN,1
JIC,XIY,2
JIJ,ABK,1
JIJ,ADD,1
JIJ,DIR,1
JIJ,GDE,1
JIK,ATH,2
JIK,LXS,1
JIM,ADD,1
JIM,AMH,1
JIQ,CAN,1
JIQ,CKG,1
JIQ,CSX,1
JIQ,CTU,2
JIQ,KMG,2
JIQ,PEK,1
JIQ,SHA,1
JIU,CAN,1
JIU,PEK,2
JIU,SHA,1
JIU,XMN,2
JJA,HIR,1
JJD,GRU,1
JJG,CGH,1
JJM,KEU,1
JJM,KTJ,1
JJM,MRE,1
JJM,NYK,1
JJM,OLX,1
JJN,BKK,1
JJN,CAN,4
JJN,CEB,1
JJN,CGO,2
JJN,CKG,2
JJN,CRK,1
JJN,CSX,3
JJN,CTU,2
JJN,CXR,1
JJN,DVO,1
JJN,HAK,1
JJN,HFE,1
JJN,HGH,5
JJN,HIA,1
JJN,HJJ,1
JJN,HKG,2
JJN,HNY,1
JJN,HSN,5
JJN,KHH,1
JJN,KMG,3
JJN,KWE,3
JJN,KWL,3
JJN,LLF,1
JJN,MFM,2
JJN,MNL,1
JJN,NKG,4
JJN,NNG,3
JJN,NTG,1
JJN,PEK,3
JJN,PVG,4
JJN,SHA,3
JJN,SHE,2
JJN,SIN,1
JJN,SZX,4
JJN,TAO,1
JJN,TNA,1
JJN,TPE,2
JJN,TSN,2
JJN,WUH,4
JJN,WUX,1
JJN,XIY,2
JJN,XUZ,1
JJN,YCU,1
JJN,YIW,1
JJN,YNT,1
JJN,ZHA,1
JJN,ZUH,2
JJU,JNN,1
JJU,JNS,1
JJU,LLU,1
JJU,QFG,1
JJU,QJH,1
JJU,QUW,1
JJU,UAK,1
JKG,ARN,1
JKG,HAD,1
JKH,ATH,2
JKH,MJT,2
JKH,RHO,1
JKH,SKG,2
JKH,SMI,1
JKL,ATH,2
JKL,KGS,2
JKL,LRS,2
JKR,KTM,1
JLN,DFW,2
JLN,ORD,1
JLR,BOM,1
JLR,DEL,3
JMJ,KMG,2
JMK,ATH,2
JMK,CGN,1
JMK,DUS,1
JMK,GVA,2
JMK,JTR,3
JMK,LGW,2
JMK,LHR,1
JMK,MAN,1
JMK,MUC,2
JMK,MXP,1
JMK,VIE,3
JMK,ZRH,1
JMU,DLC,2
JMU,HRB,1
JMU,KHV,1
JMU,PEK,3
JMU,PVG,1
JMU,SHE,2
JMU,TAO,3
JMU,TNA,1
JMU,YNT,2
JNB,ACC,1
JNB,ADD,2
JNB,AMS,1
JNB,APL,2
JNB,ATL,1
JNB,AUH,4
JNB,BBK,2
JNB,BEW,3
JNB,BFN,2
JNB,BKK,2
JNB,BLZ,2
JNB,BOM,3
JNB,BUQ,4
JNB,BZV,1
JNB,CAI,2
JNB,CDG,2
JNB,CPT,11
JNB,DAR,3
JNB,DKR,3
JNB,DOH,1
JNB,DSS,1
JNB,DUR,8
JNB,DXB,2
JNB,EBB,1
JNB,ELL,1
JNB,ELS,4
JNB,FBM,3
JNB,FCO,1
JNB,FIH,1
JNB,FRA,3
JNB,FRW,1
JNB,GBE,4
JNB,GRJ,4
JNB,GRU,3
JNB,HDS,2
JNB,HKG,2
JNB,HRE,5
JNB,INH,1
JNB,IST,1
JNB,JED,1
JNB,JFK,4
JNB,KGL,2
JNB,KIM,2
JNB,LAD,2
JNB,LBV,1
JNB,LHR,6
JNB,LLW,1
JNB,LOS,2
JNB,LUN,2
JNB,LVI,2
JNB,MGH,1
JNB,MPM,5
JNB,MQP,2
JNB,MRU,3
JNB,MSU,2
JNB,MTS,1
JNB,MUB,3
JNB,MUC,3
JNB,NBO,9
JNB,NLA,3
JNB,NOS,1
JNB,PER,2
JNB,PHW,1
JNB,PLZ,5
JNB,PNR,1
JNB,POL,2
JNB,PTG,2
JNB,PZB,2
JNB,RCB,1
JNB,RUN,1
JNB,SEZ,2
JNB,SHO,1
JNB,SIN,4
JNB,SIS,2
JNB,SYD,2
JNB,SZK,2
JNB,SZX,1
JNB,TET,3
JNB,TLV,1
JNB,TNR,2
JNB,UTN,2
JNB,UTT,2
JNB,VFA,3
JNB,VNX,3
JNB,WDH,6
JNB,WVB,2
JNB,ZNZ,1
JNB,ZRH,2
JNG,CAN,1
JNG,CGQ,1
JNG,CTU,1
JNG,DLC,2
JNG,DSN,1
JNG,FOC,1
JNG,HRB,2
JNG,KMG,1
JNG,PEK,1
JNG,PVG,1
JNG,SHA,2
JNG,SHE,2
JNG,SZX,1
JNG,XIY,1
JNG,XMN,1
JNN,JJU,1
JNN,LLU,1
JNN,QUW,1
JNN,XEQ,1
JNS,JJU,1
JNS,QFX,1
JNS,UAK,1
JNU,AGN,1
JNU,ANC,1
JNU,EXI,1
JNU,GST,2
JNU,HNH,2
JNU,HNS,2
JNU,KAE,1
JNU,KTN,3
JNU,PEC,1
JNU,PSG,1
JNU,SEA,2
JNU,SGY,2
JNU,SIT,1
JNU,YAK,1
JNX,ATH,2
JNZ,HGH,1
JNZ,PVG,2
JNZ,TAO,2
JNZ,WUH,1
JNZ,YNT,1
JOE,HEL,1
JOG,AAP,1
JOG,BDJ,1
JOG,BDO,2
JOG,BPN,4
JOG,BTH,1
JOG,CGK,6
JOG,DPS,3
JOG,HLP,1
JOG,KNO,1
JOG,KUL,1
JOG,LOP,1
JOG,PDG,2
JOG,PGK,1
JOG,PKU,3
JOG,PLM,3
JOG,PNK,1
JOG,SIN,5
JOG,SUB,3
JOG,TKG,1
JOG,UPG,4
JOI,CGH,3
JOI,GRU,2
JOI,POA,1
JOI,VCP,1
JOL,ZAM,1
JOS,KAD,1
JOS,LOS,1
JPA,BSB,4
JPA,FOR,1
JPA,GIG,3
JPA,GRU,3
JPA,MCZ,1
JPA,SSA,2
JPA,VCP,1
JPR,CGB,2
JQA,JAV,1
JQA,UMD,1
JQE,PAC,1
JRO,ADD,2
JRO,DAR,6
JRO,EBB,2
JRO,IST,1
JRO,KGL,1
JRO,MBA,1
JRO,MWZ,2
JRO,NBO,2
JRO,SEU,1
JRO,WIL,2
JRO,ZNZ,3
JSH,ATH,2
JSH,AXD,1
JSH,KSJ,2
JSH,PVK,1
JSI,ATH,2
JSI,DUS,1
JSI,FRA,1
JSI,MUC,1
JSI,STR,1
JSI,VIE,1
JSJ,DLC,1
JSJ,HRB,2
JSR,DAC,3
JST,AOO,1
JST,BWI,1
JST,IAD,1
JST,PIT,1
JSU,GOH,1
JSU,SFJ,1
JSY,ATH,2
JTC,CGH,1
JTC,MII,1
JTC,VCP,1
JTR,AMS,1
JTR,ATH,3
JTR,BRU,1
JTR,CGN,2
JTR,DUS,1
JTR,FRA,2
JTR,LGW,2
JTR,LHR,1
JTR,MAN,1
JTR,MUC,2
JTR,STR,1
JTR,VCE,1
JTR,VIE,4
JTR,VOL,1
JTR,ZRH,1
JTY,ATH,2
JTY,LRS,2
JUB,ADD,2
JUB,CAI,2
JUB,DXB,1
JUB,EBB,3
JUB,KGL,1
JUB,KRT,2
JUB,NBO,2
JUH,CAN,1
JUH,CTU,1
JUH,JHG,1
JUH,NAY,2
JUH,PKX,1
JUH,SHA,1
JUH,SZX,1
JUH,XMN,2
JUJ,AEP,1
JUJ,COR,1
JUK,UMD,1
JUL,AQP,4
JUL,CUZ,2
JUL,LIM,1
JUU,IOT,1
JUU,UMD,1
JUV,AOQ,1
JUV,IUI,1
JUV,JAV,1
JUV,KGQ,1
JUV,KHQ,1
JUV,NAQ,1
JUV,NSQ,1
JUV,TQA,1
JUV,UPK,1
JUZ,DLC,1
JUZ,HAK,1
JUZ,KMG,1
JUZ,NAY,2
JUZ,PKX,1
JUZ,SZX,2
JUZ,TAO,1
JUZ,TNA,1
JUZ,XMN,2
JXA,HRB,2
JXA,PEK,2
JXA,SHE,1
JXA,TAO,2
JXA,YNT,1
JYV,HEL,2
JYV,KAJ,1
JYV,KEM,1
JYV,KOK,1
JZH,CAN,2
JZH,CKG,3
JZH,CTU,7
JZH,PEK,1
JZH,PVG,3
JZH,XIY,1
KAA,NLA,1
KAD,LOS,1
KAE,JNU,1
KAJ,HEL,2
KAJ,JYV,1
KAL,GAL,1
KAL,HSL,1
KAL,NUL,1
KAN,ABV,1
KAN,ADD,1
KAN,BEY,1
KAN,CAI,1
KAN,DSS,1
KAN,JED,1
KAN,KRT,1
KAN,LOS,1
KAN,NDJ,1
KAN,NIM,1
KAO,HEL,1
KAO,KTT,1
KAO,ORY,1
KAT,AKL,1
KAW,MGZ,1
KAW,TVY,1
KAZ,MDC,1
KBC,FYU,1
KBL,BIN,1
KBL,BST,2
KBL,CCN,2
KBL,DEL,5
KBL,DWC,1
KBL,DXB,5
KBL,DYU,1
KBL,ESB,2
KBL,FAH,1
KBL,FBD,1
KBL,GYD,1
KBL,HEA,4
KBL,IKA,1
KBL,ISB,3
KBL,IST,2
KBL,JED,1
KBL,KDH,3
KBL,KWI,1
KBL,MHD,1
KBL,MMZ,1
KBL,MZR,4
KBL,PEW,1
KBL,TAS,1
KBL,TII,2
KBL,URC,1
KBL,ZAJ,1
KBP,ALA,2
KBP,AMM,2
KBP,AMS,2
KBP,ARN,1
KBP,ATH,2
KBP,AYT,1
KBP,BCN,2
KBP,BGY,1
KBP,BKK,1
KBP,BRU,2
KBP,BUD,2
KBP,CAI,1
KBP,CDG,2
KBP,CMB,1
KBP,CPH,1
KBP,CWC,1
KBP,DEL,1
KBP,DME,2
KBP,DNK,3
KBP,DOH,1
KBP,DOK,2
KBP,DUS,1
KBP,DXB,2
KBP,ESB,1
KBP,EVN,1
KBP,FCO,2
KBP,FRA,2
KBP,GVA,1
KBP,GYD,3
KBP,HEL,1
KBP,HER,1
KBP,HRK,1
KBP,IFO,2
KBP,IKA,1
KBP,IST,4
KBP,JFK,1
KBP,KGD,2
KBP,KHE,1
KBP,KIV,2
KBP,KRK,1
KBP,LCA,1
KBP,LED,4
KBP,LGW,1
KBP,LHR,1
KBP,LIS,2
KBP,LWO,1
KBP,MAD,2
KBP,MSQ,2
KBP,MUC,2
KBP,MXP,1
KBP,NAP,1
KBP,NCE,1
KBP,ODS,2
KBP,OSL,2
KBP,OTP,1
KBP,OVB,2
KBP,OZH,1
KBP,PEK,1
KBP,PRG,3
KBP,RHO,1
KBP,RIX,2
KBP,ROV,2
KBP,SAW,2
KBP,SHJ,1
KBP,SIP,1
KBP,SOF,1
KBP,SVO,2
KBP,SVX,2
KBP,TAS,1
KBP,TBS,2
KBP,TFS,1
KBP,TLL,1
KBP,TLV,2
KBP,TSE,2
KBP,TXL,1
KBP,UKS,1
KBP,VCE,1
KBP,VIE,2
KBP,VNO,1
KBP,WAW,2
KBP,YYZ,1
KBP,ZRH,2
KBR,BKI,1
KBR,JHB,3
KBR,KCH,1
KBR,KUL,2
KBR,PEN,3
KBR,SIN,2
KBR,SZB,3
KBU,BDJ,1
KBU,UPG,1
KBV,BKK,9
KBV,CKG,1
KBV,CNX,1
KBV,DMK,2
KBV,DOH,1
KBV,HEL,1
KBV,HFE,1
KBV,HKG,1
KBV,KUL,2
KBV,SIN,2
KBV,USM,1
KCA,CTU,1
KCA,KRL,1
KCA,NLT,1
KCA,URC,2
KCA,XIY,1
KCC,EDA,1
KCC,WWP,1
KCG,KCL,1
KCH,BKI,2
KCH,BTU,2
KCH,HKG,1
KCH,JHB,1
KCH,KBR,1
KCH,KUL,4
KCH,LBU,1
KCH,LGK,1
KCH,LMN,1
KCH,MKM,1
KCH,MNL,1
KCH,MYY,3
KCH,MZV,2
KCH,PEN,1
KCH,PNK,2
KCH,SBW,2
KCH,SIN,5
KCH,TGC,1
KCH,TWU,1
KCK,IKT,1
KCL,KCQ,1
KCM,ESB,1
KCM,IST,1
KCM,SAW,1
KCO,ESB,1
KCQ,KPV,1
KCT,CMB,1
KCT,DIW,1
KCZ,FUK,1
KCZ,HND,2
KCZ,ITM,1
KCZ,NKM,1
KCZ,SIN,1
KDH,DEL,1
KDH,DXB,1
KDH,JED,1
KDH,KBL,2
KDH,MHD,1
KDI,CGK,2
KDI,UPG,4
KDM,GAN,1
KDM,MLE,1
KDO,GKK,1
KDO,KDM,1
KDO,MLE,1
KDU,ISB,1
KDV,SUV,1
KEF,AEY,1
KEF,ALC,2
KEF,AMS,2
KEF,ARN,1
KEF,BGO,2
KEF,BLL,1
KEF,BOS,1
KEF,BRS,1
KEF,BRU,1
KEF,BSL,1
KEF,CDG,3
KEF,CPH,4
KEF,DEN,1
KEF,DUB,1
KEF,EDI,1
KEF,EMA,1
KEF,EWR,1
KEF,FRA,2
KEF,GLA,1
KEF,GOH,2
KEF,HAM,1
KEF,HEL,2
KEF,IAD,1
KEF,JFK,2
KEF,KUS,1
KEF,LGW,3
KEF,LHR,2
KEF,LTN,1
KEF,MAN,2
KEF,MCO,1
KEF,MUC,2
KEF,ORD,1
KEF,OSL,3
KEF,PRG,1
KEF,SEA,1
KEF,SFB,1
KEF,SFO,1
KEF,SXF,2
KEF,TPA,1
KEF,TXL,1
KEF,VIE,1
KEF,YEG,1
KEF,YVR,1
KEF,YYZ,1
KEF,ZRH,1
KEJ,DME,2
KEJ,SVO,1
KEJ,VKO,1
KEM,HEL,2
KEM,KOK,1
KEP,KTM,1
KER,ACZ,1
KER,IFN,2
KER,KIH,1
KER,NJF,1
KER,SYZ,1
KER,THR,1
KER,ZAH,1
KET,RGN,1
KEW,YPM,1
KEW,YRL,1
KFE,PER,1
KFP,CDB,1
KFS,IST,1
KGA,FBM,1
KGA,FIH,1
KGA,TSH,1
KGC,ADL,2
KGD,CEE,1
KGD,DME,3
KGD,EGO,1
KGD,KBP,2
KGD,LED,3
KGD,MSQ,1
KGD,RIX,1
KGD,SVO,1
KGD,TAS,2
KGD,TXL,2
KGD,VKO,1
KGD,WAW,1
KGE,GZO,1
KGE,MUA,1
KGF,ALA,2
KGF,DME,1
KGF,KZO,1
KGF,LED,1
KGF,OVB,1
KGF,SVO,1
KGF,UKK,1
KGI,ADL,1
KGI,MEL,1
KGI,PER,4
KGL,ABV,1
KGL,ADD,2
KGL,BJM,7
KGL,BOM,1
KGL,BRU,1
KGL,BZV,1
KGL,DAR,1
KGL,DLA,1
KGL,DOH,1
KGL,DXB,1
KGL,EBB,12
KGL,FIH,1
KGL,HRE,1
KGL,IST,1
KGL,JNB,2
KGL,JRO,1
KGL,JUB,1
KGL,KME,1
KGL,LBV,1
KGL,LOS,1
KGL,LUN,1
KGL,MBA,1
KGL,NBO,7
KGP,PEE,1
KGP,SVX,1
KGQ,JUV,1
KGQ,UPK,1
KGS,AMS,1
KGS,ATH,2
KGS,BER,1
KGS,BGY,1
KGS,BRU,1
KGS,BSL,1
KGS,CGN,4
KGS,DME,1
KGS,DUS,4
KGS,FRA,2
KGS,GLA,1
KGS,GVA,1
KGS,HAJ,3
KGS,HAM,2
KGS,JKL,3
KGS,KRK,1
KGS,KUN,1
KGS,LBA,2
KGS,LEJ,2
KGS,LGW,2
KGS,LPL,1
KGS,LUX,1
KGS,MAN,1
KGS,MUC,4
KGS,PRG,1
KGS,RHO,3
KGS,RYG,1
KGS,SKG,1
KGS,STN,1
KGS,STR,2
KGS,SXF,1
KGS,TXL,1
KGS,VIE,1
KGS,ZRH,2
KGT,CTU,1
KGX,ANV,1
KGX,SHX,2
KHD,THR,1
KHE,IST,1
KHG,AKU,1
KHG,BPL,1
KHG,CTU,2
KHG,HTN,1
KHG,NGQ,1
KHG,PEK,1
KHG,PVG,1
KHG,QSZ,1
KHG,TLQ,1
KHG,TWC,1
KHG,URC,9
KHG,XIY,1
KHG,YIN,1
KHH,BKK,2
KHH,CAN,1
KHH,CGO,2
KHH,CKG,1
KHH,CMJ,1
KHH,CSX,2
KHH,CTS,1
KHH,CTU,1
KHH,FOC,4
KHH,FUK,2
KHH,HAN,2
KHH,HFE,1
KHH,HGH,3
KHH,HKG,4
KHH,HUN,1
KHH,ICN,4
KHH,JJN,1
KHH,KHN,2
KHH,KIX,5
KHH,KMG,2
KHH,KMJ,1
KHH,KNH,3
KHH,MFM,4
KHH,MNL,1
KHH,MZG,4
KHH,NGB,1
KHH,NGO,1
KHH,NKG,1
KHH,NNG,2
KHH,NRT,7
KHH,OKA,3
KHH,PEK,1
KHH,PUS,1
KHH,PVG,4
KHH,SGN,3
KHH,SIN,3
KHH,SZX,1
KHH,TAO,1
KHH,TNA,1
KHH,TSN,1
KHH,WOT,1
KHH,WUH,2
KHH,WUX,2
KHH,XMN,3
KHH,XUZ,1
KHI,AUH,3
KHI,BAH,1
KHI,BHV,2
KHI,BKK,2
KHI,BOM,1
KHI,CMB,2
KHI,CTU,1
KHI,DAC,1
KHI,DBA,1
KHI,DEA,1
KHI,DEL,1
KHI,DMM,2
KHI,DOH,1
KHI,DXB,4
KHI,GWD,1
KHI,IKA,1
KHI,ISB,6
KHI,IST,1
KHI,JED,5
KHI,KTM,1
KHI,KUL,1
KHI,LHE,5
KHI,LHR,1
KHI,LYP,4
KHI,MCT,3
KHI,MED,3
KHI,MJD,1
KHI,MUX,3
KHI,PEK,1
KHI,PEW,4
KHI,PJG,1
KHI,RUH,2
KHI,RYK,1
KHI,SHJ,2
KHI,SKT,1
KHI,SKZ,1
KHI,TUK,1
KHI,UET,4
KHI,YYZ,1
KHN,BAR,1
KHN,BAV,2
KHN,BHY,3
KHN,CAN,5
KHN,CGO,2
KHN,CGQ,3
KHN,CIH,1
KHN,CKG,6
KHN,CTU,5
KHN,DLC,2
KHN,DMK,1
KHN,DSN,1
KHN,FSZ,1
KHN,HAK,6
KHN,HET,3
KHN,HIA,1
KHN,HKG,1
KHN,HLD,1
KHN,HRB,5
KHN,HSN,1
KHN,HUZ,1
KHN,ICN,1
KHN,INC,1
KHN,KHH,2
KHN,KIX,2
KHN,KMG,7
KHN,KOW,3
KHN,KWE,4
KHN,KWL,2
KHN,LHW,3
KHN,LJG,1
KHN,LYA,1
KHN,LYI,1
KHN,NAO,1
KHN,NAY,2
KHN,NBS,1
KHN,NGB,2
KHN,NKG,4
KHN,NNG,6
KHN,PEK,5
KHN,PKX,1
KHN,PVG,4
KHN,RIZ,1
KHN,SHA,2
KHN,SHE,2
KHN,SIN,1
KHN,SJW,1
KHN,SWA,2
KHN,SYX,1
KHN,SZX,6
KHN,TAO,5
KHN,TNA,5
KHN,TPE,3
KHN,TSN,2
KHN,TYN,4
KHN,WEF,1
KHN,WNZ,2
KHN,WUH,1
KHN,XIC,1
KHN,XIY,5
KHN,XMN,4
KHN,XUZ,1
KHN,YCU,1
KHN,YNT,2
KHN,YNZ,1
KHN,ZHA,2
KHN,ZUH,6
KHN,ZYI,1
KHQ,JUV,1
KHQ,NSQ,1
KHS,MCT,1
KHV,BKK,1
KHV,BQG,1
KHV,BQS,1
KHV,DME,1
KHV,DYR,1
KHV,GDX,4
KHV,HKG,2
KHV,HRB,2
KHV,HTA,2
KHV,ICN,3
KHV,IKT,2
KHV,JMU,1
KHV,KJA,3
KHV,MJZ,1
KHV,NER,1
KHV,NGK,2
KHV,NLI,1
KHV,NRT,2
KHV,OHH,2
KHV,OVB,4
KHV,PEK,4
KHV,PKC,3
KHV,SVO,2
KHV,UUD,2
KHV,UUS,3
KHV,VVO,4
KHV,YKS,1
KHY,THR,1
KHZ,KXU,1
KID,ARN,1
KIF,WNN,1
KIF,YXL,1
KIH,AUH,1
KIH,AWZ,3
KIH,BND,3
KIH,BUZ,1
KIH,DXB,1
KIH,GSM,1
KIH,IFN,2
KIH,KER,1
KIH,KSH,1
KIH,MCT,1
KIH,MHD,1
KIH,RAS,1
KIH,SRY,1
KIH,SYZ,5
KIH,TBZ,1
KIH,THR,2
KIJ,CTS,3
KIJ,FUK,2
KIJ,HKG,1
KIJ,HRB,1
KIJ,ICN,2
KIJ,ITM,2
KIJ,KIX,1
KIJ,NGO,1
KIJ,NKM,1
KIJ,NRT,1
KIJ,OKA,1
KIJ,PVG,2
KIM,CPT,2
KIM,JNB,2
KIN,ANU,1
KIN,ATL,1
KIN,BGI,1
KIN,CUR,1
KIN,FLL,3
KIN,GCM,1
KIN,GEO,1
KIN,JFK,4
KIN,LGW,2
KIN,MBJ,3
KIN,MCO,1
KIN,MIA,2
KIN,NAS,1
KIN,PLS,1
KIN,POS,1
KIN,PTY,2
KIN,SDQ,1
KIN,SXM,1
KIN,YYZ,4
KIR,ALC,1
KIR,DUB,1
KIR,FAO,1
KIR,HHN,1
KIR,LTN,1
KIR,STN,1
KIR,SXF,1
KIS,EDL,1
KIS,NBO,3
KIT,ATH,2
KIT,KLX,1
KIT,ZTH,1
KIV,AER,1
KIV,ATH,1
KIV,BCN,1
KIV,BGY,1
KIV,BLQ,3
KIV,BVA,1
KIV,CDG,1
KIV,CIA,1
KIV,DME,2
KIV,DSA,1
KIV,DUB,1
KIV,DWC,1
KIV,FCO,3
KIV,FRA,2
KIV,GVA,1
KIV,IST,2
KIV,KBP,1
KIV,KRR,1
KIV,LCA,1
KIV,LED,1
KIV,LIS,1
KIV,MUC,1
KIV,MXP,2
KIV,OTP,3
KIV,PMF,1
KIV,RIX,1
KIV,SEN,1
KIV,SGC,1
KIV,STN,1
KIV,SVO,1
KIV,SXF,1
KIV,TLV,1
KIV,TRN,1
KIV,TSF,1
KIV,VCE,2
KIV,VIE,2
KIV,VKO,1
KIV,VRN,3
KIV,WAW,1
KIX,AKL,1
KIX,AMS,1
KIX,ANC,1
KIX,ASJ,1
KIX,BKK,4
KIX,CAN,2
KIX,CDG,1
KIX,CGK,2
KIX,CGO,1
KIX,CJU,2
KIX,CNS,3
KIX,CSX,2
KIX,CTS,4
KIX,CTU,1
KIX,CZX,1
KIX,DAD,1
KIX,DLC,4
KIX,DOH,3
KIX,DPS,2
KIX,DXB,2
KIX,FCO,1
KIX,FOC,3
KIX,FRA,2
KIX,FUK,3
KIX,GMP,5
KIX,GUM,4
KIX,HAN,2
KIX,HEL,2
KIX,HGH,4
KIX,HKD,1
KIX,HKG,8
KIX,HND,3
KIX,HNL,5
KIX,HRB,2
KIX,ICN,10
KIX,ISG,3
KIX,IST,2
KIX,ITM,1
KIX,JFK,1
KIX,KCZ,1
KIX,KHH,5
KIX,KHN,2
KIX,KIJ,1
KIX,KMG,1
KIX,KMI,1
KIX,KMJ,1
KIX,KOJ,1
KIX,KUH,1
KIX,KUL,3
KIX,KWE,1
KIX,LAX,1
KIX,LHR,1
KIX,MFM,2
KIX,MMY,1
KIX,MNL,4
KIX,MUC,1
KIX,MYJ,1
KIX,NGB,1
KIX,NGS,1
KIX,NKG,3
KIX,NOU,1
KIX,NRT,5
KIX,NTG,1
KIX,OKA,4
KIX,OOL,3
KIX,OVB,1
KIX,PEK,4
KIX,PUS,6
KIX,PVG,10
KIX,RMQ,1
KIX,SDJ,1
KIX,SEA,1
KIX,SFO,2
KIX,SGN,2
KIX,SHE,2
KIX,SIN,3
KIX,SPN,1
KIX,SYD,1
KIX,SZX,2
KIX,TAO,5
KIX,TNA,3
KIX,TNN,1
KIX,TPE,9
KIX,TSN,1
KIX,VVO,1
KIX,WNZ,1
KIX,WUH,2
KIX,WUX,2
KIX,XMN,1
KIX,YNJ,1
KIX,YNT,2
KIX,ZRH,1
KJA,AER,1
KJA,BKK,1
KJA,BTK,1
KJA,DME,2
KJA,DXB,1
KJA,DYU,3
KJA,EVN,1
KJA,FEG,1
KJA,FRU,2
KJA,GYD,2
KJA,HRB,1
KJA,IAA,1
KJA,IKT,3
KJA,KHV,3
KJA,KRR,1
KJA,KYZ,1
KJA,LBD,3
KJA,LED,3
KJA,MJZ,2
KJA,NMA,1
KJA,NSK,1
KJA,NZH,2
KJA,OMS,1
KJA,OSS,1
KJA,OVB,4
KJA,PEK,3
KJA,SKD,1
KJA,SVO,1
KJA,SVX,3
KJA,TAS,2
KJA,TGP,1
KJA,THX,1
KJA,TJM,1
KJA,TLK,1
KJA,TOF,1
KJA,UUD,1
KJA,VKO,2
KJA,VVO,2
KJA,YKS,1
KJT,BDJ,1
KJT,BPN,1
KJT,BTH,1
KJT,KNO,1
KJT,LOP,1
KJT,PKU,1
KJT,PNK,1
KKA,ELI,1
KKA,OME,1
KKA,SKK,2
KKA,UNK,1
KKB,SYB,1
KKC,BKK,2
KKC,DMK,2
KKC,HDY,1
KKE,AKL,1
KKH,BET,1
KKH,KWK,2
KKI,AKI,2
KKI,KWT,1
KKJ,DLC,1
KKJ,HND,3
KKJ,OKA,2
KKJ,PUS,1
KKJ,TPE,1
KKN,ALF,1
KKN,LKL,1
KKN,OSL,2
KKN,TOS,1
KKN,VAW,1
KKN,VDS,1
KKR,PPT,1
KLF,LED,1
KLG,ANI,1
KLG,BET,1
KLG,RSH,2
KLH,BLR,1
KLH,HYD,1
KLL,IGG,1
KLN,KYK,1
KLO,CEB,1
KLO,CRK,1
KLO,CTU,2
KLO,FOC,1
KLO,ICN,6
KLO,KMG,1
KLO,KUL,1
KLO,MNL,6
KLO,MWX,1
KLO,PEK,2
KLO,PUS,4
KLO,PVG,2
KLO,SIN,2
KLO,TPE,3
KLR,ARN,2
KLR,BMA,2
KLR,LPA,1
KLR,RNB,1
KLU,CGN,3
KLU,HAM,2
KLU,RTM,1
KLU,TXL,2
KLU,VIE,1
KLV,LED,2
KLV,SVO,2
KLV,SVX,1
KLV,VKO,1
KLW,CGA,1
KLW,KTN,2
KLX,AMS,1
KLX,ARN,2
KLX,CPH,1
KLX,DUS,2
KLX,FRA,1
KLX,GVA,1
KLX,HAM,1
KLX,LGW,1
KLX,MUC,3
KLX,SKG,2
KLX,VIE,3
KLX,ZRH,1
KME,KGL,1
KMG,ACX,1
KMG,AQG,1
KMG,BFJ,1
KMG,BHY,3
KMG,BKI,1
KMG,BKK,5
KMG,BSD,4
KMG,BWN,1
KMG,CAN,8
KMG,CCU,1
KMG,CDG,1
KMG,CEB,1
KMG,CEI,1
KMG,CGD,1
KMG,CGO,8
KMG,CIH,2
KMG,CKG,9
KMG,CMB,1
KMG,CNX,1
KMG,CSX,9
KMG,CTU,11
KMG,CWJ,1
KMG,CXR,2
KMG,CZX,3
KMG,DAC,1
KMG,DAD,1
KMG,DAX,2
KMG,DEL,1
KMG,DIG,4
KMG,DLC,1
KMG,DLU,3
KMG,DMK,1
KMG,DPS,1
KMG,DSN,1
KMG,DXB,1
KMG,DYG,1
KMG,ENH,1
KMG,FOC,3
KMG,FUG,1
KMG,FUO,1
KMG,HAK,4
KMG,HAN,1
KMG,HDG,1
KMG,HET,2
KMG,HFE,6
KMG,HGH,8
KMG,HIA,1
KMG,HJJ,1
KMG,HKG,4
KMG,HKT,3
KMG,HNY,1
KMG,HRB,1
KMG,HUZ,1
KMG,HYN,1
KMG,HZG,1
KMG,HZH,1
KMG,ICN,2
KMG,INC,3
KMG,JDZ,1
KMG,JGS,1
KMG,JHG,12
KMG,JIQ,2
KMG,JJN,4
KMG,JMJ,2
KMG,JNG,1
KMG,JNZ,1
KMG,JUZ,1
KMG,KHH,2
KMG,KHN,8
KMG,KIX,1
KMG,KOS,1
KMG,KOW,2
KMG,KTM,1
KMG,KUL,3
KMG,KWE,8
KMG,KWL,3
KMG,LCX,1
KMG,LED,1
KMG,LFQ,1
KMG,LHW,4
KMG,LJG,8
KMG,LLF,1
KMG,LLV,1
KMG,LNJ,3
KMG,LNL,1
KMG,LPF,1
KMG,LPQ,1
KMG,LUM,5
KMG,LXA,1
KMG,LYA,1
KMG,LYG,1
KMG,LYI,1
KMG,LZH,2
KMG,LZO,1
KMG,MDL,3
KMG,MFM,1
KMG,MIG,4
KMG,NAO,1
KMG,NGB,2
KMG,NKG,10
KMG,NLH,1
KMG,NMT,1
KMG,NNG,7
KMG,NTG,1
KMG,NYT,1
KMG,PEK,7
KMG,PEN,1
KMG,PKX,1
KMG,PNH,1
KMG,PQC,1
KMG,PVG,10
KMG,REP,1
KMG,RGN,3
KMG,RMQ,1
KMG,SGN,1
KMG,SHA,5
KMG,SHE,1
KMG,SIN,4
KMG,SJW,5
KMG,SQD,1
KMG,SVO,1
KMG,SWA,5
KMG,SYD,1
KMG,SYM,4
KMG,SYX,3
KMG,SZX,7
KMG,TAO,5
KMG,TCZ,4
KMG,TEN,1
KMG,TNA,7
KMG,TPE,2
KMG,TSN,4
KMG,TYN,7
KMG,URC,1
KMG,USM,1
KMG,UTP,1
KMG,UYN,3
KMG,VTE,3
KMG,WDS,1
KMG,WMT,2
KMG,WNH,2
KMG,WNZ,6
KMG,WUH,8
KMG,WUT,1
KMG,WUX,4
KMG,WXN,1
KMG,XAI,1
KMG,XFN,2
KMG,XIC,1
KMG,XIY,9
KMG,XMN,9
KMG,XNN,4
KMG,XUZ,3
KMG,YBP,1
KMG,YCU,4
KMG,YIC,1
KMG,YIH,3
KMG,YIW,2
KMG,YNT,1
KMG,YTY,2
KMG,YYA,1
KMG,ZAT,3
KMG,ZHA,2
KMG,ZUH,3
KMG,ZYI,1
KMI,FUK,3
KMI,HND,2
KMI,ICN,2
KMI,ITM,2
KMI,KIX,1
KMI,NGO,1
KMI,OKA,1
KMI,TPE,1
KMJ,HND,2
KMJ,ICN,2
KMJ,ITM,3
KMJ,KHH,1
KMJ,NGO,1
KMJ,NKM,1
KMJ,OKA,1
KMQ,ANC,1
KMQ,CTS,2
KMQ,FUK,2
KMQ,HND,2
KMQ,ICN,2
KMQ,NRT,2
KMQ,OKA,1
KMQ,PVG,2
KMQ,SDJ,2
KMQ,TPE,3
KMS,ACC,4
KMY,ALZ,1
KND,BKY,1
KND,FIH,1
KNG,AMQ,1
KNG,FKQ,1
KNG,NBX,1
KNH,CYI,1
KNH,KHH,2
KNH,MZG,1
KNH,RMQ,2
KNH,TNN,1
KNH,TSA,3
KNO,AEG,2
KNO,BTH,2
KNO,BTJ,2
KNO,CGK,3
KNO,DJB,1
KNO,DMK,1
KNO,DPS,1
KNO,DTB,1
KNO,DUM,1
KNO,FLZ,2
KNO,GNS,3
KNO,HLP,1
KNO,JED,1
KNO,JOG,2
KNO,KJT,1
KNO,KUL,3
KNO,LHR,1
KNO,LSW,2
KNO,MEQ,1
KNO,PDG,2
KNO,PEN,3
KNO,PKU,3
KNO,PLM,2
KNO,SBG,1
KNO,SIN,1
KNO,SUB,1
KNO,TXE,1
KNO,UPG,1
KNQ,GEA,1
KNS,BWT,1
KNS,MEL,1
KNU,DEL,1
KNX,BME,2
KNX,DRW,2
KNX,PER,4
KOA,ANC,1
KOA,DEN,1
KOA,DFW,1
KOA,HND,1
KOA,HNL,2
KOA,JHM,1
KOA,LAX,6
KOA,LIH,1
KOA,NRT,1
KOA,OAK,2
KOA,OGG,2
KOA,PDX,1
KOA,PHX,2
KOA,SAN,1
KOA,SEA,2
KOA,SFO,2
KOA,SJC,2
KOA,SMF,1
KOA,YVR,2
KOC,BMY,1
KOC,GEA,1
KOE,ABU,2
KOE,ARD,2
KOE,BJW,2
KOE,CGK,1
KOE,DPS,2
KOE,ENE,5
KOE,LBJ,1
KOE,LKA,3
KOE,LOP,2
KOE,LWE,1
KOE,MOF,4
KOE,RTG,1
KOE,RTI,1
KOE,SUB,4
KOE,TMC,3
KOE,UPG,1
KOE,WGP,3
KOI,ABZ,2
KOI,EDI,2
KOI,EOI,1
KOI,GLA,2
KOI,INV,1
KOI,LSI,1
KOI,NDY,1
KOI,NRL,1
KOI,PPW,1
KOI,SOY,1
KOI,WRY,1
KOJ,ASJ,1
KOJ,FSZ,1
KOJ,HKG,1
KOJ,HND,3
KOJ,ICN,2
KOJ,ITM,2
KOJ,KIX,1
KOJ,NGO,2
KOJ,NRT,1
KOJ,OKA,1
KOJ,PVG,2
KOJ,TKN,1
KOJ,TNE,1
KOJ,TPE,1
KOJ,UKB,1
KOK,HEL,2
KOK,KEM,1
KOK,POR,1
KOO,FMI,1
KOP,DMK,2
KOS,BKK,1
KOS,CAN,2
KOS,CGO,1
KOS,CKG,1
KOS,CSX,1
KOS,FOC,1
KOS,HGH,1
KOS,JJN,1
KOS,KHN,2
KOS,KMG,1
KOS,KWE,1
KOS,MFM,2
KOS,NNG,1
KOS,PEK,1
KOS,PNH,1
KOS,PVG,1
KOS,REP,1
KOS,SGN,1
KOS,SWA,1
KOS,SZX,1
KOS,WUH,1
KOS,XIY,1
KOS,XMN,2
KOT,AUK,1
KOT,BET,1
KOT,EMK,1
KOT,KSM,1
KOT,WBB,1
KOV,ALA,1
KOV,DME,1
KOW,CAN,1
KOW,CTU,1
KOW,CZX,1
KOW,HAK,1
KOW,HGH,1
KOW,KHN,4
KOW,KMG,1
KOW,PEK,3
KOW,PVG,1
KOW,SHA,1
KOW,SYX,1
KOW,SZX,1
KOW,XMN,1
KOW,ZHA,1
KOW,ZUH,1
KOY,KMY,1
KOZ,ADQ,1
KOZ,ORI,1
KPB,PPV,1
KPN,BET,1
KPN,CYF,2
KPO,CJU,2
KPO,GMP,2
KPV,AKN,1
KPY,UGI,1
KQA,DUT,1
KQT,CIT,1
KQT,DMB,1
KQT,OVB,1
KQT,REN,1
KRB,ONG,1
KRF,ARN,2
KRF,GEV,2
KRK,AGP,1
KRK,ALC,1
KRK,AMM,1
KRK,AMS,2
KRK,ARN,2
KRK,BFS,2
KRK,BGO,1
KRK,BGY,1
KRK,BHX,2
KRK,BLL,1
KRK,BLQ,1
KRK,BOD,1
KRK,BOH,1
KRK,BRI,2
KRK,BRS,2
KRK,BRU,1
KRK,BSL,1
KRK,BUD,1
KRK,BVA,1
KRK,CAG,1
KRK,CDG,1
KRK,CIA,1
KRK,CPH,3
KRK,CRL,1
KRK,CTA,2
KRK,DSA,1
KRK,DTM,1
KRK,DUB,1
KRK,DUS,1
KRK,EDI,2
KRK,EIN,3
KRK,EMA,1
KRK,FCO,1
KRK,FRA,3
KRK,GDN,3
KRK,GLA,1
KRK,GOT,1
KRK,GRO,1
KRK,HAM,1
KRK,HEL,1
KRK,HRK,2
KRK,KBP,1
KRK,KEF,1
KRK,KGS,1
KRK,KHE,1
KRK,KUT,1
KRK,LBA,1
KRK,LCA,1
KRK,LGW,2
KRK,LHR,1
KRK,LPL,2
KRK,LTN,1
KRK,LWO,1
KRK,MAD,1
KRK,MAN,1
KRK,MLA,1
KRK,MMX,1
KRK,MRS,1
KRK,MUC,2
KRK,NCE,1
KRK,NCL,1
KRK,NYO,1
KRK,ODS,1
KRK,ORD,1
KRK,OSL,1
KRK,PFO,1
KRK,PMO,1
KRK,PRG,1
KRK,PSA,1
KRK,RYG,1
KRK,SEN,1
KRK,SKG,1
KRK,SNN,1
KRK,STN,1
KRK,STR,2
KRK,SVG,1
KRK,SVO,1
KRK,SZY,1
KRK,SZZ,1
KRK,TGD,1
KRK,TKU,1
KRK,TLV,3
KRK,TPS,1
KRK,TRD,1
KRK,TXL,2
KRK,VIE,2
KRK,WAW,1
KRK,ZRH,2
KRL,AAT,1
KRL,AKU,1
KRL,BPL,1
KRL,CGO,3
KRL,CKG,1
KRL,CTU,3
KRL,HMI,3
KRL,HTN,1
KRL,IQM,1
KRL,KHG,2
KRL,KJI,1
KRL,KRY,1
KRL,LHW,1
KRL,NLT,1
KRL,PEK,1
KRL,QSZ,1
KRL,RQA,2
KRL,SHF,1
KRL,SJW,1
KRL,TCG,1
KRL,TLQ,1
KRL,TWC,1
KRL,URC,4
KRL,XIY,3
KRL,XNN,1
KRL,YIN,2
KRN,ARN,2
KRN,BRU,1
KRN,GEV,1
KRN,UME,1
KRO,DME,1
KRO,SVX,1
KRP,CPH,1
KRR,AER,3
KRR,BUD,1
KRR,DME,4
KRR,DXB,2
KRR,DYU,3
KRR,EGO,1
KRR,EVN,3
KRR,FEG,1
KRR,FRU,1
KRR,IST,2
KRR,KJA,1
KRR,KLF,1
KRR,KZN,1
KRR,LBD,2
KRR,LCA,2
KRR,LED,4
KRR,MCX,1
KRR,MSQ,1
KRR,MUC,2
KRR,NBC,1
KRR,NMA,1
KRR,NUX,1
KRR,OMS,1
KRR,OVB,3
KRR,PFO,1
KRR,PRG,2
KRR,RMI,1
KRR,SAW,2
KRR,SCO,1
KRR,SGC,1
KRR,SKG,1
KRR,SVO,1
KRR,SVX,3
KRR,TAS,3
KRR,TBS,1
KRR,TJM,1
KRR,TLV,2
KRR,UFA,1
KRR,VIE,1
KRR,VKO,3
KRR,VOG,1
KRR,VOZ,1
KRS,ALC,1
KRS,AMS,2
KRS,BGO,1
KRS,CPH,2
KRS,GDN,1
KRS,LPA,1
KRS,OSL,2
KRS,STN,1
KRS,SVG,1
KRS,TRD,1
KRT,ADD,3
KRT,AMM,3
KRT,ASM,2
KRT,AUH,4
KRT,BAH,1
KRT,CAI,4
KRT,DMM,1
KRT,DOH,2
KRT,DWC,1
KRT,DXB,4
KRT,EBD,2
KRT,EGN,3
KRT,ELF,3
KRT,IST,2
KRT,JED,5
KRT,JUB,4
KRT,KAN,2
KRT,KSL,2
KRT,KWI,1
KRT,MED,2
KRT,NBO,3
KRT,NDJ,2
KRT,PZU,4
KRT,RSS,1
KRT,RUH,4
KRT,SAH,1
KRT,SHJ,2
KRT,UYL,3
KRW,CRZ,1
KRW,MYP,1
KRW,TAZ,1
KRY,AKU,1
KRY,CGO,2
KRY,CTU,1
KRY,HMI,1
KRY,KHG,1
KRY,PEK,1
KRY,TCG,1
KRY,TLQ,1
KRY,URC,2
KRY,XIY,2
KRY,YIN,1
KSA,KWA,1
KSA,PNI,1
KSC,AYT,1
KSC,BTS,2
KSC,BUD,1
KSC,DUS,1
KSC,HER,1
KSC,LCA,1
KSC,LTN,1
KSC,PRG,2
KSC,RHO,1
KSC,VIE,1
KSC,WAW,1
KSD,ALC,1
KSD,ARN,1
KSE,EBB,1
KSF,AYT,1
KSF,PMI,1
KSH,IST,1
KSH,MHD,2
KSH,THR,3
KSJ,AOK,2
KSJ,JSH,2
KSM,ANC,2
KSM,KOT,1
KSM,MOU,1
KSM,SXP,1
KSN,ALA,1
KSN,SVO,1
KSN,TSE,1
KSN,VKO,1
KSO,ATH,1
KSQ,DME,2
KSQ,LED,2
KSQ,TAS,1
KSU,ABZ,1
KSU,BGO,1
KSU,MOL,1
KSU,OSL,1
KSU,SVG,2
KSU,TRD,1
KSY,ADB,1
KSY,ESB,1
KSY,IST,1
KSY,SAW,1
KTA,BNE,1
KTA,CKW,1
KTA,MEL,1
KTA,PER,2
KTA,PHE,2
KTA,SYD,1
KTB,CGA,1
KTB,HYL,2
KTB,KTN,1
KTE,SZB,2
KTG,PKN,1
KTG,PNK,1
KTL,WIL,1
KTM,AUH,1
KTM,BDP,3
KTM,BHR,2
KTM,BIR,3
KTM,BKK,2
KTM,BLR,1
KTM,BOM,2
KTM,BWA,4
KTM,CAN,1
KTM,CCU,1
KTM,CTU,1
KTM,DAC,5
KTM,DEL,7
KTM,DHI,3
KTM,DMM,1
KTM,DOH,3
KTM,DWC,1
KTM,DXB,3
KTM,HKG,2
KTM,ICN,1
KTM,IST,1
KTM,JKR,2
KTM,KEP,4
KTM,KHI,1
KTM,KMG,1
KTM,KUL,4
KTM,LUA,1
KTM,LXA,1
KTM,MCT,1
KTM,PBH,1
KTM,PKR,3
KTM,PKX,1
KTM,RJB,1
KTM,SHJ,1
KTM,SIF,1
KTM,SIN,2
KTM,SKH,1
KTM,TMI,2
KTM,VNS,2
KTN,CGA,2
KTN,HYG,1
KTN,HYL,2
KTN,JNU,2
KTN,KCC,1
KTN,KLW,1
KTN,KPB,1
KTN,KTB,2
KTN,KWF,1
KTN,MTM,3
KTN,SEA,3
KTN,SIT,2
KTN,WRG,1
KTS,OME,1
KTS,TLA,1
KTS,WAA,2
KTT,AMS,1
KTT,BRU,1
KTT,CDG,1
KTT,HEL,2
KTT,LGW,1
KTT,ZRH,1
KTW,AGP,1
KTW,ALC,1
KTW,ATH,1
KTW,BCN,1
KTW,BGO,1
KTW,BGY,1
KTW,BHX,1
KTW,BRS,1
KTW,BVA,1
KTW,CGN,1
KTW,CHQ,1
KTW,CIA,1
KTW,CTA,1
KTW,DSA,1
KTW,DTM,1
KTW,DUB,1
KTW,DUS,1
KTW,DWC,1
KTW,EIN,1
KTW,FAO,1
KTW,FRA,2
KTW,FUE,1
KTW,HHN,1
KTW,HRG,1
KTW,HRK,1
KTW,IEV,1
KTW,KEF,1
KTW,KHE,1
KTW,KUT,1
KTW,LCA,1
KTW,LPL,1
KTW,LTN,1
KTW,MLA,1
KTW,MMX,1
KTW,MUC,1
KTW,NAP,1
KTW,NYO,1
KTW,ODS,2
KTW,PFO,1
KTW,RMF,1
KTW,SPU,1
KTW,SSH,1
KTW,STN,1
KTW,SVG,1
KTW,TFS,1
KTW,TLV,1
KTW,TRF,1
KTW,WAW,1
KUA,KUL,1
KUA,PEN,2
KUA,SIN,3
KUD,BKI,1
KUD,SDK,1
KUF,AER,1
KUF,ALA,1
KUF,DME,3
KUF,DWC,3
KUF,DXB,1
KUF,DYU,1
KUF,EGO,1
KUF,EVN,2
KUF,FRA,1
KUF,GOJ,2
KUF,IST,1
KUF,LBD,1
KUF,LED,3
KUF,MSQ,1
KUF,NJC,1
KUF,NSK,1
KUF,OSS,1
KUF,OVB,1
KUF,PRG,2
KUF,ROV,1
KUF,SVO,1
KUF,SVX,3
KUF,TAS,2
KUF,VKO,2
KUF,VOG,1
KUH,CTS,1
KUH,HND,3
KUH,KIX,1
KUH,TPE,1
KUK,NUP,2
KUL,ADL,2
KUL,AKL,1
KUL,ALA,1
KUL,AMD,1
KUL,AMS,3
KUL,AOR,2
KUL,ATQ,2
KUL,AUH,3
KUL,AVV,1
KUL,BBI,1
KUL,BDO,4
KUL,BKI,3
KUL,BKK,10
KUL,BLR,4
KUL,BNE,1
KUL,BOM,3
KUL,BPN,2
KUL,BTJ,1
KUL,BTU,2
KUL,BWN,3
KUL,CAN,4
KUL,CCU,2
KUL,CDG,3
KUL,CEB,1
KUL,CGK,11
KUL,CGO,1
KUL,CGP,1
KUL,CJU,1
KUL,CKG,2
KUL,CMB,6
KUL,CNX,1
KUL,COK,3
KUL,CSX,1
KUL,CTS,1
KUL,CTU,2
KUL,CXR,1
KUL,DAC,6
KUL,DAD,1
KUL,DEL,4
KUL,DLI,1
KUL,DMK,3
KUL,DOH,2
KUL,DPS,6
KUL,DRW,1
KUL,DTB,1
KUL,DWC,1
KUL,DXB,3
KUL,FNJ,1
KUL,FOC,3
KUL,FRA,4
KUL,FUK,1
KUL,HAK,1
KUL,HAN,4
KUL,HDY,1
KUL,HGH,1
KUL,HHQ,1
KUL,HKG,4
KUL,HKT,6
KUL,HND,2
KUL,HYD,3
KUL,ICN,3
KUL,IKA,2
KUL,IST,2
KUL,JAI,1
KUL,JED,4
KUL,JHB,3
KUL,JJN,1
KUL,JOG,1
KUL,KBR,2
KUL,KBV,2
KUL,KCH,4
KUL,KHH,1
KUL,KHI,1
KUL,KIX,3
KUL,KLO,1
KUL,KMG,2
KUL,KNO,2
KUL,KOS,1
KUL,KTM,4
KUL,KUA,2
KUL,KWI,1
KUL,KWL,1
KUL,LBU,3
KUL,LGK,4
KUL,LHE,2
KUL,LHR,3
KUL,LHW,1
KUL,LOP,1
KUL,MAA,5
KUL,MCT,2
KUL,MED,2
KUL,MEL,4
KUL,MFM,1
KUL,MLE,2
KUL,MNL,4
KUL,MRU,2
KUL,MYY,2
KUL,NGO,1
KUL,NKG,1
KUL,NNG,1
KUL,NRT,4
KUL,OOL,1
KUL,PDG,1
KUL,PEK,3
KUL,PEN,5
KUL,PER,3
KUL,PEW,1
KUL,PKU,2
KUL,PLM,1
KUL,PNH,4
KUL,PNK,1
KUL,PQC,1
KUL,PUS,1
KUL,PVG,5
KUL,REP,2
KUL,RGN,4
KUL,RUH,1
KUL,SBW,3
KUL,SDK,3
KUL,SGN,5
KUL,SIN,12
KUL,SOC,2
KUL,SRG,1
KUL,SUB,4
KUL,SWA,1
KUL,SYD,2
KUL,SZX,1
KUL,TAS,2
KUL,TGG,2
KUL,TPE,5
KUL,TRV,1
KUL,TRZ,2
KUL,TSN,1
KUL,TWU,2
KUL,UPG,2
KUL,URT,1
KUL,USM,2
KUL,UTP,1
KUL,VCA,1
KUL,VTE,1
KUL,VTZ,1
KUL,WUH,1
KUL,XIY,1
KUL,XMN,3
KUN,AES,1
KUN,ALC,1
KUN,BGO,1
KUN,BHX,1
KUN,BLQ,1
KUN,BRS,1
KUN,CAG,1
KUN,CIY,1
KUN,CPH,1
KUN,DUB,1
KUN,EDI,1
KUN,EIN,1
KUN,HHN,1
KUN,KGS,1
KUN,LGW,1
KUN,LTN,1
KUN,MLA,1
KUN,NOC,1
KUN,PFO,1
KUN,PMI,1
KUN,RHO,1
KUN,RYG,1
KUN,STN,1
KUN,SVG,1
KUN,TKU,1
KUN,TPS,1
KUN,WAW,1
KUO,HEL,1
KUS,AGM,1
KUS,CNP,1
KUS,GOH,1
KUS,RKV,1
KUS,SFJ,1
KUT,ATH,1
KUT,DOK,1
KUT,FCO,1
KUT,HRK,1
KUT,IEV,1
KUT,KTW,1
KUT,LCA,1
KUT,MSQ,1
KUT,SKG,1
KUT,SXF,1
KUT,TBS,1
KUT,VIE,1
KUT,VNO,1
KUT,WAW,1
KUT,WRO,1
KUU,DEL,2
KUU,IXC,1
KUV,CJU,2
KUZ,AGM,1
KVA,ATH,2
KVA,CGN,2
KVA,DUS,3
KVA,FRA,1
KVA,MUC,3
KVA,STR,2
KVA,VIE,2
KVC,CDB,1
KVD,DME,1
KVD,GYD,1
KVD,IST,1
KVD,LED,1
KVD,NAJ,1
KVD,VKO,1
KVG,MAS,1
KVG,POM,1
KVG,RAB,2
KVK,DME,1
KVL,OTZ,2
KVL,PHO,1
KVO,VIE,1
KVX,LED,1
KVX,NNM,1
KVX,VKO,2
KWA,KSA,1
KWA,MAJ,1
KWA,PNI,1
KWE,ACX,2
KWE,AQG,1
KWE,BAR,1
KWE,BFJ,2
KWE,BHY,1
KWE,BKK,2
KWE,BSD,1
KWE,CAN,4
KWE,CGD,1
KWE,CGO,9
KWE,CKG,6
KWE,CSX,7
KWE,CTU,7
KWE,CZX,1
KWE,DAX,1
KWE,DLU,1
KWE,ENH,1
KWE,FOC,4
KWE,HAK,5
KWE,HET,1
KWE,HFE,6
KWE,HGH,7
KWE,HIA,1
KWE,HKG,1
KWE,HKT,2
KWE,HNY,1
KWE,HUZ,1
KWE,HYN,1
KWE,HZH,2
KWE,INC,2
KWE,JGS,1
KWE,JHG,3
KWE,JJN,4
KWE,JNG,2
KWE,JUZ,1
KWE,KHN,7
KWE,KIX,1
KWE,KMG,7
KWE,KWL,2
KWE,LHW,3
KWE,LJG,4
KWE,LLB,1
KWE,LLF,1
KWE,LPF,2
KWE,LYA,1
KWE,LYG,1
KWE,LYI,1
KWE,LZO,2
KWE,MDL,1
KWE,MFM,1
KWE,MIG,1
KWE,NGB,2
KWE,NKG,8
KWE,NNG,3
KWE,NNY,1
KWE,NTG,1
KWE,PEK,4
KWE,PVG,6
KWE,SHA,6
KWE,SHE,1
KWE,SIN,1
KWE,SJW,2
KWE,SWA,3
KWE,SYX,7
KWE,SZX,5
KWE,TAO,2
KWE,TCZ,1
KWE,TEN,2
KWE,TNA,4
KWE,TPE,2
KWE,TSN,4
KWE,TYN,4
KWE,URC,1
KWE,WDS,1
KWE,WMT,1
KWE,WNZ,8
KWE,WUH,7
KWE,WUX,1
KWE,WUZ,2
KWE,WXN,1
KWE,XFN,2
KWE,XIC,1
KWE,XIY,10
KWE,XMN,4
KWE,XNN,1
KWE,XUZ,2
KWE,YBP,1
KWE,YCU,1
KWE,YIH,1
KWE,ZHA,2
KWE,ZUH,3
KWF,KTN,1
KWI,AAN,1
KWI,ADD,3
KWI,AMD,3
KWI,AMM,3
KWI,AMS,3
KWI,ATZ,3
KWI,AUH,4
KWI,AWZ,2
KWI,BAH,5
KWI,BEY,3
KWI,BKK,1
KWI,BLR,1
KWI,BOM,4
KWI,CAI,3
KWI,CCJ,1
KWI,CDG,1
KWI,CGP,1
KWI,CMB,3
KWI,CNN,1
KWI,COK,2
KWI,DAC,3
KWI,DEL,1
KWI,DMM,6
KWI,DOH,4
KWI,DWC,3
KWI,DXB,5
KWI,FCO,2
KWI,FRA,2
KWI,GOI,1
KWI,GVA,1
KWI,GYD,2
KWI,HBE,7
KWI,HMB,5
KWI,HYD,2
KWI,IAD,1
KWI,IFN,1
KWI,IKA,1
KWI,ISB,1
KWI,IST,3
KWI,IXE,1
KWI,JED,5
KWI,JFK,1
KWI,KBL,1
KWI,KUL,1
KWI,LFM,1
KWI,LGW,1
KWI,LHE,4
KWI,LHR,3
KWI,LRR,1
KWI,LXR,3
KWI,MAA,1
KWI,MCT,2
KWI,MED,3
KWI,MHD,4
KWI,MNL,1
KWI,MUC,1
KWI,MXP,1
KWI,NJF,2
KWI,PEW,1
KWI,RIY,1
KWI,RUH,4
KWI,SAW,4
KWI,SHJ,1
KWI,SKT,1
KWI,SSH,1
KWI,SYZ,2
KWI,TBS,1
KWI,TIF,1
KWI,TRV,1
KWI,TUN,1
KWJ,CJU,3
KWJ,GMP,2
KWK,BET,2
KWK,KKH,1
KWK,KPN,1
KWL,AEB,2
KWL,AQG,1
KWL,BAR,1
KWL,BHY,2
KWL,BKK,1
KWL,CAN,1
KWL,CGO,7
KWL,CKG,6
KWL,CTU,5
KWL,CZX,1
KWL,DAT,1
KWL,DLC,1
KWL,DSN,1
KWL,DYG,1
KWL,ENY,1
KWL,FOC,4
KWL,HAK,6
KWL,HFE,3
KWL,HGH,9
KWL,HKG,3
KWL,ICN,2
KWL,INC,1
KWL,JHG,2
KWL,JJN,2
KWL,KHN,1
KWL,KMG,3
KWL,KOW,1
KWL,KUL,1
KWL,KWE,2
KWL,LCX,1
KWL,LHW,2
KWL,LJG,2
KWL,LYI,1
KWL,LZO,1
KWL,MIG,2
KWL,NGB,6
KWL,NKG,5
KWL,NNG,2
KWL,NNY,1
KWL,PEK,5
KWL,PKX,1
KWL,PUS,1
KWL,PVG,7
KWL,SHA,2
KWL,SHE,1
KWL,SJW,3
KWL,SWA,2
KWL,SYX,3
KWL,SZX,3
KWL,TAO,1
KWL,TEN,1
KWL,TNA,3
KWL,TPE,2
KWL,TSN,3
KWL,TXN,1
KWL,TYN,4
KWL,WDS,1
KWL,WNZ,2
KWL,WUH,2
KWL,WUT,2
KWL,WXN,1
KWL,XAI,1
KWL,XFN,1
KWL,XIY,6
KWL,XMN,6
KWL,XNN,1
KWL,XUZ,2
KWL,YBP,1
KWL,YNT,1
KWL,ZHA,1
KWL,ZUH,1
KWM,CNS,1
KWM,EDR,1
KWN,BET,2
KWN,EEK,1
KWN,TOG,1
KWT,BET,1
KWT,KKI,2
KXK,UUS,1
KXU,PPT,1
KYA,IST,1
KYA,SAW,2
KYP,RGN,1
KYU,FAI,1
KYU,GAL,1
KYZ,IKT,1
KZI,KSO,1
KZN,AER,2
KZN,ALA,1
KZN,ASF,1
KZN,AYT,1
KZN,BAX,1
KZN,CEK,2
KZN,DME,4
KZN,DWC,1
KZN,DYU,2
KZN,EGO,1
KZN,FEG,1
KZN,FRA,1
KZN,FRU,1
KZN,GOJ,1
KZN,ISL,1
KZN,IST,1
KZN,KGD,1
KZN,KUF,1
KZN,LBD,2
KZN,LED,4
KZN,MCX,1
KZN,NJC,1
KZN,NUX,1
KZN,OMS,1
KZN,OSS,1
KZN,OVB,1
KZN,PEE,1
KZN,PRG,1
KZN,SGC,1
KZN,SHJ,1
KZN,SKD,1
KZN,SVO,1
KZN,SVX,1
KZN,TAS,1
KZN,TOF,1
KZN,UFA,1
KZN,USK,1
KZN,VKO,1
KZN,VOZ,1
KZO,ALA,1
KZO,KGF,1
KZO,SCO,1
KZO,SVO,1
KZO,TSE,1
KZR,IST,1
KZS,RHO,2
LAD,ADD,2
LAD,AMS,1
LAD,BZV,2
LAD,CAB,2
LAD,CBT,1
LAD,CDG,1
LAD,CMN,1
LAD,CPT,1
LAD,DOH,1
LAD,DUE,1
LAD,DXB,2
LAD,FIH,5
LAD,FRA,1
LAD,GIG,1
LAD,GRU,1
LAD,HAV,1
LAD,HRE,1
LAD,JNB,2
LAD,LBV,1
LAD,LHR,2
LAD,LIS,2
LAD,LOS,1
LAD,LUN,1
LAD,LUO,1
LAD,MAD,1
LAD,MEG,1
LAD,MPM,2
LAD,MSZ,1
LAD,NBO,1
LAD,NOV,1
LAD,OPO,1
LAD,PEK,1
LAD,SDD,1
LAD,SPP,1
LAD,SSY,1
LAD,SVP,1
LAD,SZA,2
LAD,TMS,1
LAD,VHC,1
LAD,VPE,1
LAD,WDH,3
LAE,DAU,1
LAE,GKA,1
LAE,HGU,1
LAE,HKN,2
LAE,MAG,2
LAE,MAS,2
LAE,PNP,1
LAE,POM,2
LAE,RAB,1
LAI,ORY,1
LAM,ABQ,1
LAN,ATL,2
LAN,DCA,2
LAN,DTW,1
LAN,MSP,2
LAN,ORD,2
LAN,SFB,1
LAO,MNL,2
LAP,CEN,1
LAP,CUL,2
LAP,CUU,1
LAP,GDL,3
LAP,HMO,1
LAP,LMM,1
LAP,LTO,1
LAP,MEX,3
LAP,MTY,2
LAP,MXL,1
LAP,MZT,2
LAP,TIJ,2
LAQ,TIP,1
LAQ,TUN,2
LAR,DEN,1
LAS,ABQ,2
LAS,ALB,1
LAS,AMA,1
LAS,AMS,1
LAS,ANC,1
LAS,ATL,8
LAS,ATW,1
LAS,AUS,4
LAS,AZA,1
LAS,BDL,1
LAS,BFI,1
LAS,BHM,1
LAS,BIL,1
LAS,BIS,1
LAS,BLI,2
LAS,BNA,3
LAS,BOI,2
LAS,BOS,3
LAS,BUF,1
LAS,BUR,3
LAS,BWI,3
LAS,BZN,1
LAS,CID,1
LAS,CLE,4
LAS,CLT,3
LAS,CMH,2
LAS,COS,2
LAS,CPR,1
LAS,CVG,3
LAS,DCA,2
LAS,DEN,5
LAS,DFW,4
LAS,DLH,1
LAS,DSM,2
LAS,DTW,4
LAS,ELP,2
LAS,EUG,1
LAS,EWR,2
LAS,FAR,1
LAS,FAT,2
LAS,FCA,1
LAS,FLL,2
LAS,FNT,1
LAS,FRA,2
LAS,FSD,1
LAS,GDL,1
LAS,GEG,2
LAS,GFK,1
LAS,GJT,1
LAS,GRI,1
LAS,GRR,1
LAS,GTF,1
LAS,HNL,2
LAS,HOU,2
LAS,IAD,1
LAS,IAH,3
LAS,ICN,2
LAS,ICT,2
LAS,IDA,1
LAS,IND,4
LAS,JAC,1
LAS,JAX,1
LAS,JFK,8
LAS,LAX,11
LAS,LBB,1
LAS,LGB,3
LAS,LGW,5
LAS,LHR,5
LAS,LIT,1
LAS,LRD,1
LAS,MAF,1
LAS,MAN,4
LAS,MCI,2
LAS,MCO,3
LAS,MDW,2
LAS,MEM,2
LAS,MEX,3
LAS,MFE,1
LAS,MFR,1
LAS,MIA,2
LAS,MKE,3
LAS,MLI,1
LAS,MOT,1
LAS,MRY,1
LAS,MSN,1
LAS,MSO,1
LAS,MSP,3
LAS,MSY,2
LAS,MTY,3
LAS,OAK,4
LAS,OKC,2
LAS,OMA,3
LAS,ONT,1
LAS,ORD,4
LAS,ORF,1
LAS,ORY,1
LAS,PAE,1
LAS,PDX,4
LAS,PHL,4
LAS,PHX,5
LAS,PIA,1
LAS,PIT,2
LAS,PSC,1
LAS,PSP,1
LAS,PTY,2
LAS,PVD,1
LAS,RAP,1
LAS,RDM,1
LAS,RDU,4
LAS,RFD,1
LAS,RNO,4
LAS,SAN,5
LAS,SAT,4
LAS,SBN,1
LAS,SCK,1
LAS,SDF,1
LAS,SEA,6
LAS,SFO,6
LAS,SGF,1
LAS,SHV,1
LAS,SJC,3
LAS,SLC,4
LAS,SMF,4
LAS,SMX,1
LAS,SNA,5
LAS,STL,2
LAS,TLC,1
LAS,TPA,3
LAS,TUL,2
LAS,TUS,2
LAS,TYS,1
LAS,XNA,1
LAS,YEG,4
LAS,YHM,1
LAS,YLW,1
LAS,YQR,1
LAS,YUL,3
LAS,YVR,4
LAS,YWG,1
LAS,YXE,1
LAS,YXU,1
LAS,YXX,1
LAS,YYC,4
LAS,YYJ,1
LAS,YYZ,4
LAS,ZRH,2
LAU,MYD,3
LAU,WIL,1
LAW,DFW,2
LAX,ABQ,6
LAX,ACA,1
LAX,ACV,1
LAX,AGU,1
LAX,AKL,4
LAX,AMS,3
LAX,ANC,3
LAX,ARN,2
LAX,ASE,2
LAX,ATL,10
LAX,AUH,1
LAX,AUS,6
LAX,BDL,3
LAX,BFL,1
LAX,BIL,1
LAX,BJX,4
LAX,BLI,1
LAX,BNA,6
LAX,BNE,4
LAX,BOG,1
LAX,BOI,3
LAX,BOS,7
LAX,BWI,3
LAX,BZE,2
LAX,BZN,2
LAX,CAN,2
LAX,CDG,4
LAX,CLD,1
LAX,CLE,2
LAX,CLT,2
LAX,CMH,4
LAX,COS,1
LAX,CPH,1
LAX,CUN,5
LAX,CVG,1
LAX,DAL,1
LAX,DCA,4
LAX,DEN,8
LAX,DFW,8
LAX,DGO,1
LAX,DOH,1
LAX,DTW,2
LAX,DUB,1
LAX,DUS,2
LAX,DXB,2
LAX,EGE,1
LAX,ELP,4
LAX,EUG,4
LAX,EWR,3
LAX,EZE,1
LAX,FAT,4
LAX,FCO,2
LAX,FLL,4
LAX,FRA,3
LAX,GDL,7
LAX,GEG,2
LAX,GRU,3
LAX,GUA,4
LAX,GUM,1
LAX,HEL,1
LAX,HKG,3
LAX,HMO,2
LAX,HND,5
LAX,HNL,8
LAX,HOU,2
LAX,IAD,5
LAX,IAH,5
LAX,ICN,5
LAX,ICT,1
LAX,IGM,3
LAX,IND,4
LAX,IST,2
LAX,ITO,1
LAX,JAC,1
LAX,JED,1
LAX,JFK,8
LAX,KIX,1
LAX,KOA,6
LAX,LAS,10
LAX,LGG,1
LAX,LHR,11
LAX,LIH,5
LAX,LIM,5
LAX,LIR,2
LAX,LTO,1
LAX,MAD,4
LAX,MCE,2
LAX,MCI,3
LAX,MCO,6
LAX,MDW,2
LAX,MEL,5
LAX,MEM,3
LAX,MEX,9
LAX,MFR,4
LAX,MIA,4
LAX,MKE,3
LAX,MLM,1
LAX,MMH,3
LAX,MNL,1
LAX,MRY,4
LAX,MSN,1
LAX,MSP,6
LAX,MSY,11
LAX,MTJ,1
LAX,MTY,1
LAX,MUC,2
LAX,MZT,3
LAX,NKG,1
LAX,NRT,10
LAX,OAK,5
LAX,OAX,1
LAX,OGG,8
LAX,OKC,4
LAX,OMA,3
LAX,ORD,8
LAX,PAE,1
LAX,PBI,2
LAX,PDX,6
LAX,PEK,4
LAX,PHL,4
LAX,PHX,6
LAX,PIT,5
LAX,PPT,6
LAX,PRC,2
LAX,PSP,1
LAX,PTY,2
LAX,PVG,7
LAX,PVR,6
LAX,PVU,1
LAX,PWM,1
LAX,RAR,2
LAX,RDD,1
LAX,RDM,4
LAX,RDU,4
LAX,RNO,6
LAX,SAF,3
LAX,SAL,3
LAX,SAN,5
LAX,SAT,4
LAX,SBA,2
LAX,SBP,2
LAX,SCL,1
LAX,SDF,1
LAX,SEA,5
LAX,SFO,10
LAX,SGF,1
LAX,SGU,1
LAX,SHE,1
LAX,SIN,1
LAX,SJC,7
LAX,SJD,7
LAX,SJO,2
LAX,SLC,6
LAX,SMF,6
LAX,SMX,1
LAX,SNA,1
LAX,STL,4
LAX,STN,1
LAX,STS,2
LAX,SVO,2
LAX,SYD,6
LAX,SZX,1
LAX,TAO,1
LAX,TLV,1
LAX,TPA,1
LAX,TPE,4
LAX,TUL,2
LAX,TUS,6
LAX,UPN,1
LAX,VIE,1
LAX,VIS,1
LAX,VKO,1
LAX,WAW,1
LAX,XMN,1
LAX,XNA,2
LAX,YEG,3
LAX,YLW,2
LAX,YUL,2
LAX,YUM,1
LAX,YVR,5
LAX,YYC,5
LAX,YYZ,5
LAX,ZCL,1
LAX,ZIH,2
LAX,ZLO,2
LAX,ZRH,2
LAZ,GNM,1
LBA,ABZ,1
LBA,ACE,3
LBA,AGP,2
LBA,ALC,2
LBA,AMS,3
LBA,AYT,1
LBA,BCN,2
LBA,BGY,1
LBA,BHD,1
LBA,BJV,2
LBA,BUD,1
LBA,CDG,1
LBA,CFU,1
LBA,CHQ,1
LBA,CPH,1
LBA,DBV,1
LBA,DLM,3
LBA,DUB,2
LBA,DUS,1
LBA,FAO,3
LBA,FCO,1
LBA,FNC,1
LBA,FUE,2
LBA,GDN,1
LBA,GLA,1
LBA,GRO,1
LBA,HER,2
LBA,IBZ,3
LBA,ISB,1
LBA,JER,1
LBA,KGS,2
LBA,KRK,2
LBA,LCA,2
LBA,LHR,3
LBA,LIG,1
LBA,LPA,1
LBA,MAH,2
LBA,MJV,2
LBA,MLA,1
LBA,MPL,1
LBA,NCE,1
LBA,PFO,1
LBA,PMI,4
LBA,PRG,1
LBA,PSA,2
LBA,RHO,1
LBA,RIX,1
LBA,RMU,1
LBA,SOU,1
LBA,TFS,4
LBA,TSF,1
LBA,VCE,1
LBA,VNO,1
LBA,ZTH,1
LBB,AUS,1
LBB,DAL,2
LBB,DEN,1
LBB,DFW,2
LBB,HRL,1
LBB,IAH,2
LBB,LAS,2
LBB,PHX,1
LBC,BGY,1
LBC,GDN,1
LBC,PMI,1
LBC,PSA,1
LBD,AER,2
LBD,CEK,2
LBD,DME,3
LBD,GOJ,1
LBD,HMA,1
LBD,KJA,3
LBD,KRR,2
LBD,KUF,1
LBD,KZN,2
LBD,LED,4
LBD,NJC,1
LBD,OVB,3
LBD,REN,2
LBD,ROV,1
LBD,SGC,2
LBD,SVX,2
LBD,TJM,1
LBD,UFA,1
LBD,URC,1
LBE,FLL,1
LBE,MCO,1
LBE,MYR,1
LBF,DEN,2
LBJ,BJW,1
LBJ,CGK,2
LBJ,DPS,2
LBJ,ENE,4
LBJ,KOE,1
LBJ,MOF,1
LBL,DDC,3
LBL,DEN,3
LBL,HYS,1
LBP,MUR,1
LBS,SUV,1
LBU,BKI,1
LBU,KUL,2
LBU,MYY,1
LBV,ABJ,1
LBV,ADD,1
LBV,BKO,1
LBV,BZV,2
LBV,CDG,1
LBV,CMN,1
LBV,COO,4
LBV,DLA,4
LBV,FIH,3
LBV,IST,1
LBV,JNB,1
LBV,KGL,1
LBV,LAD,1
LBV,LFW,1
LBV,LOS,2
LBV,NSI,1
LBV,PNR,4
LBV,SSG,2
LCA,AMM,1
LCA,AMS,3
LCA,ARN,2
LCA,ATH,8
LCA,AUH,2
LCA,BAH,1
LCA,BEG,2
LCA,BEY,3
LCA,BGO,1
LCA,BHX,1
LCA,BSL,1
LCA,BUD,1
LCA,CAI,2
LCA,CDG,2
LCA,CGN,1
LCA,CPH,1
LCA,CWL,1
LCA,DME,1
LCA,DOH,1
LCA,DOK,1
LCA,DUS,1
LCA,DXB,1
LCA,EMA,1
LCA,FCO,2
LCA,FRA,4
LCA,GLA,1
LCA,GOT,1
LCA,GVA,1
LCA,HAJ,1
LCA,HER,1
LCA,IEV,1
LCA,KBP,1
LCA,KIV,1
LCA,KRR,1
LCA,KSC,1
LCA,LBA,2
LCA,LED,4
LCA,LGW,7
LCA,LHR,3
LCA,LPL,1
LCA,LTN,1
LCA,LWO,1
LCA,MAN,5
LCA,MLA,2
LCA,MSQ,1
LCA,MUC,3
LCA,MXP,1
LCA,ODS,1
LCA,OSL,1
LCA,OTP,3
LCA,PRG,2
LCA,RIX,1
LCA,SKG,4
LCA,SOF,3
LCA,STR,2
LCA,SVO,2
LCA,SVX,1
LCA,SXF,1
LCA,TLV,5
LCA,UME,1
LCA,VIE,3
LCA,VKO,1
LCA,WAW,1
LCA,ZRH,5
LCE,GCM,2
LCE,GJA,1
LCE,PEU,1
LCE,RTB,1
LCE,SAP,1
LCE,TGU,1
LCE,UII,1
LCG,AGP,1
LCG,BCN,2
LCG,BIO,2
LCG,LHR,2
LCG,LIS,1
LCG,LPA,1
LCG,MAD,3
LCG,PMI,1
LCG,SVQ,2
LCG,TFN,1
LCG,VLC,1
LCH,DFW,2
LCH,IAH,1
LCJ,EMA,1
LCJ,STN,1
LCK,AMS,1
LCK,ANC,1
LCK,ATL,1
LCK,FRA,1
LCK,LAX,1
LCK,ORD,2
LCK,PIE,1
LCK,SEA,1
LCK,SFB,1
LCQ,EWR,1
LCR,ACR,1
LCR,LET,1
LCX,PKX,1
LCX,PVG,1
LCX,SHA,1
LCY,ABZ,1
LCY,AGP,2
LCY,AMS,4
LCY,ANR,3
LCY,ARN,1
LCY,BER,1
LCY,BES,2
LCY,BLL,1
LCY,BRN,1
LCY,BSL,1
LCY,BUD,1
LCY,BVE,2
LCY,CMF,1
LCY,DOL,2
LCY,DRS,2
LCY,DUB,3
LCY,DUS,1
LCY,EDI,1
LCY,FCO,3
LCY,FLR,3
LCY,FRA,3
LCY,GLA,1
LCY,GRX,2
LCY,GVA,2
LCY,IBZ,2
LCY,IOM,1
LCY,JER,1
LCY,JFK,1
LCY,LIN,3
LCY,LUX,1
LCY,MAD,2
LCY,MAH,1
LCY,MAN,1
LCY,MUC,1
LCY,NCE,1
LCY,NTE,2
LCY,ORY,2
LCY,PMI,2
LCY,PRG,1
LCY,RTM,4
LCY,SNN,1
LCY,TXL,1
LCY,VCE,1
LCY,VNO,1
LCY,WAW,1
LCY,ZRH,3
LDB,CGB,1
LDB,CGH,3
LDB,CWB,3
LDB,GRU,3
LDB,MGF,1
LDB,POA,1
LDB,VCP,1
LDE,BGY,1
LDE,BRU,1
LDE,MAD,1
LDE,ORY,2
LDE,STN,1
LDH,BNE,1
LDH,PQQ,1
LDH,SYD,1
LDJ,DFW,1
LDJ,MCO,1
LDJ,PIT,1
LDS,DLC,1
LDS,HRB,1
LDS,PKX,1
LDS,SHE,1
LDU,BKI,1
LDY,BHX,1
LDY,FAO,1
LDY,LPL,1
LDY,MAN,1
LDY,PIK,1
LDY,SEN,1
LDY,STN,1
LEA,PER,3
LEB,BOS,1
LEB,HPN,1
LEC,SSA,1
LED,AAQ,3
LED,AER,5
LED,ALA,2
LED,ALC,1
LED,AMS,2
LED,ARH,3
LED,ARN,2
LED,ASF,2
LED,ATH,1
LED,AYT,1
LED,AZN,1
LED,BCN,5
LED,BER,1
LED,BHK,2
LED,BOJ,3
LED,BRU,1
LED,BZK,1
LED,CDG,3
LED,CEE,1
LED,CEK,4
LED,CPH,1
LED,CSY,2
LED,DME,5
LED,DOH,1
LED,DUS,3
LED,DXB,1
LED,DYU,4
LED,EGO,1
LED,EVN,3
LED,FCO,4
LED,FEG,1
LED,FRA,2
LED,FRU,2
LED,GDZ,1
LED,GOJ,1
LED,GRV,1
LED,GSV,2
LED,GVA,3
LED,GYD,3
LED,HAM,2
LED,HEL,2
LED,HER,2
LED,IAR,2
LED,ICN,1
LED,IJK,1
LED,IKT,1
LED,IST,2
LED,IWA,1
LED,KBP,4
LED,KGD,4
LED,KGF,1
LED,KIV,1
LED,KJA,3
LED,KLF,1
LED,KLV,2
LED,KQT,1
LED,KRR,5
LED,KSQ,2
LED,KUF,4
LED,KVD,1
LED,KVK,1
LED,KVX,2
LED,KZN,5
LED,LBD,5
LED,LCA,3
LED,LGW,2
LED,LHR,1
LED,LLK,1
LED,LPK,1
LED,MCX,3
LED,MLA,1
LED,MMK,4
LED,MRV,3
LED,MSQ,3
LED,MUC,3
LED,MXP,4
LED,NAL,2
LED,NBC,2
LED,NBE,2
LED,NCE,2
LED,NMA,3
LED,NNM,1
LED,NOJ,1
LED,NSK,1
LED,NUX,1
LED,NVI,2
LED,NYM,1
LED,OGZ,1
LED,OMS,2
LED,OSL,1
LED,OSS,2
LED,OVB,5
LED,PED,1
LED,PEE,3
LED,PEK,2
LED,PRG,4
LED,PUJ,1
LED,REN,3
LED,RHO,3
LED,RIX,1
LED,ROV,4
LED,SCW,3
LED,SGC,2
LED,SIP,4
LED,SKD,3
LED,SKG,2
LED,SKX,2
LED,SLY,1
LED,STW,1
LED,SVO,1
LED,SVX,4
LED,SXF,1
LED,TAS,3
LED,TBS,3
LED,TBW,1
LED,TFS,1
LED,TIV,2
LED,TJM,3
LED,TJU,2
LED,TLL,2
LED,TLV,4
LED,TMJ,1
LED,TSE,2
LED,TXL,1
LED,UCT,1
LED,UFA,3
LED,UGC,2
LED,ULV,1
LED,URS,1
LED,UUA,1
LED,VCE,2
LED,VIE,4
LED,VKO,4
LED,VNO,1
LED,VOG,2
LED,VOZ,3
LED,WAW,1
LED,XIY,1
LED,YKS,1
LED,ZAG,1
LED,ZRH,1
LEH,LYS,1
LEI,AMS,1
LEI,BCN,2
LEI,BHX,1
LEI,BRU,1
LEI,CRL,1
LEI,DUB,1
LEI,EMA,1
LEI,LGW,1
LEI,MAD,2
LEI,MAN,2
LEI,MLN,1
LEI,NRN,1
LEI,PMI,1
LEI,PRG,1
LEI,STN,1
LEI,SVQ,2
LEJ,ACE,2
LEJ,AGA,1
LEJ,AMS,1
LEJ,AYT,4
LEJ,BCN,2
LEJ,BRE,1
LEJ,CDG,1
LEJ,CFU,1
LEJ,CGN,2
LEJ,DJE,1
LEJ,DME,1
LEJ,DUS,2
LEJ,DXB,1
LEJ,EMA,1
LEJ,FNC,2
LEJ,FRA,2
LEJ,FUE,2
LEJ,HER,2
LEJ,HKG,1
LEJ,HRG,4
LEJ,IST,1
LEJ,KGS,2
LEJ,LPA,1
LEJ,MUC,1
LEJ,PMI,3
LEJ,RHO,2
LEJ,RMF,1
LEJ,STN,1
LEJ,STR,2
LEJ,TFS,2
LEJ,VIE,2
LEJ,VKO,1
LEJ,ZRH,2
LEN,AGP,1
LEN,BCN,1
LEN,LPA,1
LEQ,ISC,1
LET,BOG,3
LET,LCR,1
LET,LPD,1
LET,TCD,1
LEX,ATL,4
LEX,CLT,2
LEX,DCA,1
LEX,DFW,2
LEX,DTW,1
LEX,FLL,1
LEX,IAD,1
LEX,IAH,1
LEX,LGA,1
LEX,MSP,1
LEX,ORD,3
LEX,PGD,1
LEX,PHL,1
LEX,PIE,1
LEX,SFB,1
LFM,DXB,1
LFM,KWI,1
LFM,SYZ,1
LFQ,CAN,1
LFQ,HGH,1
LFQ,HRB,1
LFQ,INC,1
LFQ,PEK,1
LFQ,PVG,1
LFQ,WNZ,1
LFQ,WUH,1
LFQ,ZUH,1
LFR,CCS,1
LFT,ATL,3
LFT,DFW,2
LFT,IAH,1
LFW,ABJ,4
LFW,ABV,2
LFW,ACC,4
LFW,ADD,1
LFW,BKO,2
LFW,BRU,3
LFW,CDG,1
LFW,CKY,1
LFW,CMN,1
LFW,COO,3
LFW,DLA,2
LFW,DSS,1
LFW,EWR,1
LFW,FIH,2
LFW,GIG,1
LFW,IAH,1
LFW,JFK,1
LFW,LBV,3
LFW,LGG,1
LFW,LOS,2
LFW,NIM,1
LFW,OUA,3
LGA,ATL,8
LGA,AUA,2
LGA,AVL,1
LGA,BDA,1
LGA,BGR,2
LGA,BHM,1
LGA,BNA,4
LGA,BOS,3
LGA,BTV,1
LGA,BUF,1
LGA,CAE,2
LGA,CAK,3
LGA,CHA,1
LGA,CHO,3
LGA,CHS,2
LGA,CLE,3
LGA,CLT,3
LGA,CMH,3
LGA,CVG,2
LGA,DAB,1
LGA,DAY,3
LGA,DCA,3
LGA,DEN,4
LGA,DFW,4
LGA,DSM,1
LGA,DTW,4
LGA,EGE,1
LGA,EYW,2
LGA,FLL,3
LGA,GRR,1
LGA,GSO,3
LGA,GSP,1
LGA,HOU,1
LGA,IAD,1
LGA,IAH,2
LGA,ILM,3
LGA,IND,2
LGA,JAC,1
LGA,JAX,1
LGA,LEX,1
LGA,LIT,2
LGA,MCI,2
LGA,MCO,4
LGA,MDW,2
LGA,MEM,2
LGA,MHT,1
LGA,MIA,3
LGA,MKE,2
LGA,MSN,1
LGA,MSP,2
LGA,MSY,4
LGA,MTJ,1
LGA,MYR,2
LGA,NAS,1
LGA,OMA,1
LGA,ORD,5
LGA,ORF,3
LGA,PBI,4
LGA,PHL,2
LGA,PIE,1
LGA,PIT,3
LGA,PWM,2
LGA,RDU,3
LGA,RIC,3
LGA,ROA,2
LGA,ROC,1
LGA,RSW,2
LGA,SAT,1
LGA,SAV,2
LGA,SBN,1
LGA,SDF,3
LGA,SRQ,2
LGA,STL,4
LGA,SYR,1
LGA,TPA,3
LGA,TYS,3
LGA,XNA,3
LGA,YHZ,2
LGA,YOW,3
LGA,YUL,6
LGA,YYZ,6
LGB,AUS,1
LGB,BOS,1
LGB,IAD,1
LGB,JFK,1
LGB,LAS,2
LGB,OAK,1
LGB,PDX,3
LGB,PHX,2
LGB,RNO,1
LGB,SEA,3
LGB,SFO,1
LGB,SJC,1
LGB,SLC,2
LGB,SMF,1
LGG,ADD,1
LGG,AGA,1
LGG,AGP,1
LGG,AJA,2
LGG,ALC,1
LGG,ASR,1
LGG,BIA,2
LGG,CAN,1
LGG,DOH,1
LGG,HER,1
LGG,JED,1
LGG,JFK,1
LGG,LIL,1
LGG,LOS,1
LGG,OSL,1
LGG,PMI,1
LGG,PVG,2
LGG,RHO,1
LGG,ZAZ,1
LGI,NAS,2
LGK,CAN,1
LGK,HKT,1
LGK,KCH,1
LGK,KMG,1
LGK,KUL,4
LGK,MKZ,1
LGK,NKG,1
LGK,PEN,5
LGK,SIN,5
LGK,SZB,3
LGL,MUR,1
LGL,MYY,1
LGP,CEB,1
LGP,MNL,3
LGQ,UIO,1
LGW,AAL,1
LGW,ABZ,1
LGW,ACE,10
LGW,ADB,2
LGW,AES,1
LGW,AGA,4
LGW,AGP,7
LGW,AJA,1
LGW,ALC,8
LGW,ALG,1
LGW,AMS,2
LGW,ANU,3
LGW,ARN,1
LGW,ATH,2
LGW,AYT,6
LGW,BCN,6
LGW,BDA,2
LGW,BFS,1
LGW,BGI,3
LGW,BGO,2
LGW,BGY,1
LGW,BHD,1
LGW,BIA,1
LGW,BIO,2
LGW,BJV,4
LGW,BLQ,1
LGW,BOD,2
LGW,BOS,1
LGW,BRI,2
LGW,BRU,1
LGW,BSL,1
LGW,BUD,2
LGW,BVC,2
LGW,CDG,2
LGW,CFU,2
LGW,CGN,2
LGW,CHQ,2
LGW,CMN,2
LGW,CPH,2
LGW,CPT,1
LGW,CTA,6
LGW,CUN,6
LGW,DBV,5
LGW,DEN,1
LGW,DLM,5
LGW,DME,2
LGW,DOH,1
LGW,DUB,2
LGW,DUS,1
LGW,DXB,2
LGW,EDI,2
LGW,EFL,1
LGW,ERF,1
LGW,ESB,1
LGW,EZE,1
LGW,FAO,5
LGW,FCO,4
LGW,FLR,2
LGW,FNA,1
LGW,FNC,6
LGW,FUE,6
LGW,GCI,1
LGW,GIB,1
LGW,GIG,1
LGW,GLA,2
LGW,GNB,1
LGW,GOA,1
LGW,GOT,1
LGW,GRX,1
LGW,GVA,2
LGW,HAM,1
LGW,HAV,1
LGW,HEL,1
LGW,HER,3
LGW,HKG,1
LGW,HME,1
LGW,HRG,6
LGW,IBZ,3
LGW,INN,2
LGW,INV,1
LGW,IOM,1
LGW,IST,1
LGW,IVL,1
LGW,JED,1
LGW,JER,2
LGW,JFK,2
LGW,JMK,2
LGW,JTR,3
LGW,KBP,1
LGW,KEF,4
LGW,KGS,2
LGW,KIN,2
LGW,KLX,1
LGW,KRK,1
LGW,KTT,1
LGW,KUN,1
LGW,LAS,5
LGW,LAX,1
LGW,LCA,7
LGW,LED,1
LGW,LEI,1
LGW,LIN,1
LGW,LIR,1
LGW,LIS,3
LGW,LJU,1
LGW,LPA,7
LGW,LUX,1
LGW,LYS,1
LGW,MAD,5
LGW,MAH,3
LGW,MBJ,2
LGW,MCO,8
LGW,MIA,1
LGW,MJV,1
LGW,MLA,5
LGW,MLE,1
LGW,MPL,1
LGW,MRS,1
LGW,MRU,4
LGW,MSQ,1
LGW,MUC,1
LGW,MXP,1
LGW,NAP,4
LGW,NBE,5
LGW,NCE,4
LGW,NCL,1
LGW,NOC,1
LGW,NQY,2
LGW,NTE,1
LGW,NUE,1
LGW,OLB,3
LGW,OPO,3
LGW,ORD,1
LGW,ORK,1
LGW,OSL,1
LGW,OTP,1
LGW,OVD,1
LGW,PDL,1
LGW,PEK,2
LGW,PFO,6
LGW,PMI,7
LGW,PMO,3
LGW,POS,1
LGW,PRG,1
LGW,PRN,1
LGW,PSA,2
LGW,PUJ,3
LGW,PVG,2
LGW,PVK,2
LGW,RAK,6
LGW,RHO,3
LGW,RIX,1
LGW,RMF,1
LGW,RMU,1
LGW,SAW,1
LGW,SCQ,1
LGW,SEA,1
LGW,SFO,1
LGW,SID,3
LGW,SJO,1
LGW,SKG,3
LGW,SNN,1
LGW,SOF,1
LGW,SPU,3
LGW,SSH,5
LGW,STR,1
LGW,SVG,1
LGW,SVQ,3
LGW,SXB,1
LGW,SXF,1
LGW,SZG,2
LGW,TFS,9
LGW,TIA,1
LGW,TIV,1
LGW,TLL,1
LGW,TLS,1
LGW,TLV,1
LGW,TNG,1
LGW,TOS,1
LGW,TPA,5
LGW,TPE,1
LGW,TRD,1
LGW,TRF,1
LGW,TRN,1
LGW,TSC,1
LGW,UVF,3
LGW,VCE,4
LGW,VIE,2
LGW,VLC,1
LGW,VRN,4
LGW,YUL,1
LGW,YVR,1
LGW,YYC,2
LGW,YYZ,2
LGW,ZAG,1
LGW,ZRH,1
LGW,ZTH,2
LHE,AUH,8
LHE,BAH,2
LHE,BCN,1
LHE,BHV,2
LHE,BKK,1
LHE,CAN,1
LHE,CDG,1
LHE,CMB,1
LHE,CPH,1
LHE,DEA,1
LHE,DEL,1
LHE,DMM,2
LHE,DOH,2
LHE,DXB,4
LHE,ISB,1
LHE,IST,1
LHE,JED,5
LHE,KHI,4
LHE,KUL,1
LHE,KWI,3
LHE,LHR,2
LHE,MAN,1
LHE,MCT,3
LHE,MED,2
LHE,MHD,1
LHE,MUX,1
LHE,MXP,1
LHE,OSL,1
LHE,PEW,1
LHE,RUH,3
LHE,RYK,1
LHE,SHJ,3
LHE,SKZ,1
LHE,UET,3
LHE,URC,1
LHE,YYZ,1
LHR,ABV,1
LHR,ABZ,5
LHR,ACC,2
LHR,ADD,1
LHR,AGP,2
LHR,ALA,2
LHR,ALG,1
LHR,AMD,1
LHR,AMM,2
LHR,AMS,5
LHR,ANU,1
LHR,ARN,6
LHR,ASB,1
LHR,ATH,5
LHR,ATL,8
LHR,AUH,4
LHR,AUS,4
LHR,BAH,4
LHR,BCN,3
LHR,BEG,1
LHR,BER,2
LHR,BEY,3
LHR,BGI,1
LHR,BGO,2
LHR,BHD,4
LHR,BIO,2
LHR,BKK,4
LHR,BLL,1
LHR,BLQ,2
LHR,BLR,3
LHR,BNA,1
LHR,BOG,1
LHR,BOM,5
LHR,BOS,9
LHR,BRU,4
LHR,BSL,3
LHR,BUD,3
LHR,BWI,4
LHR,CAI,2
LHR,CAN,1
LHR,CDG,5
LHR,CGN,2
LHR,CGO,1
LHR,CLT,2
LHR,CMB,1
LHR,CMN,1
LHR,CPH,3
LHR,CPT,3
LHR,CTU,2
LHR,DAC,1
LHR,DEL,5
LHR,DEN,5
LHR,DFW,7
LHR,DME,1
LHR,DOH,3
LHR,DTW,4
LHR,DUB,4
LHR,DUR,1
LHR,DUS,4
LHR,DXB,6
LHR,EBB,2
LHR,EDI,5
LHR,EWR,8
LHR,EZE,1
LHR,FAO,1
LHR,FCO,3
LHR,FNA,1
LHR,FNC,1
LHR,FRA,4
LHR,GIB,2
LHR,GIG,1
LHR,GLA,3
LHR,GNB,1
LHR,GOT,4
LHR,GRU,3
LHR,GVA,3
LHR,GYD,2
LHR,HAJ,3
LHR,HAM,5
LHR,HAN,1
LHR,HAV,1
LHR,HEL,4
LHR,HKG,3
LHR,HND,4
LHR,HYD,2
LHR,IAD,8
LHR,IAH,6
LHR,IBZ,2
LHR,ICN,3
LHR,IKA,1
LHR,INN,1
LHR,INV,1
LHR,ISB,3
LHR,IST,3
LHR,JED,2
LHR,JFK,12
LHR,JMK,1
LHR,JNB,6
LHR,JTR,1
LHR,KBP,1
LHR,KEF,2
LHR,KHI,1
LHR,KIX,1
LHR,KRK,1
LHR,KUL,3
LHR,KWI,3
LHR,LAD,1
LHR,LAS,5
LHR,LAX,11
LHR,LBA,3
LHR,LCA,3
LHR,LCG,2
LHR,LED,1
LHR,LHE,2
LHR,LIN,4
LHR,LIS,7
LHR,LOS,3
LHR,LUX,2
LHR,LXR,1
LHR,LYS,2
LHR,MAA,2
LHR,MAD,2
LHR,MAN,5
LHR,MBJ,1
LHR,MCO,1
LHR,MCT,2
LHR,MEX,3
LHR,MIA,7
LHR,MLA,1
LHR,MNL,1
LHR,MPL,1
LHR,MRS,2
LHR,MRU,1
LHR,MSP,4
LHR,MSY,1
LHR,MUC,4
LHR,MXP,5
LHR,NAS,1
LHR,NBO,3
LHR,NCE,2
LHR,NCL,3
LHR,NRT,4
LHR,OPO,1
LHR,ORD,9
LHR,ORK,1
LHR,ORY,3
LHR,OSL,4
LHR,OTP,3
LHR,PDX,1
LHR,PEK,3
LHR,PER,1
LHR,PHL,5
LHR,PHX,4
LHR,PIT,1
LHR,PKX,1
LHR,PMI,2
LHR,PRG,3
LHR,PSA,2
LHR,PVG,4
LHR,RAK,1
LHR,RBA,1
LHR,RDU,6
LHR,RJK,1
LHR,RTM,2
LHR,RUH,3
LHR,SAN,4
LHR,SCL,1
LHR,SEA,8
LHR,SEZ,1
LHR,SFO,10
LHR,SGN,1
LHR,SHJ,1
LHR,SIN,5
LHR,SJC,1
LHR,SNN,1
LHR,SOF,3
LHR,SPU,1
LHR,STR,5
LHR,SVG,3
LHR,SVO,2
LHR,SYX,1
LHR,SZG,1
LHR,SZX,1
LHR,TAS,1
LHR,TFS,1
LHR,TIP,2
LHR,TLS,2
LHR,TLV,3
LHR,TNG,1
LHR,TPE,1
LHR,TSE,1
LHR,TUN,1
LHR,TXL,4
LHR,UVF,1
LHR,VCE,2
LHR,VIE,4
LHR,VKO,2
LHR,VLC,1
LHR,WAW,5
LHR,WUH,1
LHR,YEG,2
LHR,YHZ,2
LHR,YOW,2
LHR,YUL,6
LHR,YVR,6
LHR,YYC,6
LHR,YYT,2
LHR,YYZ,7
LHR,ZAG,3
LHR,ZRH,4
LHR,ZYL,1
LHW,AKU,1
LHW,BAR,1
LHW,BAV,1
LHW,BKK,1
LHW,CAN,3
LHW,CGD,1
LHW,CGO,7
LHW,CKG,5
LHW,CSX,6
LHW,CTU,5
LHW,DAT,1
LHW,DNH,3
LHW,DSN,1
LHW,DYG,1
LHW,HAK,1
LHW,HFE,3
LHW,HGH,7
LHW,HNY,1
LHW,HRB,1
LHW,INC,2
LHW,IQN,4
LHW,JGN,3
LHW,JIC,3
LHW,JUH,1
LHW,KHG,1
LHW,KHN,4
LHW,KMG,4
LHW,KRL,1
LHW,KRY,1
LHW,KWE,6
LHW,KWL,2
LHW,LLV,1
LHW,LNL,2
LHW,LXA,1
LHW,LYA,2
LHW,LYG,1
LHW,LYI,1
LHW,LZY,1
LHW,MIG,1
LHW,NKG,3
LHW,NNG,3
LHW,NNY,2
LHW,PEK,5
LHW,PKX,1
LHW,PVG,5
LHW,RLK,1
LHW,SHA,2
LHW,SHE,1
LHW,SJW,2
LHW,SYX,1
LHW,SZX,2
LHW,TEN,1
LHW,TLQ,1
LHW,TNA,5
LHW,TPE,2
LHW,TSN,3
LHW,TYN,4
LHW,URC,12
LHW,UYN,1
LHW,WGN,1
LHW,WMT,1
LHW,WNZ,1
LHW,WUH,5
LHW,WUX,1
LHW,XAI,1
LHW,XIY,7
LHW,XMN,1
LHW,XNN,2
LHW,YCU,2
LHW,YIH,1
LHW,YNT,1
LHW,YNZ,1
LHW,YTY,1
LHW,YZY,4
LHW,ZUH,3
LHW,ZYI,1
LIF,GEA,1
LIF,TGJ,1
LIF,UVE,1
LIG,AVN,1
LIG,BRS,1
LIG,EMA,1
LIG,LBA,1
LIG,LPL,1
LIG,LYS,1
LIG,NCE,1
LIG,ORY,1
LIG,SOU,2
LIG,STN,1
LIH,DEN,1
LIH,HNL,4
LIH,LAX,6
LIH,OAK,3
LIH,OGG,1
LIH,PDX,1
LIH,PHX,2
LIH,SAN,1
LIH,SEA,2
LIH,SFO,1
LIH,SJC,2
LIH,YVR,2
LIL,AGA,2
LIL,AJA,3
LIL,ALG,2
LIL,BCN,2
LIL,BIA,2
LIL,BIQ,1
LIL,BOD,3
LIL,CFU,1
LIL,CLY,1
LIL,DBV,1
LIL,DJE,2
LIL,FAO,1
LIL,FSC,1
LIL,FUE,1
LIL,GVA,1
LIL,HER,1
LIL,LGG,1
LIL,LYS,2
LIL,MPL,2
LIL,MRS,3
LIL,NCE,3
LIL,NTE,4
LIL,OPO,1
LIL,ORN,2
LIL,OUD,1
LIL,PGF,1
LIL,RAK,2
LIL,RHO,1
LIL,SPU,1
LIL,SXB,1
LIL,TLN,1
LIL,TLS,3
LIL,VCE,1
LIM,AMS,2
LIM,ANF,2
LIM,ANS,1
LIM,AQP,4
LIM,ASU,2
LIM,ATA,1
LIM,ATL,1
LIM,AYP,3
LIM,BCN,1
LIM,BOG,2
LIM,BSB,1
LIM,CCS,2
LIM,CDG,2
LIM,CIX,1
LIM,CJA,2
LIM,CJC,1
LIM,CLO,2
LIM,COR,1
LIM,CTG,1
LIM,CUN,2
LIM,CUZ,7
LIM,DFW,3
LIM,EWR,1
LIM,EZE,3
LIM,FLL,2
LIM,GIG,3
LIM,GRU,4
LIM,GYE,2
LIM,HAV,3
LIM,HUU,2
LIM,IAH,1
LIM,IGU,2
LIM,ILQ,1
LIM,IQT,4
LIM,JAE,1
LIM,JAU,2
LIM,JFK,3
LIM,JUL,2
LIM,LAX,5
LIM,LPB,3
LIM,MAD,3
LIM,MBJ,1
LIM,MCO,2
LIM,MDE,2
LIM,MDZ,2
LIM,MEX,3
LIM,MIA,5
LIM,MVD,2
LIM,PCL,3
LIM,PEM,1
LIM,PIU,3
LIM,POA,3
LIM,PTY,1
LIM,PUJ,2
LIM,ROS,1
LIM,SAL,1
LIM,SCL,6
LIM,SDQ,1
LIM,SJO,2
LIM,SLA,1
LIM,TBP,1
LIM,TCQ,1
LIM,TGI,1
LIM,TPP,4
LIM,TRU,2
LIM,TUC,1
LIM,TYL,1
LIM,UIO,5
LIM,VVI,3
LIM,YUL,1
LIM,YYZ,1
LIN,AHO,1
LIN,AMS,3
LIN,ARN,1
LIN,ATH,1
LIN,BCN,1
LIN,BDS,1
LIN,BRI,2
LIN,BRU,4
LIN,CAG,1
LIN,CDG,3
LIN,CGN,1
LIN,CIY,1
LIN,CPH,1
LIN,CTA,3
LIN,DUB,1
LIN,DUS,1
LIN,FCO,2
LIN,FRA,4
LIN,GVA,1
LIN,LCY,3
LIN,LGW,1
LIN,LHR,4
LIN,LUX,2
LIN,MAD,2
LIN,MLA,2
LIN,NAP,4
LIN,OLB,2
LIN,ORY,3
LIN,OTP,2
LIN,PEG,1
LIN,PMO,2
LIN,PRG,1
LIN,PSR,1
LIN,REG,2
LIN,STR,1
LIN,SUF,1
LIN,TPS,1
LIN,TRS,1
LIN,TXL,1
LIN,VIE,1
LIN,WAW,1
LIR,AMS,1
LIR,ATL,2
LIR,CLT,2
LIR,DEN,2
LIR,DFW,2
LIR,EWR,1
LIR,IAH,1
LIR,JFK,3
LIR,LAX,2
LIR,MIA,2
LIR,ORD,1
LIR,PTY,1
LIR,SAL,1
LIR,SJO,4
LIR,SYQ,1
LIR,TNO,1
LIR,YUL,1
LIR,YYC,1
LIR,YYZ,2
LIS,ABJ,1
LIS,ACC,1
LIS,AGP,3
LIS,ALC,1
LIS,ALG,2
LIS,AMS,9
LIS,ARN,3
LIS,ATH,1
LIS,BCN,4
LIS,BEL,1
LIS,BER,1
LIS,BGY,1
LIS,BIO,4
LIS,BJL,1
LIS,BKO,1
LIS,BLQ,4
LIS,BOD,3
LIS,BOS,2
LIS,BRS,1
LIS,BRU,8
LIS,BSB,1
LIS,BSL,2
LIS,BUD,1
LIS,BVA,1
LIS,BVC,2
LIS,CCS,1
LIS,CDG,3
LIS,CFE,1
LIS,CGN,3
LIS,CIA,1
LIS,CKY,1
LIS,CMN,2
LIS,CNF,1
LIS,CPH,3
LIS,CRL,1
LIS,DKR,1
LIS,DLE,1
LIS,DME,2
LIS,DOH,1
LIS,DSS,1
LIS,DUB,3
LIS,DUS,2
LIS,DXB,2
LIS,EDI,2
LIS,EIN,2
LIS,EWR,3
LIS,FAO,4
LIS,FCO,2
LIS,FEZ,1
LIS,FKB,1
LIS,FLR,1
LIS,FMM,1
LIS,FNC,4
LIS,FOR,1
LIS,FRA,5
LIS,GIG,1
LIS,GRU,2
LIS,GVA,4
LIS,HAM,3
LIS,HEL,2
LIS,HHN,1
LIS,HOR,2
LIS,IAD,2
LIS,ICN,1
LIS,IST,2
LIS,JFK,2
LIS,KBP,2
LIS,KIV,1
LIS,KRK,1
LIS,LAD,2
LIS,LCG,1
LIS,LCY,1
LIS,LGW,3
LIS,LHR,6
LIS,LIL,1
LIS,LPA,3
LIS,LPL,1
LIS,LTN,1
LIS,LUX,4
LIS,LYS,3
LIS,MAD,6
LIS,MAN,2
LIS,MIA,2
LIS,MPL,1
LIS,MPM,1
LIS,MRS,2
LIS,MUC,2
LIS,MXP,3
LIS,NAP,2
LIS,NAT,1
LIS,NCE,2
LIS,NTE,3
LIS,OPO,4
LIS,ORD,1
LIS,ORK,1
LIS,ORY,5
LIS,OSL,2
LIS,OTP,2
LIS,OXB,1
LIS,PDL,3
LIS,PHL,3
LIS,PIX,2
LIS,PMI,1
LIS,POA,1
LIS,PRG,1
LIS,PSA,1
LIS,PXO,3
LIS,RAI,2
LIS,RAK,1
LIS,REC,1
LIS,RTM,1
LIS,SFO,1
LIS,SID,2
LIS,SMA,2
LIS,SSA,1
LIS,STN,1
LIS,STR,3
LIS,SVO,1
LIS,SVQ,2
LIS,SXF,3
LIS,TER,3
LIS,TFN,1
LIS,TFS,1
LIS,TLS,2
LIS,TLV,1
LIS,TMS,2
LIS,TNG,1
LIS,TUN,1
LIS,TXL,1
LIS,VCE,2
LIS,VCP,1
LIS,VIE,2
LIS,VLC,3
LIS,VXE,2
LIS,WAW,2
LIS,YUL,3
LIS,YYZ,4
LIS,ZAG,1
LIS,ZRH,4
LIT,ATL,4
LIT,BWI,2
LIT,CLT,2
LIT,DAL,2
LIT,DCA,2
LIT,DEN,2
LIT,DFW,2
LIT,DTW,1
LIT,HOU,1
LIT,IAH,1
LIT,LAS,1
LIT,LGA,2
LIT,MDW,1
LIT,ORD,3
LIT,PHX,1
LIT,SFB,1
LIT,SGF,1
LIT,STL,1
LJA,FIH,1
LJG,AEB,1
LJG,AVA,1
LJG,BFJ,1
LJG,BHY,1
LJG,CAN,5
LJG,CGO,3
LJG,CKG,9
LJG,CSX,4
LJG,CTU,6
LJG,HFE,2
LJG,HGH,6
LJG,HKG,1
LJG,ICN,2
LJG,JHG,7
LJG,KHN,1
LJG,KMG,7
LJG,KOW,1
LJG,KUL,1
LJG,KWE,3
LJG,KWL,3
LJG,LXA,1
LJG,LYI,1
LJG,MIG,3
LJG,NGB,2
LJG,NKG,3
LJG,NNG,2
LJG,PEK,4
LJG,PVG,1
LJG,SHA,1
LJG,SIN,1
LJG,SJW,1
LJG,SZX,3
LJG,TCZ,1
LJG,TNA,1
LJG,TPE,2
LJG,TYN,1
LJG,WUH,3
LJG,XIY,5
LJG,XMN,1
LJG,XNN,1
LJG,YBP,1
LJG,ZAT,1
LJG,ZUH,1
LJG,ZYI,1
LJU,AMS,2
LJU,BEG,1
LJU,BRU,2
LJU,CAI,1
LJU,CDG,2
LJU,CPH,2
LJU,CRL,1
LJU,FRA,2
LJU,HEL,1
LJU,IST,2
LJU,LTN,1
LJU,MUC,2
LJU,PRG,1
LJU,PRN,1
LJU,SJJ,1
LJU,SKP,1
LJU,STN,1
LJU,SVO,2
LJU,TGD,2
LJU,TIA,1
LJU,VIE,2
LJU,WAW,2
LJU,ZRH,2
LKB,SUV,1
LKE,FBS,1
LKE,SEA,1
LKE,YWH,1
LKG,WIL,1
LKH,MUR,1
LKH,MYY,1
LKL,OSL,1
LKL,TOS,1
LKN,BOO,1
LKN,RET,1
LKN,SVJ,1
LKO,BKK,1
LKO,BLR,1
LKO,BOM,5
LKO,DED,2
LKO,DEL,6
LKO,DXB,2
LKO,GOI,1
LKO,IXJ,1
LKO,JAI,2
LKO,JED,1
LKO,MCT,1
LKO,PAT,1
LKO,PNQ,1
LKO,RUH,1
LKO,SHJ,1
LLA,ARN,2
LLA,GEV,1
LLA,GOT,1
LLA,PJA,2
LLA,SDL,1
LLA,UME,1
LLB,CAN,1
LLB,NNG,1
LLF,CSX,1
LLF,FOC,1
LLF,HAK,1
LLF,KMG,1
LLF,SYX,1
LLF,SZX,1
LLI,ADD,1
LLI,AXU,1
LLI,BJR,1
LLI,GDQ,1
LLK,DME,1
LLK,LED,1
LLU,JJU,1
LLU,JNN,1
LLV,KMG,1
LLV,LHW,1
LLV,PEK,1
LLV,PKX,1
LLV,PVG,1
LLV,TAO,1
LLV,XIY,1
LLW,ADD,1
LLW,APL,1
LLW,BLZ,2
LLW,DAR,1
LLW,FBM,1
LLW,HRE,2
LLW,JNB,1
LLW,LUN,6
LLW,NBO,5
LMA,FAI,1
LMC,VVC,1
LMM,CUA,1
LMM,CUU,1
LMM,GDL,1
LMM,HMO,1
LMM,MEX,1
LMM,MZT,1
LMM,PBC,1
LMM,TIJ,1
LMN,MYY,1
LMP,CTA,1
LMP,PMO,1
LMP,VCE,1
LMT,PDX,1
LMT,SFO,1
LNA,EWR,1
LNA,IAH,1
LNB,CCV,1
LNB,VLI,1
LNE,LOD,1
LNE,SON,1
LNE,SSR,1
LNE,VLI,1
LNJ,JHG,1
LNJ,KMG,3
LNK,ATL,1
LNK,DEN,1
LNK,MKE,1
LNK,MSP,1
LNK,ORD,2
LNL,CAN,1
LNL,KMG,1
LNL,PKX,1
LNL,XIY,1
LNS,IAD,1
LNV,CNS,1
LNV,KVG,1
LNV,POM,2
LNV,RAB,1
LNY,HNL,2
LNY,MKK,1
LNY,OGG,1
LNZ,AYT,1
LNZ,DUS,2
LNZ,FRA,3
LNZ,GRZ,1
LNZ,HER,2
LNZ,PMI,3
LNZ,STN,1
LNZ,SZG,1
LNZ,VIE,1
LOD,LNE,1
LOD,SON,1
LOE,DMK,1
LOH,GYE,1
LOH,UIO,1
LOK,EDL,1
LOP,BMU,2
LOP,CGK,2
LOP,DPS,2
LOP,HLP,1
LOP,JOG,1
LOP,KOE,1
LOP,KUL,2
LOP,LBJ,1
LOP,PER,2
LOP,SIN,3
LOP,SRG,1
LOP,SUB,3
LOP,SWQ,2
LOP,UPG,1
LOS,ABB,2
LOS,ABJ,6
LOS,ABV,5
LOS,ACC,9
LOS,ADD,1
LOS,AKR,1
LOS,AMM,1
LOS,AMS,1
LOS,ATL,1
LOS,AUH,1
LOS,BEY,1
LOS,BKO,1
LOS,BNI,2
LOS,BRU,1
LOS,CAI,1
LOS,CBQ,2
LOS,CDG,1
LOS,CMN,1
LOS,COO,3
LOS,DKR,1
LOS,DLA,3
LOS,DOH,1
LOS,DSS,2
LOS,DXB,1
LOS,EBB,1
LOS,ENU,3
LOS,FNA,2
LOS,FRA,3
LOS,GRU,1
LOS,IAH,1
LOS,ILR,1
LOS,IST,1
LOS,JFK,2
LOS,JNB,2
LOS,JOS,1
LOS,KAD,2
LOS,KAN,2
LOS,KGL,1
LOS,LAD,1
LOS,LBV,2
LOS,LFW,2
LOS,LGG,1
LOS,LHR,3
LOS,MAD,1
LOS,NBO,2
LOS,NSI,1
LOS,OUA,1
LOS,PHC,8
LOS,QOW,3
LOS,QRW,1
LOS,QUO,3
LOS,ROB,1
LOS,SSG,2
LOS,ZAZ,1
LOY,KEU,1
LOY,KTJ,1
LOY,MRE,1
LOY,OLX,1
LPA,ACE,4
LPA,AES,1
LPA,AGA,1
LPA,AGP,2
LPA,ALC,2
LPA,AMS,1
LPA,ARN,2
LPA,BCN,3
LPA,BGO,2
LPA,BGY,1
LPA,BHX,3
LPA,BIO,3
LPA,BJL,1
LPA,BLQ,1
LPA,BOH,1
LPA,BRE,2
LPA,BRS,3
LPA,BRU,2
LPA,BSL,3
LPA,CDG,2
LPA,CGN,5
LPA,CMN,2
LPA,CPH,2
LPA,CRL,1
LPA,DKR,2
LPA,DSS,1
LPA,DUB,2
LPA,DUS,5
LPA,EDI,1
LPA,EIN,2
LPA,EMA,4
LPA,ERF,1
LPA,EUN,3
LPA,FCO,1
LPA,FKB,1
LPA,FNC,2
LPA,FRA,2
LPA,FUE,3
LPA,GLA,3
LPA,GLN,1
LPA,GOT,1
LPA,GRX,1
LPA,HAJ,1
LPA,HAM,4
LPA,HEL,1
LPA,KEF,1
LPA,KLR,1
LPA,KRS,1
LPA,LBA,2
LPA,LCG,1
LPA,LEJ,1
LPA,LEN,1
LPA,LGW,6
LPA,LIS,3
LPA,LPL,1
LPA,LTN,2
LPA,LUX,1
LPA,LYS,1
LPA,MAD,7
LPA,MAN,6
LPA,MLN,1
LPA,MOL,1
LPA,MUC,5
LPA,MXP,1
LPA,NCL,1
LPA,NDB,2
LPA,NKC,2
LPA,NRN,1
LPA,NTE,1
LPA,NUE,2
LPA,OPO,1
LPA,ORK,2
LPA,ORY,3
LPA,OSL,2
LPA,OVD,1
LPA,PAD,1
LPA,PIK,1
LPA,PMI,1
LPA,PRG,1
LPA,PSA,1
LPA,RAI,1
LPA,RAK,1
LPA,RTM,1
LPA,SCQ,3
LPA,SDR,1
LPA,SID,1
LPA,SPC,1
LPA,STN,2
LPA,STR,2
LPA,SVG,1
LPA,SVQ,4
LPA,SXF,3
LPA,SZG,2
LPA,TFN,4
LPA,TFS,2
LPA,TRD,1
LPA,TRF,1
LPA,TSF,1
LPA,TXL,1
LPA,VDE,2
LPA,VGO,1
LPA,VIE,4
LPA,VIL,2
LPA,VLC,3
LPA,VLL,1
LPA,ZRH,5
LPB,AQP,1
LPB,ARI,1
LPB,BOG,1
LPB,CBB,2
LPB,CIJ,2
LPB,CUZ,2
LPB,IQQ,2
LPB,LIM,3
LPB,POI,2
LPB,RBQ,1
LPB,SCL,1
LPB,SRE,3
LPB,SRZ,1
LPB,TDD,2
LPB,TJA,2
LPB,UYU,2
LPB,VVI,5
LPD,LET,1
LPF,CAN,1
LPI,AMS,1
LPI,CPH,1
LPK,DME,1
LPK,KGD,1
LPL,ACE,2
LPL,AGP,2
LPL,ALC,2
LPL,AMS,1
LPL,BCN,2
LPL,BFS,1
LPL,BJV,1
LPL,BTS,1
LPL,CCF,1
LPL,CDG,1
LPL,CPH,1
LPL,DUB,1
LPL,EGC,1
LPL,FAO,2
LPL,FNI,1
LPL,FUE,2
LPL,GDN,1
LPL,GVA,1
LPL,IBZ,1
LPL,IOM,2
LPL,JER,1
LPL,KGS,1
LPL,KRK,2
LPL,LCA,1
LPL,LDY,1
LPL,LIG,1
LPL,LIS,1
LPL,LPA,1
LPL,MAD,1
LPL,MLA,1
LPL,NAP,1
LPL,NCE,1
LPL,NOC,1
LPL,OPO,1
LPL,ORK,1
LPL,PFO,1
LPL,PMI,2
LPL,POZ,1
LPL,PRG,1
LPL,PSA,1
LPL,REU,1
LPL,RHO,2
LPL,SNN,1
LPL,SOF,1
LPL,SXF,1
LPL,SZZ,1
LPL,TFS,1
LPL,TRF,1
LPL,VNO,1
LPL,WAW,1
LPL,WMI,1
LPL,WRO,1
LPM,NUS,1
LPM,VLI,1
LPP,BGY,1
LPP,GRO,1
LPP,NRN,1
LPQ,BKK,5
LPQ,CNX,1
LPQ,CSX,1
LPQ,HAN,2
LPQ,JHG,1
LPQ,KMG,2
LPQ,PKZ,1
LPQ,REP,2
LPQ,VTE,3
LPS,WSX,1
LPT,BKK,1
LPT,DMK,1
LPY,ORY,1
LQM,FLA,1
LQM,PUU,1
LQM,VGZ,1
LRD,DFW,2
LRD,IAH,1
LRD,LAS,1
LRE,BNE,1
LRE,WIN,1
LRH,CRL,1
LRH,DUB,1
LRH,EMA,1
LRH,MRS,1
LRH,NCE,1
LRH,OPO,1
LRH,ORY,1
LRH,PIS,2
LRH,SOU,2
LRH,STN,1
LRM,AUA,1
LRM,FCO,2
LRM,JFK,1
LRM,MAD,1
LRM,MIA,2
LRM,MXP,1
LRM,SJU,1
LRM,YHZ,1
LRR,DOH,1
LRR,DXB,1
LRR,KWI,1
LRR,SHJ,1
LRR,SYZ,1
LRR,THR,1
LRS,ATH,2
LRS,JKL,3
LRS,JTY,3
LRT,CDG,1
LRT,LYS,1
LRT,ORY,1
LSA,GUR,1
LSC,ANF,3
LSC,CJC,3
LSC,COR,1
LSC,CPO,1
LSC,IQQ,1
LSC,MDZ,1
LSC,SCL,2
LSE,DTW,1
LSE,MSP,1
LSE,ORD,2
LSI,ABZ,2
LSI,EDI,2
LSI,GLA,2
LSI,INV,1
LSI,KOI,2
LSP,AUA,1
LSP,CCS,2
LSP,CUR,1
LST,BNE,2
LST,BWT,1
LST,FLS,1
LST,MEL,3
LST,SYD,2
LSW,KNO,1
LSY,GFN,1
LSY,SYD,1
LTD,TIP,1
LTI,BYN,1
LTI,ULZ,1
LTK,AUH,1
LTK,DXB,1
LTN,ABZ,1
LTN,ACE,5
LTN,AGP,4
LTN,AHO,2
LTN,ALC,3
LTN,AMS,2
LTN,ATH,2
LTN,AYT,2
LTN,BCN,2
LTN,BEG,1
LTN,BFS,1
LTN,BJV,1
LTN,BLQ,1
LTN,BOD,1
LTN,BOJ,1
LTN,BRI,1
LTN,BTS,2
LTN,BUD,2
LTN,BZG,1
LTN,BZR,1
LTN,CDG,1
LTN,CDT,1
LTN,CFU,1
LTN,CLJ,1
LTN,CND,1
LTN,CPH,1
LTN,CRA,1
LTN,CTA,2
LTN,DEB,1
LTN,DLM,2
LTN,DTM,1
LTN,DUB,1
LTN,EDI,1
LTN,FAO,3
LTN,FCO,1
LTN,FLR,1
LTN,FNI,1
LTN,FUE,2
LTN,GDN,1
LTN,GIB,2
LTN,GLA,1
LTN,GRO,1
LTN,GVA,1
LTN,HAM,1
LTN,HER,1
LTN,IAS,2
LTN,IBZ,2
LTN,IEV,1
LTN,INV,1
LTN,IST,1
LTN,KEF,2
LTN,KIR,1
LTN,KIV,1
LTN,KRK,2
LTN,KSC,1
LTN,KTW,1
LTN,KUN,1
LTN,KUT,1
LTN,LCA,3
LTN,LED,1
LTN,LIS,2
LTN,LJU,1
LTN,LPA,2
LTN,LUZ,1
LTN,LWO,1
LTN,MAD,1
LTN,MAH,1
LTN,MJV,1
LTN,MLA,1
LTN,MPL,1
LTN,MUC,1
LTN,MXP,1
LTN,NAP,1
LTN,NCE,1
LTN,NOC,1
LTN,NTE,1
LTN,OHD,1
LTN,ORK,1
LTN,OSL,1
LTN,OTP,1
LTN,PFO,3
LTN,PLQ,1
LTN,PMI,3
LTN,POZ,1
LTN,PRG,2
LTN,PRN,1
LTN,PSA,1
LTN,RAK,1
LTN,REU,2
LTN,RIX,1
LTN,RZE,1
LTN,SBZ,1
LTN,SCV,1
LTN,SKP,1
LTN,SOF,1
LTN,SSH,3
LTN,SUJ,1
LTN,SVG,1
LTN,SVQ,1
LTN,SXF,1
LTN,SZY,1
LTN,TAT,1
LTN,TFS,5
LTN,TGM,1
LTN,TIA,1
LTN,TLL,1
LTN,TLV,3
LTN,TSR,1
LTN,VAR,1
LTN,VCE,1
LTN,VIE,1
LTN,VKO,1
LTN,VLC,1
LTN,VNO,2
LTN,WAW,1
LTN,WRO,1
LTN,ZRH,1
LTO,GYM,1
LTO,HMO,1
LTO,LAX,1
LTO,TIJ,1
LTO,YYC,1
LTX,GYE,1
LTX,OCC,1
LUD,OMD,1
LUG,GVA,1
LUG,ZRH,1
LUH,DEL,2
LUK,BKL,1
LUK,CLT,2
LUK,MDW,2
LUK,MMU,1
LUK,PDK,1
LUM,CAN,1
LUM,CKG,1
LUM,CSX,1
LUM,CTU,2
LUM,KMG,5
LUM,LJG,2
LUM,MDL,1
LUM,PEK,1
LUM,PVG,1
LUM,RGN,1
LUM,WUH,1
LUN,ADD,1
LUN,AMS,3
LUN,BLZ,1
LUN,CIP,1
LUN,DAR,1
LUN,DUR,2
LUN,DXB,1
LUN,GBE,1
LUN,HRE,10
LUN,IST,1
LUN,JEK,1
LUN,JNB,3
LUN,KAA,1
LUN,LAD,1
LUN,LLW,5
LUN,LVI,1
LUN,MFU,1
LUN,NBO,4
LUN,NLA,1
LUN,SLI,1
LUN,WDH,2
LUO,LAD,1
LUQ,AEP,1
LUR,OTZ,1
LUV,AMQ,2
LUV,DOB,1
LUW,UPG,2
LUX,ACE,1
LUX,ADB,1
LUX,AGA,1
LUX,AGP,1
LUX,AJA,1
LUX,AMS,1
LUX,ARN,1
LUX,ATH,1
LUX,ATL,1
LUX,AYT,1
LUX,BCN,3
LUX,BIA,1
LUX,BVC,1
LUX,CAG,1
LUX,CDG,2
LUX,CFU,1
LUX,CLY,1
LUX,CPH,2
LUX,CTA,1
LUX,DBV,1
LUX,DJE,1
LUX,DOH,1
LUX,DUB,1
LUX,DUS,2
LUX,DWC,1
LUX,FAO,1
LUX,FCO,2
LUX,FNC,1
LUX,FRA,2
LUX,FSC,1
LUX,FUE,1
LUX,GVA,1
LUX,HAM,1
LUX,HER,1
LUX,IBZ,1
LUX,IST,1
LUX,JFK,1
LUX,KGS,1
LUX,LCY,1
LUX,LGW,1
LUX,LHR,2
LUX,LIN,1
LUX,LIS,3
LUX,LPA,1
LUX,MAD,1
LUX,MLA,1
LUX,MUC,2
LUX,MXP,3
LUX,NAP,1
LUX,NCE,1
LUX,OPO,2
LUX,ORD,1
LUX,PMI,1
LUX,RAK,1
LUX,RHO,1
LUX,SCN,2
LUX,TFS,1
LUX,TLS,1
LUX,TXL,2
LUX,VAR,1
LUX,VCP,1
LUX,VIE,2
LUX,WAW,1
LUX,XRY,1
LUX,ZAZ,1
LUX,ZRH,1
LUZ,CFU,1
LUZ,FCO,1
LUZ,GDN,1
LUZ,LTN,1
LUZ,MXP,1
LUZ,SPU,1
LUZ,STN,1
LUZ,TLV,1
LUZ,TRF,1
LUZ,WAW,1
LVI,CPT,1
LVI,HRE,3
LVI,JNB,2
LVI,LUN,1
LVI,MQP,1
LVI,NBO,1
LWB,ATL,1
LWB,IAD,1
LWN,DME,2
LWN,KRR,1
LWN,KUF,1
LWN,VKO,1
LWO,BGY,1
LWO,BTS,1
LWO,CPH,1
LWO,DTM,2
LWO,FCO,1
LWO,GDN,1
LWO,GRO,1
LWO,HHN,1
LWO,IST,1
LWO,KBP,1
LWO,KTW,1
LWO,LCA,1
LWO,MUC,1
LWO,NAP,1
LWO,SAW,1
LWO,SXF,1
LWO,TLV,2
LWO,TSF,1
LWO,VIE,2
LWO,VKO,1
LWO,VLC,1
LWO,WAW,1
LWO,WRO,1
LWS,BOI,1
LWS,PUW,1
LWS,SEA,1
LWS,SLC,1
LWY,BKI,1
LWY,BKM,1
LWY,LMN,1
LWY,MYY,1
LXA,BPX,1
LXA,CKG,8
LXA,CSX,1
LXA,CTU,5
LXA,DAX,1
LXA,DIG,2
LXA,GOQ,1
LXA,GXH,1
LXA,INC,1
LXA,KMG,2
LXA,KTM,2
LXA,LHW,1
LXA,LZY,1
LXA,MIG,2
LXA,NGQ,1
LXA,PEK,3
LXA,TNA,1
LXA,WXN,1
LXA,XIY,4
LXA,XNN,3
LXA,YBP,1
LXG,VTE,1
LXR,CAI,3
LXR,CDG,1
LXR,DOH,1
LXR,IST,1
LXR,JED,2
LXR,KWI,2
LXR,LHR,1
LXR,RUH,1
LXS,ATH,2
LXS,JIK,1
LXS,MJT,1
LXS,SKG,2
LYA,BHY,1
LYA,CAN,1
LYA,CKG,2
LYA,DLC,1
LYA,DSN,1
LYA,FOC,1
LYA,HAN,1
LYA,HET,1
LYA,KHN,1
LYA,KMG,1
LYA,KWE,1
LYA,LHW,1
LYA,LZO,1
LYA,PEK,1
LYA,PKX,1
LYA,SHA,1
LYA,SHE,1
LYA,SZX,1
LYA,TSN,1
LYA,URC,1
LYA,ZUH,1
LYB,CYB,1
LYB,GCM,1
LYC,AJR,2
LYC,ARN,2
LYG,BKK,2
LYG,CAN,1
LYG,CGQ,1
LYG,CKG,1
LYG,CSX,1
LYG,CTU,1
LYG,DLC,2
LYG,DSN,1
LYG,FOC,2
LYG,HET,1
LYG,HGH,1
LYG,HKG,1
LYG,HRB,1
LYG,HSN,1
LYG,INC,2
LYG,NAY,2
LYG,NGB,1
LYG,NKG,1
LYG,PEK,1
LYG,PKX,1
LYG,PVG,1
LYG,SHA,2
LYG,SHE,1
LYG,SJW,1
LYG,WNZ,1
LYG,WUH,1
LYG,XIY,1
LYG,XMN,1
LYG,XUZ,1
LYH,CLT,2
LYI,CAN,2
LYI,CGQ,1
LYI,CSX,1
LYI,CTU,1
LYI,DLC,2
LYI,DMK,1
LYI,HGH,1
LYI,ICN,1
LYI,LJG,1
LYI,NAY,2
LYI,PEK,1
LYI,PKX,2
LYI,PVG,2
LYI,SHA,2
LYI,SHE,2
LYI,SZX,2
LYI,WNZ,1
LYI,WUH,2
LYI,XIY,2
LYI,YIW,1
LYP,DOH,1
LYP,JED,1
LYP,KHI,2
LYP,SHJ,1
LYR,OSL,2
LYR,TOS,1
LYS,AAE,1
LYS,ACE,1
LYS,ADB,1
LYS,AGA,2
LYS,AGP,2
LYS,AJA,5
LYS,ALG,3
LYS,AMS,2
LYS,ATH,3
LYS,BCN,3
LYS,BES,3
LYS,BEY,1
LYS,BHX,2
LYS,BIA,4
LYS,BIQ,2
LYS,BJA,2
LYS,BLJ,1
LYS,BLQ,2
LYS,BOD,3
LYS,BRU,4
LYS,BSK,1
LYS,BUD,1
LYS,CDG,2
LYS,CFE,1
LYS,CFR,2
LYS,CGN,1
LYS,CLY,1
LYS,CMN,3
LYS,CPH,1
LYS,CTA,3
LYS,CZL,3
LYS,DJE,3
LYS,DUB,1
LYS,DUS,2
LYS,DXB,1
LYS,EDI,1
LYS,ETZ,2
LYS,FCO,5
LYS,FLR,2
LYS,FRA,2
LYS,FSC,1
LYS,FUE,1
LYS,GOT,2
LYS,HEL,1
LYS,HER,2
LYS,IST,1
LYS,KRK,1
LYS,LEH,1
LYS,LGW,1
LYS,LHR,2
LYS,LIG,1
LYS,LIL,2
LYS,LIS,3
LYS,LPA,1
LYS,LRT,2
LYS,LTN,1
LYS,LUX,1
LYS,MAD,2
LYS,MIR,3
LYS,MLA,2
LYS,MLH,1
LYS,MPL,1
LYS,MRS,2
LYS,MUC,1
LYS,MXP,3
LYS,NAP,1
LYS,NCE,3
LYS,NTE,3
LYS,NUE,1
LYS,OPO,2
LYS,ORN,2
LYS,ORY,1
LYS,OUD,1
LYS,PIS,2
LYS,PMI,2
LYS,PRG,2
LYS,PUF,2
LYS,QSF,2
LYS,RAK,3
LYS,RHO,1
LYS,RNS,3
LYS,SPU,1
LYS,STN,1
LYS,STR,1
LYS,SVO,1
LYS,SVQ,4
LYS,SXB,2
LYS,SXF,1
LYS,TLM,1
LYS,TLS,4
LYS,TLV,2
LYS,TNG,1
LYS,TUN,3
LYS,VCE,3
LYS,VIE,3
LYS,YUL,2
LYS,ZRH,2
LZC,MEX,2
LZH,CAN,1
LZH,CKG,1
LZH,CSX,1
LZH,CTU,2
LZH,FOC,1
LZH,HAK,1
LZH,HGH,2
LZH,KMG,2
LZH,NKG,2
LZH,PEK,2
LZH,PVG,1
LZH,SHA,1
LZH,SWA,1
LZH,SYX,1
LZH,SZX,2
LZH,WNZ,1
LZH,WUH,1
LZH,XIY,1
LZH,XMN,2
LZH,ZUH,1
LZN,RMQ,1
LZN,TSA,1
LZO,CAN,2
LZO,CGO,1
LZO,CSX,2
LZO,HAK,1
LZO,HGH,1
LZO,INC,1
LZO,JHG,1
LZO,KMG,1
LZO,KWE,1
LZO,LYA,1
LZO,NGB,1
LZO,NNG,1
LZO,PEK,1
LZO,PVG,1
LZO,SJW,1
LZO,SWA,1
LZO,SZX,1
LZO,TAO,1
LZO,TNA,1
LZO,TSN,1
LZO,WNZ,1
LZO,WUH,1
LZO,XIY,1
LZO,XMN,1
LZO,XNN,1
LZO,ZHA,1
LZO,ZUH,1
LZY,CAN,1
LZY,CTU,4
LZY,LXA,1
MAA,ADD,1
MAA,AMD,4
MAA,AUH,2
MAA,BAH,1
MAA,BBI,1
MAA,BKK,3
MAA,BLR,6
MAA,BOM,7
MAA,CCJ,2
MAA,CCU,3
MAA,CDP,1
MAA,CJB,6
MAA,CMB,6
MAA,CNN,2
MAA,COK,5
MAA,DAC,1
MAA,DEL,5
MAA,DMK,1
MAA,DMM,1
MAA,DOH,2
MAA,DXB,3
MAA,FRA,2
MAA,GAU,2
MAA,GOI,5
MAA,HBX,1
MAA,HKG,2
MAA,HRI,2
MAA,HYD,6
MAA,IDR,1
MAA,ISL,1
MAA,IXB,1
MAA,IXE,1
MAA,IXM,6
MAA,IXZ,7
MAA,JAI,1
MAA,JED,1
MAA,KUL,5
MAA,KWI,2
MAA,LHR,2
MAA,LKO,1
MAA,MCT,2
MAA,MLE,1
MAA,MRU,2
MAA,MYQ,1
MAA,NAG,1
MAA,NRT,1
MAA,PAT,1
MAA,PNQ,3
MAA,RJA,1
MAA,RPR,1
MAA,RUH,1
MAA,RUN,1
MAA,SAG,1
MAA,SHJ,3
MAA,SIN,8
MAA,STV,1
MAA,SXV,1
MAA,TCR,2
MAA,TRV,4
MAA,TRZ,5
MAA,VGA,2
MAA,VNS,2
MAA,VTZ,2
MAB,AUX,1
MAB,BEL,3
MAB,BSB,4
MAB,CKS,1
MAB,IMP,1
MAB,OIA,1
MAB,RDC,1
MAB,TUR,1
MAD,ACC,1
MAD,ACE,4
MAD,ADD,1
MAD,AGP,2
MAD,AHO,1
MAD,ALC,2
MAD,ALG,2
MAD,AMM,2
MAD,AMS,5
MAD,ARN,2
MAD,ASU,1
MAD,ATH,3
MAD,ATL,4
MAD,AUH,1
MAD,BCN,4
MAD,BER,2
MAD,BEY,1
MAD,BGY,1
MAD,BHX,3
MAD,BIO,2
MAD,BJZ,2
MAD,BKK,1
MAD,BLQ,2
MAD,BOD,1
MAD,BOG,3
MAD,BOS,4
MAD,BRI,1
MAD,BRS,1
MAD,BRU,6
MAD,BSL,2
MAD,BTS,1
MAD,BUD,3
MAD,BVA,1
MAD,CAG,1
MAD,CAI,1
MAD,CCS,4
MAD,CDG,5
MAD,CGN,1
MAD,CIA,1
MAD,CLJ,1
MAD,CLO,1
MAD,CMN,3
MAD,CPH,5
MAD,CRA,1
MAD,CRL,1
MAD,CTA,1
MAD,CUN,4
MAD,DBV,1
MAD,DEL,1
MAD,DFW,5
MAD,DJE,1
MAD,DKR,2
MAD,DME,2
MAD,DOH,3
MAD,DSS,1
MAD,DUB,4
MAD,DUS,4
MAD,DWC,1
MAD,DXB,1
MAD,EAS,1
MAD,EDI,1
MAD,EIN,2
MAD,EWR,2
MAD,EZE,3
MAD,FCO,4
MAD,FEZ,1
MAD,FLR,2
MAD,FRA,9
MAD,FUE,5
MAD,GIG,1
MAD,GRU,5
MAD,GRX,1
MAD,GUA,1
MAD,GVA,4
MAD,GYE,3
MAD,HAM,3
MAD,HAV,4
MAD,HEL,2
MAD,HKG,1
MAD,IBZ,6
MAD,ICN,1
MAD,IGR,1
MAD,IST,1
MAD,JED,2
MAD,JFK,10
MAD,JNB,1
MAD,KBP,2
MAD,KEF,1
MAD,KRK,1
MAD,LAD,1
MAD,LAX,5
MAD,LCG,3
MAD,LCY,2
MAD,LDE,1
MAD,LEI,2
MAD,LGW,4
MAD,LHR,2
MAD,LIM,4
MAD,LIN,2
MAD,LIS,6
MAD,LOS,1
MAD,LPA,7
MAD,LPL,1
MAD,LRM,1
MAD,LTN,1
MAD,LUX,2
MAD,LYS,2
MAD,MAH,1
MAD,MAN,3
MAD,MDE,3
MAD,MEX,4
MAD,MIA,7
MAD,MJV,1
MAD,MLA,1
MAD,MLN,1
MAD,MPL,1
MAD,MRS,2
MAD,MUC,4
MAD,MVD,2
MAD,MXP,4
MAD,NAP,3
MAD,NCE,2
MAD,NRT,1
MAD,NTE,2
MAD,OPO,7
MAD,ORD,4
MAD,ORN,1
MAD,ORY,4
MAD,OSL,1
MAD,OTP,4
MAD,OVD,2
MAD,OZZ,1
MAD,PEK,2
MAD,PHL,2
MAD,PMI,6
MAD,PMO,1
MAD,PNA,1
MAD,PRG,5
MAD,PSA,1
MAD,PTY,2
MAD,PUJ,3
MAD,PVG,2
MAD,RAK,4
MAD,RBA,2
MAD,REC,1
MAD,RJL,1
MAD,RNS,2
MAD,RTM,1
MAD,RYG,1
MAD,SAL,1
MAD,SAP,1
MAD,SAW,1
MAD,SBZ,1
MAD,SCL,2
MAD,SCQ,3
MAD,SCU,1
MAD,SDQ,2
MAD,SDR,1
MAD,SJO,1
MAD,SJU,2
MAD,SOF,4
MAD,SPC,2
MAD,SSA,1
MAD,SSG,1
MAD,STN,1
MAD,STR,2
MAD,SVO,2
MAD,SVQ,3
MAD,SXB,1
MAD,SXF,2
MAD,TFN,7
MAD,TFS,3
MAD,TIP,1
MAD,TLS,1
MAD,TLV,3
MAD,TNG,3
MAD,TRN,1
MAD,TSR,1
MAD,TUN,2
MAD,TXL,3
MAD,UIO,3
MAD,VCE,2
MAD,VGO,4
MAD,VIE,3
MAD,VKO,1
MAD,VLC,3
MAD,VNO,1
MAD,VRN,1
MAD,VVI,2
MAD,WAW,1
MAD,WMI,1
MAD,XCR,1
MAD,XIY,1
MAD,XRY,1
MAD,YUL,1
MAD,YYZ,1
MAD,ZAG,1
MAD,ZRH,4
MAF,ABQ,1
MAF,DAL,2
MAF,DEN,1
MAF,DFW,2
MAF,HOU,1
MAF,IAH,1
MAF,LAS,1
MAF,PHX,1
MAG,GKA,1
MAG,HGU,1
MAG,LAE,1
MAG,MAS,1
MAG,POM,1
MAG,VAI,1
MAG,WWK,2
MAH,BCN,3
MAH,BHX,1
MAH,BRU,1
MAH,CGN,2
MAH,DUS,2
MAH,EDI,1
MAH,EMA,3
MAH,FRA,2
MAH,GRO,1
MAH,GVA,1
MAH,HAJ,1
MAH,HAM,1
MAH,LBA,2
MAH,LCY,1
MAH,LGW,3
MAH,LTN,1
MAH,MAD,1
MAH,MAN,3
MAH,MUC,1
MAH,NCL,1
MAH,PMI,3
MAH,PRG,1
MAH,STR,1
MAH,TXL,1
MAH,VIE,1
MAH,VLC,2
MAH,ZRH,1
MAJ,HNL,1
MAJ,INU,1
MAJ,KWA,1
MAJ,PNI,2
MAJ,TRW,1
MAM,MEX,2
MAN,AAR,1
MAN,ABZ,2
MAN,ACE,9
MAN,ADB,1
MAN,ADD,1
MAN,AGA,4
MAN,AGP,6
MAN,ALC,6
MAN,AMS,2
MAN,ARN,3
MAN,ATH,3
MAN,ATL,4
MAN,AUH,1
MAN,AYT,5
MAN,BCN,5
MAN,BFS,2
MAN,BGI,1
MAN,BGO,1
MAN,BGY,1
MAN,BHD,1
MAN,BIO,1
MAN,BJV,4
MAN,BLL,1
MAN,BLQ,1
MAN,BOD,1
MAN,BRE,1
MAN,BRU,2
MAN,BSL,1
MAN,BTS,1
MAN,BUD,3
MAN,BVA,1
MAN,BVC,3
MAN,BZR,1
MAN,CAI,1
MAN,CCC,1
MAN,CCF,1
MAN,CDG,4
MAN,CFU,3
MAN,CGN,1
MAN,CIA,1
MAN,CMF,1
MAN,CMN,1
MAN,CPH,3
MAN,CRL,1
MAN,CTA,2
MAN,CUN,5
MAN,DBV,3
MAN,DLM,6
MAN,DME,1
MAN,DOH,2
MAN,DUB,2
MAN,DUS,3
MAN,DXB,2
MAN,EDI,1
MAN,EWR,2
MAN,EXT,1
MAN,FAO,5
MAN,FCO,1
MAN,FNC,4
MAN,FRA,2
MAN,FUE,6
MAN,GCI,1
MAN,GDN,1
MAN,GIB,2
MAN,GLA,1
MAN,GOT,2
MAN,GRO,1
MAN,GRX,1
MAN,GVA,1
MAN,HAJ,1
MAN,HAM,3
MAN,HEL,3
MAN,HER,3
MAN,HKG,1
MAN,HRG,5
MAN,IAH,1
MAN,IBZ,4
MAN,INV,1
MAN,IOM,1
MAN,ISB,2
MAN,IST,1
MAN,JED,2
MAN,JER,2
MAN,JFK,7
MAN,JMK,1
MAN,JTR,2
MAN,KBP,1
MAN,KEF,2
MAN,KGS,2
MAN,KRK,3
MAN,KTW,1
MAN,LAS,4
MAN,LCA,5
MAN,LCY,1
MAN,LEI,2
MAN,LHE,1
MAN,LHR,5
MAN,LIG,1
MAN,LIS,3
MAN,LPA,7
MAN,MAD,3
MAN,MAH,3
MAN,MBJ,2
MAN,MCO,3
MAN,MJV,2
MAN,MLA,6
MAN,MRS,1
MAN,MUC,6
MAN,MXP,1
MAN,NAP,3
MAN,NBE,5
MAN,NCE,1
MAN,NOC,1
MAN,NQY,1
MAN,NTE,2
MAN,NWI,1
MAN,ORD,5
MAN,ORK,1
MAN,OSL,2
MAN,PFO,8
MAN,PHL,2
MAN,PMI,8
MAN,PRG,2
MAN,PSA,2
MAN,PUJ,3
MAN,PUY,2
MAN,PVK,1
MAN,RAK,4
MAN,REU,3
MAN,RHO,3
MAN,RIX,1
MAN,RMU,1
MAN,RYG,1
MAN,RZE,1
MAN,SID,3
MAN,SIN,1
MAN,SKG,1
MAN,SNN,1
MAN,SOF,1
MAN,SOU,1
MAN,SPC,1
MAN,SPU,1
MAN,SSH,5
MAN,SVG,1
MAN,SXF,2
MAN,SZG,1
MAN,TFS,9
MAN,TIP,1
MAN,TLL,1
MAN,TLS,1
MAN,TLV,1
MAN,TPS,1
MAN,UVF,1
MAN,VCE,4
MAN,VIE,3
MAN,VLC,1
MAN,VRN,2
MAN,WAT,1
MAN,WMI,1
MAN,YVR,1
MAN,YYC,1
MAN,YYZ,1
MAN,ZAD,1
MAN,ZRH,1
MAN,ZTH,3
MAO,BAZ,2
MAO,BEL,4
MAO,BSB,3
MAO,BVB,4
MAO,CAF,1
MAO,CIZ,2
MAO,CNF,1
MAO,CUN,1
MAO,EZE,1
MAO,FOR,3
MAO,GIG,3
MAO,GRU,5
MAO,ITB,1
MAO,LBR,1
MAO,LIM,1
MAO,MIA,4
MAO,PIN,2
MAO,PMV,1
MAO,PTY,1
MAO,PVH,2
MAO,RBR,1
MAO,REC,1
MAO,SJL,1
MAO,SSA,1
MAO,STM,3
MAO,TBT,1
MAO,TFF,2
MAO,TMT,1
MAO,UIO,1
MAO,VCP,1
MAQ,DMK,1
MAR,AUA,3
MAR,CCS,5
MAR,CUR,1
MAR,MIA,1
MAR,PBL,1
MAR,PMV,1
MAR,PTY,2
MAR,VLN,2
MAS,KVG,1
MAS,LAE,1
MAS,MAG,1
MAS,POM,1
MAS,RAB,1
MAU,BOB,1
MAU,PPT,1
MAU,RFP,1
MAZ,SJU,1
MBA,ADD,2
MBA,DOH,1
MBA,DXB,1
MBA,FRA,1
MBA,HAH,1
MBA,HRG,1
MBA,IST,1
MBA,JRO,3
MBA,KGL,1
MBA,LAU,1
MBA,NBO,4
MBA,ZNZ,2
MBE,HND,1
MBI,DAR,1
MBJ,AMS,1
MBJ,ATL,4
MBJ,BOS,1
MBJ,BWI,1
MBJ,CLT,2
MBJ,DFW,2
MBJ,DTW,1
MBJ,EWR,1
MBJ,FLL,3
MBJ,FRA,1
MBJ,GCM,1
MBJ,IAD,1
MBJ,IAH,1
MBJ,IND,1
MBJ,JFK,4
MBJ,KIN,1
MBJ,LGW,1
MBJ,LHR,1
MBJ,LIM,1
MBJ,MCO,2
MBJ,MDW,1
MBJ,MIA,2
MBJ,ORD,4
MBJ,PHL,2
MBJ,PTY,1
MBJ,PUJ,1
MBJ,STL,1
MBJ,VRA,1
MBJ,YHM,1
MBJ,YHZ,3
MBJ,YUL,2
MBJ,YWG,1
MBJ,YYC,1
MBJ,YYZ,3
MBL,MDW,1
MBS,ATL,2
MBS,DTW,1
MBS,MSP,1
MBS,ORD,1
MBT,MNL,1
MCE,LAX,1
MCG,ANC,2
MCG,ANI,2
MCG,NIB,1
MCG,TCT,1
MCI,ABQ,1
MCI,ATL,8
MCI,BNA,1
MCI,BOS,2
MCI,BWI,2
MCI,CLE,1
MCI,CLT,2
MCI,CUN,1
MCI,CVG,1
MCI,DAL,2
MCI,DCA,3
MCI,DEN,4
MCI,DFW,2
MCI,DTW,1
MCI,EWR,1
MCI,FLL,1
MCI,HOU,1
MCI,HRO,1
MCI,IAD,1
MCI,IAH,1
MCI,IND,2
MCI,JAX,1
MCI,LAS,2
MCI,LAX,3
MCI,LGA,1
MCI,MCO,3
MCI,MDW,2
MCI,MEM,1
MCI,MIA,1
MCI,MKE,2
MCI,MSP,3
MCI,MSY,2
MCI,OAK,1
MCI,ORD,3
MCI,PDX,3
MCI,PHL,3
MCI,PHX,3
MCI,PWM,1
MCI,RDU,1
MCI,RSW,1
MCI,SAN,2
MCI,SAT,1
MCI,SEA,4
MCI,SFO,2
MCI,SLC,1
MCI,SLN,1
MCI,STL,2
MCI,TPA,2
MCI,YYZ,2
MCK,DEN,1
MCM,NCE,1
MCN,ATL,1
MCN,MCO,1
MCO,ACY,1
MCO,ALB,3
MCO,AMS,1
MCO,ATL,10
MCO,AUA,1
MCO,AUS,5
MCO,AVL,1
MCO,BDL,6
MCO,BHM,3
MCO,BMI,1
MCO,BNA,5
MCO,BOG,4
MCO,BOS,6
MCO,BQN,2
MCO,BUF,4
MCO,BWI,3
MCO,CAK,3
MCO,CLE,4
MCO,CLT,6
MCO,CMH,4
MCO,COS,1
MCO,CTG,1
MCO,CUN,3
MCO,CVG,3
MCO,DAY,1
MCO,DCA,3
MCO,DEN,4
MCO,DFW,4
MCO,DSM,1
MCO,DTW,3
MCO,DUB,1
MCO,EWR,4
MCO,EYW,2
MCO,FLL,4
MCO,FNT,1
MCO,FRA,2
MCO,GLA,3
MCO,GNV,2
MCO,GRR,3
MCO,GRU,3
MCO,GSO,1
MCO,GSP,1
MCO,GUA,1
MCO,HAV,1
MCO,HOU,2
MCO,HPN,2
MCO,HSV,2
MCO,IAD,3
MCO,IAH,3
MCO,ILG,1
MCO,IND,5
MCO,ISP,3
MCO,JAN,2
MCO,JFK,4
MCO,KIN,2
MCO,LAS,3
MCO,LAX,7
MCO,LBE,1
MCO,LGA,5
MCO,LGW,7
MCO,LHR,1
MCO,LIM,1
MCO,MAN,3
MCO,MBJ,4
MCO,MCI,4
MCO,MCN,1
MCO,MDE,1
MCO,MDT,1
MCO,MDW,2
MCO,MEM,4
MCO,MEX,4
MCO,MHH,2
MCO,MHT,1
MCO,MIA,3
MCO,MKE,4
MCO,MSP,6
MCO,MSY,3
MCO,MYR,1
MCO,NAS,2
MCO,OMA,1
MCO,ONT,1
MCO,ORD,4
MCO,ORF,4
MCO,ORH,1
MCO,PAP,1
MCO,PDX,1
MCO,PHL,5
MCO,PHX,4
MCO,PIT,4
MCO,PNS,2
MCO,POS,1
MCO,PSE,1
MCO,PTY,2
MCO,PVD,4
MCO,PWM,1
MCO,RDU,5
MCO,RIC,4
MCO,ROC,1
MCO,RSW,2
MCO,SAL,2
MCO,SAN,4
MCO,SAP,1
MCO,SAT,4
MCO,SDF,3
MCO,SDQ,4
MCO,SEA,3
MCO,SFO,3
MCO,SJO,2
MCO,SJU,5
MCO,SLC,2
MCO,STL,3
MCO,STT,1
MCO,SWF,1
MCO,SYR,2
MCO,TLH,2
MCO,TPA,1
MCO,TTN,1
MCO,YEG,2
MCO,YHM,1
MCO,YHZ,3
MCO,YOW,2
MCO,YQM,2
MCO,YUL,2
MCO,YVR,1
MCO,YWG,1
MCO,YXU,1
MCO,YYC,1
MCO,YYT,2
MCO,YYZ,5
MCO,ZRH,1
MCP,BEL,4
MCP,BSB,2
MCR,GUA,1
MCT,ADD,2
MCT,AMD,1
MCT,AMM,2
MCT,AMS,1
MCT,ATH,1
MCT,AUH,12
MCT,BAH,4
MCT,BEY,1
MCT,BKK,1
MCT,BLR,1
MCT,BOM,4
MCT,CAI,2
MCT,CAN,1
MCT,CCJ,2
MCT,CDG,1
MCT,CGK,1
MCT,CGP,3
MCT,CMB,4
MCT,CMN,1
MCT,CNN,1
MCT,COK,3
MCT,DAC,2
MCT,DEL,2
MCT,DME,1
MCT,DMM,2
MCT,DOH,6
MCT,DQM,1
MCT,DWC,1
MCT,DXB,6
MCT,FRA,1
MCT,GOI,1
MCT,GWD,1
MCT,HAN,1
MCT,HBE,1
MCT,HYD,2
MCT,IKA,2
MCT,ISB,2
MCT,IST,2
MCT,IXE,1
MCT,JAI,1
MCT,JED,2
MCT,KHI,4
MCT,KHS,1
MCT,KRT,1
MCT,KTM,2
MCT,KUL,2
MCT,KWI,3
MCT,LHE,3
MCT,LHR,2
MCT,LKO,1
MCT,MAA,2
MCT,MAN,1
MCT,MED,2
MCT,MHD,1
MCT,MLE,1
MCT,MNL,1
MCT,MUC,1
MCT,MUX,1
MCT,MXP,1
MCT,NBO,1
MCT,PEW,2
MCT,RUH,3
MCT,SAW,1
MCT,SHJ,1
MCT,SKT,3
MCT,SLL,2
MCT,SYZ,2
MCT,TRV,3
MCT,TUK,1
MCT,ZBR,1
MCT,ZNZ,1
MCT,ZRH,2
MCV,DRW,1
MCW,BRL,1
MCW,FOD,1
MCX,DME,1
MCX,KRR,2
MCX,LED,2
MCX,SCO,1
MCX,SGC,1
MCX,SVO,1
MCX,VKO,1
MCY,ADL,1
MCY,AKL,1
MCY,EMD,1
MCY,MEL,3
MCY,SYD,3
MCZ,AJU,1
MCZ,BSB,4
MCZ,CGH,2
MCZ,EZE,1
MCZ,GIG,2
MCZ,GRU,4
MCZ,POA,1
MCZ,REC,2
MCZ,SSA,2
MCZ,VCP,2
MDC,AMQ,1
MDC,BPN,2
MDC,CGK,5
MDC,DPS,1
MDC,DVO,1
MDC,GLX,1
MDC,GTO,2
MDC,KAZ,2
MDC,LUW,1
MDC,MNA,2
MDC,NAH,2
MDC,SIN,3
MDC,SOQ,2
MDC,SUB,3
MDC,TTE,5
MDC,UPG,3
MDE,ADZ,3
MDE,BAQ,2
MDE,BGA,1
MDE,BOG,3
MDE,CCS,1
MDE,CLO,1
MDE,CTG,3
MDE,CUC,1
MDE,CUR,1
MDE,FLL,2
MDE,JFK,2
MDE,LIM,3
MDE,MAD,3
MDE,MEX,1
MDE,MIA,6
MDE,MTR,3
MDE,PEI,1
MDE,PTY,1
MDE,SAL,1
MDE,SMR,3
MDE,UIO,1
MDG,DLC,3
MDG,ICN,2
MDG,PEK,4
MDG,PVG,1
MDG,SHE,2
MDG,TAO,2
MDG,WEH,1
MDG,YKH,1
MDG,YNT,1
MDK,FIH,1
MDK,GMA,1
MDL,BKK,4
MDL,BMO,1
MDL,DMK,1
MDL,HEH,6
MDL,HKG,1
MDL,HOX,1
MDL,KET,2
MDL,KHM,2
MDL,KMG,2
MDL,KMV,2
MDL,LSH,2
MDL,MYT,7
MDL,NYU,7
MDL,RGN,5
MDL,SIN,1
MDL,THL,5
MDL,WUH,1
MDQ,AEP,2
MDQ,BHI,2
MDQ,COR,1
MDQ,EZE,1
MDT,ATL,4
MDT,BOS,2
MDT,CAE,2
MDT,CLT,2
MDT,DEN,1
MDT,DFW,1
MDT,DTW,1
MDT,IAD,1
MDT,LGA,1
MDT,MCO,1
MDT,ORD,3
MDT,PHL,2
MDT,PIE,1
MDT,SBY,1
MDT,SFB,1
MDT,YYZ,1
MDU,MXH,1
MDU,POM,1
MDW,ABQ,2
MDW,ALB,2
MDW,ATL,5
MDW,AUS,2
MDW,BDL,2
MDW,BHM,2
MDW,BJX,1
MDW,BKG,1
MDW,BNA,2
MDW,BOS,2
MDW,BUF,2
MDW,BUR,1
MDW,BWI,2
MDW,CHS,2
MDW,CLE,2
MDW,CLT,2
MDW,CMH,2
MDW,CUN,2
MDW,CVG,1
MDW,DEN,3
MDW,DGO,1
MDW,DSM,2
MDW,DTW,3
MDW,EWR,2
MDW,FLL,1
MDW,GDL,1
MDW,GRR,1
MDW,GSP,2
MDW,HOU,2
MDW,IAD,2
MDW,ICT,2
MDW,ILG,1
MDW,JAN,2
MDW,JAX,1
MDW,LAS,2
MDW,LAX,2
MDW,LGA,3
MDW,LIT,2
MDW,LUK,1
MDW,MBJ,2
MDW,MBL,1
MDW,MCI,2
MDW,MCO,2
MDW,MEM,2
MDW,MHT,2
MDW,MLM,1
MDW,MSP,4
MDW,MSY,2
MDW,OAK,2
MDW,OKC,2
MDW,OMA,2
MDW,ONT,2
MDW,ORF,2
MDW,PDX,2
MDW,PHL,2
MDW,PHX,2
MDW,PIT,2
MDW,PTK,1
MDW,PUJ,2
MDW,PVD,2
MDW,QRO,1
MDW,RDU,2
MDW,RNO,1
MDW,ROC,2
MDW,RSW,2
MDW,SAN,2
MDW,SAT,2
MDW,SDF,2
MDW,SEA,2
MDW,SFO,2
MDW,SJC,2
MDW,SJD,1
MDW,SJU,1
MDW,SLC,2
MDW,SMF,2
MDW,STL,2
MDW,TPA,2
MDW,TTN,1
MDW,TUL,2
MDW,TUS,2
MDW,YTZ,1
MDW,ZCL,1
MDZ,AEP,2
MDZ,BRC,2
MDZ,COR,2
MDZ,CRD,1
MDZ,EPA,1
MDZ,EZE,1
MDZ,GRU,2
MDZ,IGR,1
MDZ,LIM,1
MDZ,NQN,2
MDZ,PTY,1
MDZ,ROS,1
MDZ,SCL,1
MDZ,SLA,1
MEA,CAW,1
MEA,SDU,2
MEA,VCP,1
MEB,FLS,1
MEC,UIO,3
MED,AAE,1
MED,ADD,1
MED,AHB,1
MED,ALG,1
MED,AMM,2
MED,AUH,2
MED,BAH,2
MED,BOM,1
MED,BTH,1
MED,CAI,2
MED,CCU,1
MED,CDG,1
MED,CGK,2
MED,CMN,1
MED,CPH,1
MED,CZL,1
MED,DMM,3
MED,DOH,1
MED,DXB,3
MED,EIN,1
MED,ELQ,1
MED,ESB,2
MED,FRA,1
MED,GIZ,1
MED,GVA,1
MED,GZT,1
MED,HBE,2
MED,HTY,1
MED,ISB,2
MED,IST,2
MED,JED,4
MED,KHI,2
MED,KRT,1
MED,KUL,2
MED,KWI,2
MED,LHE,2
MED,LKO,1
MED,MCT,1
MED,MRS,1
MED,MRU,1
MED,MUX,3
MED,NBO,1
MED,PEW,1
MED,PLM,1
MED,RBA,1
MED,RUH,3
MED,SAW,2
MED,SFA,1
MED,SHJ,1
MED,SUB,1
MED,TNG,1
MED,TUN,2
MED,TUU,1
MED,ULH,1
MEE,GEA,1
MEG,LAD,1
MEG,VHC,1
MEH,ALF,1
MEH,BJF,1
MEH,BVG,1
MEH,HFT,1
MEH,HVG,1
MEH,VDS,1
MEI,ATL,1
MEL,ABX,1
MEL,ADL,5
MEL,AKL,9
MEL,ASP,2
MEL,AUH,3
MEL,AYQ,1
MEL,BKK,3
MEL,BME,1
MEL,BNE,5
MEL,BNK,1
MEL,BWN,1
MEL,BWT,1
MEL,CAN,1
MEL,CBR,4
MEL,CFS,2
MEL,CGK,1
MEL,CGO,1
MEL,CHC,5
MEL,CMB,1
MEL,CNS,4
MEL,CTU,1
MEL,DBO,1
MEL,DEL,1
MEL,DOH,1
MEL,DPO,1
MEL,DPS,4
MEL,DRW,3
MEL,DXB,2
MEL,HBA,4
MEL,HGH,1
MEL,HKG,3
MEL,HKT,1
MEL,HNL,2
MEL,HTI,3
MEL,KGC,1
MEL,KGI,1
MEL,KNS,1
MEL,KTA,1
MEL,KUL,4
MEL,LAX,5
MEL,LST,3
MEL,MCY,3
MEL,MGB,1
MEL,MIM,1
MEL,MKY,1
MEL,MNL,1
MEL,MQL,3
MEL,NRT,3
MEL,NTL,2
MEL,OAG,1
MEL,OOL,4
MEL,PEK,1
MEL,PER,5
MEL,PHE,1
MEL,PPP,1
MEL,PVG,4
MEL,SCL,1
MEL,SFO,1
MEL,SGN,3
MEL,SIN,8
MEL,SYD,9
MEL,SZX,1
MEL,TPE,1
MEL,TSV,1
MEL,WGA,1
MEL,WLG,6
MEL,WTB,1
MEL,XMN,1
MEL,YVR,1
MEL,ZQN,4
MEM,ATL,7
MEM,AUS,1
MEM,BWI,2
MEM,CLT,2
MEM,CVG,1
MEM,DCA,3
MEM,DEN,3
MEM,DFW,3
MEM,DTW,1
MEM,ELD,1
MEM,EWR,1
MEM,HOT,1
MEM,HOU,2
MEM,HRO,1
MEM,IAH,2
MEM,IND,1
MEM,LAS,2
MEM,LAX,2
MEM,LGA,2
MEM,MCI,1
MEM,MCO,3
MEM,MDW,2
MEM,MIA,2
MEM,MKL,1
MEM,MSP,1
MEM,MSY,2
MEM,ORD,4
MEM,PHL,1
MEM,PHX,1
MEM,PIT,1
MEM,RDU,1
MEM,SAT,1
MEM,SLC,1
MEM,TPA,2
MEM,YYZ,1
MEU,BEL,1
MEU,ORX,1
MEU,STM,1
MEX,ACA,4
MEX,AGU,2
MEX,AMS,2
MEX,ATL,8
MEX,AUS,2
MEX,BCN,1
MEX,BJX,2
MEX,BOG,6
MEX,CCS,1
MEX,CDG,3
MEX,CEN,2
MEX,CJS,4
MEX,CLQ,2
MEX,CLT,2
MEX,CME,2
MEX,CPE,2
MEX,CTM,2
MEX,CUL,4
MEX,CUN,5
MEX,CUU,4
MEX,CVM,2
MEX,CZM,1
MEX,DEN,3
MEX,DFW,6
MEX,DGO,2
MEX,DTW,2
MEX,EWR,1
MEX,EZE,1
MEX,FCO,1
MEX,FRA,1
MEX,GDL,9
MEX,GRU,3
MEX,GUA,2
MEX,GYE,1
MEX,HAV,3
MEX,HMO,3
MEX,HUX,4
MEX,IAD,3
MEX,IAH,8
MEX,ICN,1
MEX,IZT,1
MEX,JAL,2
MEX,JFK,6
MEX,LAP,3
MEX,LAS,5
MEX,LAX,9
MEX,LHR,2
MEX,LIM,4
MEX,LMM,2
MEX,LZC,2
MEX,MAD,4
MEX,MAM,2
MEX,MCO,4
MEX,MDE,1
MEX,MFE,1
MEX,MGA,1
MEX,MIA,9
MEX,MID,5
MEX,MLM,2
MEX,MSP,1
MEX,MTT,2
MEX,MTY,6
MEX,MUC,1
MEX,MXL,2
MEX,MZT,4
MEX,NLD,1
MEX,NRT,2
MEX,OAX,4
MEX,ORD,8
MEX,PAZ,2
MEX,PDS,2
MEX,PHX,3
MEX,PQM,1
MEX,PTY,2
MEX,PUJ,1
MEX,PVG,1
MEX,PVR,4
MEX,PXM,4
MEX,QRO,1
MEX,REX,3
MEX,SAL,3
MEX,SAN,1
MEX,SAP,1
MEX,SAT,5
MEX,SCL,2
MEX,SDQ,1
MEX,SEA,1
MEX,SFO,5
MEX,SJD,4
MEX,SJO,3
MEX,SLC,1
MEX,SLP,2
MEX,SLW,2
MEX,SNA,2
MEX,TAM,2
MEX,TAP,2
MEX,TGZ,4
MEX,TIJ,5
MEX,TPQ,2
MEX,TRC,3
MEX,UIO,2
MEX,VER,3
MEX,VRA,1
MEX,VSA,5
MEX,YUL,2
MEX,YVR,4
MEX,YYZ,4
MEX,ZCL,3
MEX,ZIH,5
MEX,ZLO,3
MFE,DFW,2
MFE,IAH,1
MFE,LAS,1
MFE,MEX,1
MFE,SLP,1
MFM,BKK,2
MFM,CGO,2
MFM,CKG,2
MFM,CNX,1
MFM,CRK,1
MFM,CSX,1
MFM,CTU,2
MFM,CZX,1
MFM,DAD,1
MFM,DMK,1
MFM,FOC,2
MFM,FUK,1
MFM,HAN,1
MFM,HFE,2
MFM,HGH,4
MFM,ICN,3
MFM,JJN,2
MFM,KHH,4
MFM,KIX,2
MFM,KMG,1
MFM,KUL,1
MFM,KWE,1
MFM,MNL,4
MFM,MWX,1
MFM,NGB,2
MFM,NGO,1
MFM,NKG,2
MFM,NNG,2
MFM,NRT,2
MFM,OKJ,1
MFM,PEK,2
MFM,PKX,1
MFM,PNH,1
MFM,PUS,2
MFM,PVG,6
MFM,RMQ,3
MFM,ROR,1
MFM,SHA,4
MFM,SHE,2
MFM,SIN,1
MFM,SWA,1
MFM,TAO,1
MFM,TPE,4
MFM,TSN,1
MFM,TYN,2
MFM,WNZ,1
MFM,WUH,3
MFM,WUX,2
MFM,XIY,1
MFM,XMN,4
MFR,DEN,1
MFR,LAS,1
MFR,LAX,3
MFR,PDX,1
MFR,PHX,1
MFR,SEA,2
MFR,SFO,1
MFR,SLC,1
MFU,LUN,1
MGA,ATL,1
MGA,FLL,1
MGA,GUA,2
MGA,IAH,1
MGA,MEX,1
MGA,MIA,4
MGA,PTY,2
MGA,SAL,3
MGA,SJO,4
MGB,ADL,1
MGB,MEL,1
MGF,CGB,1
MGF,CGH,1
MGF,CGR,1
MGF,CWB,3
MGF,GRU,2
MGF,LDB,1
MGF,POA,1
MGF,VCP,1
MGH,JNB,1
MGL,BSL,1
MGL,FLR,1
MGL,STR,1
MGL,ZRH,1
MGM,ATL,3
MGM,CLT,2
MGM,DCA,1
MGM,DFW,2
MGQ,ADD,1
MGQ,BBO,2
MGQ,EBB,1
MGQ,GGR,2
MGQ,GLK,3
MGQ,HGA,1
MGQ,JIB,3
MGQ,KMU,2
MGQ,NBO,2
MGQ,WJR,2
MGS,RAR,1
MGT,MNG,1
MGW,CKB,1
MGW,IAD,1
MGZ,KAW,2
MGZ,TVY,1
MHC,PMC,1
MHC,SCL,1
MHD,ABD,6
MHD,ACZ,2
MHD,ADU,1
MHD,AJK,1
MHD,AWZ,7
MHD,AZD,4
MHD,BAH,3
MHD,BEY,1
MHD,BGW,2
MHD,BND,3
MHD,BUZ,2
MHD,DEL,1
MHD,DMM,2
MHD,DOH,1
MHD,DXB,1
MHD,DYU,1
MHD,GBT,2
MHD,GSM,4
MHD,HDM,1
MHD,HEA,1
MHD,IFN,6
MHD,IIL,1
MHD,IST,1
MHD,KBL,1
MHD,KDH,1
MHD,KER,1
MHD,KIH,4
MHD,KKS,1
MHD,KSH,3
MHD,KWI,6
MHD,LHE,2
MHD,MED,1
MHD,MRX,1
MHD,MZR,1
MHD,NJF,5
MHD,NSH,1
MHD,PGU,3
MHD,RAS,3
MHD,RUD,1
MHD,RZR,1
MHD,SHJ,1
MHD,SRY,6
MHD,SYZ,7
MHD,TBZ,4
MHD,THR,7
MHD,UET,1
MHD,XBJ,1
MHD,ZAH,4
MHD,ZBR,1
MHG,TXL,1
MHH,FLL,3
MHH,JAX,2
MHH,MCO,2
MHH,MIA,2
MHH,NAS,2
MHH,PBI,3
MHH,TCB,1
MHK,DFW,2
MHK,ORD,2
MHQ,ARN,1
MHQ,HEL,2
MHQ,TKU,2
MHT,ATL,2
MHT,BWI,2
MHT,CLT,2
MHT,DCA,2
MHT,DTW,1
MHT,EWR,1
MHT,IAD,1
MHT,LGA,1
MHT,MCO,1
MHT,MDW,2
MHT,MSP,1
MHT,ORD,2
MHT,PHL,2
MHT,TPA,2
MIA,ABI,1
MIA,AMS,3
MIA,ANC,1
MIA,ANF,1
MIA,ANU,2
MIA,APF,1
MIA,ASU,2
MIA,ATL,13
MIA,AUA,5
MIA,AUS,1
MIA,BAQ,4
MIA,BCN,5
MIA,BDA,2
MIA,BDL,2
MIA,BEL,2
MIA,BGI,2
MIA,BHM,2
MIA,BLA,1
MIA,BNA,2
MIA,BOG,8
MIA,BON,1
MIA,BOS,2
MIA,BRU,1
MIA,BSB,3
MIA,BWI,3
MIA,BZE,2
MIA,CAE,1
MIA,CAP,1
MIA,CCS,3
MIA,CDG,8
MIA,CHS,2
MIA,CLE,2
MIA,CLO,5
MIA,CLT,2
MIA,CMH,2
MIA,CMN,1
MIA,CNF,3
MIA,COR,1
MIA,CPH,1
MIA,CTG,4
MIA,CUN,3
MIA,CUR,4
MIA,CVG,2
MIA,CWB,2
MIA,CYB,1
MIA,CZM,2
MIA,DCA,2
MIA,DEN,3
MIA,DFW,2
MIA,DOH,1
MIA,DTW,3
MIA,DUB,1
MIA,DUS,3
MIA,EGE,1
MIA,ELH,2
MIA,EWR,4
MIA,EYW,2
MIA,EZE,4
MIA,FCO,2
MIA,FDF,2
MIA,FLL,2
MIA,FOR,2
MIA,FPO,2
MIA,FRA,2
MIA,GCM,3
MIA,GDL,1
MIA,GEO,2
MIA,GGT,2
MIA,GIG,3
MIA,GND,2
MIA,GNV,2
MIA,GRR,1
MIA,GRU,4
MIA,GSO,2
MIA,GSP,1
MIA,GUA,7
MIA,GYE,3
MIA,HAV,2
MIA,HEL,1
MIA,IAD,3
MIA,IAH,5
MIA,IND,2
MIA,IST,1
MIA,JAX,2
MIA,JFK,4
MIA,KIN,2
MIA,LAS,3
MIA,LAX,4
MIA,LGA,3
MIA,LGG,2
MIA,LHR,8
MIA,LIM,5
MIA,LIR,2
MIA,LIS,2
MIA,LPB,2
MIA,LRM,2
MIA,MAD,6
MIA,MAO,5
MIA,MAR,1
MIA,MBJ,2
MIA,MCI,1
MIA,MCO,2
MIA,MDE,5
MIA,MEM,2
MIA,MEX,9
MIA,MGA,4
MIA,MHH,2
MIA,MID,3
MIA,MSP,3
MIA,MSY,5
MIA,MTY,1
MIA,MUC,1
MIA,MVD,2
MIA,MXP,5
MIA,NAS,3
MIA,OKC,1
MIA,OMA,1
MIA,ORD,4
MIA,ORF,2
MIA,OSL,1
MIA,PAP,4
MIA,PEI,1
MIA,PHL,2
MIA,PHX,2
MIA,PIT,2
MIA,PLS,2
MIA,PNS,2
MIA,POP,2
MIA,POS,3
MIA,PTP,3
MIA,PTY,5
MIA,PUJ,6
MIA,PWM,1
MIA,RDU,2
MIA,REC,4
MIA,RIC,2
MIA,RTB,2
MIA,SAL,4
MIA,SAN,2
MIA,SAP,4
MIA,SAT,1
MIA,SAV,1
MIA,SCL,3
MIA,SDF,2
MIA,SDQ,5
MIA,SEA,2
MIA,SFO,4
MIA,SHV,1
MIA,SJO,3
MIA,SJU,2
MIA,SKB,3
MIA,SSA,4
MIA,STI,2
MIA,STL,2
MIA,STN,1
MIA,STT,3
MIA,STX,2
MIA,SVD,1
MIA,SVO,2
MIA,SXM,2
MIA,TGU,2
MIA,TLH,2
MIA,TPA,2
MIA,TUL,2
MIA,TXL,2
MIA,TYS,1
MIA,UIO,4
MIA,UVF,2
MIA,VCP,2
MIA,VIE,1
MIA,VKO,1
MIA,WAW,1
MIA,XNA,1
MIA,YUL,4
MIA,YYZ,4
MIA,ZRH,2
MID,BZE,1
MID,CUN,1
MID,GDL,2
MID,HAV,1
MID,IAH,1
MID,MEX,4
MID,MIA,3
MID,MTY,2
MID,VSA,2
MIG,CAN,1
MIG,CGO,2
MIG,CSX,2
MIG,DLU,1
MIG,HAK,1
MIG,HFE,1
MIG,KHN,1
MIG,KMG,2
MIG,KWE,1
MIG,KWL,1
MIG,LHW,1
MIG,LJG,1
MIG,LXA,1
MIG,NGB,1
MIG,NKG,4
MIG,PEK,2
MIG,PKX,1
MIG,PVG,2
MIG,SHA,1
MIG,SHE,1
MIG,SJW,1
MIG,SYX,2
MIG,SZX,4
MIG,TSN,1
MIG,WUH,1
MIG,XIY,1
MIG,XNN,1
MII,JTC,1
MII,VCP,1
MIM,MEL,1
MIM,MYA,1
MIM,OOM,1
MIM,SYD,1
MIR,BRU,1
MIR,CDG,2
MIR,DUS,2
MIR,FRA,1
MIR,GVA,1
MIR,HAM,1
MIR,LYS,2
MIR,MRS,1
MIR,MUC,1
MIR,NCE,1
MIR,NTE,1
MIR,ORY,2
MIR,TIP,2
MIR,TUN,2
MIS,BUA,1
MIS,GUR,1
MJC,ABJ,1
MJC,KEO,1
MJD,KHI,1
MJD,SKZ,1
MJF,BOO,1
MJF,MQN,1
MJF,OSY,1
MJF,SSJ,1
MJF,TRD,1
MJI,AMM,2
MJI,BEN,1
MJI,GHT,1
MJI,HBE,2
MJI,IST,4
MJI,MIR,1
MJI,NIM,1
MJI,SEB,1
MJI,SFA,2
MJI,TUN,3
MJK,CVQ,1
MJM,FBM,1
MJM,FIH,1
MJM,LJA,1
MJN,DZA,2
MJN,TNR,1
MJT,AMS,1
MJT,ATH,2
MJT,DUS,1
MJT,JKH,1
MJT,LXS,1
MJT,MUC,1
MJT,RHO,1
MJT,SKG,2
MJT,VIE,1
MJU,UPG,2
MJV,BFS,1
MJV,BHX,1
MJV,BOH,1
MJV,BRS,1
MJV,DUB,1
MJV,EDI,1
MJV,EIN,1
MJV,EMA,2
MJV,LBA,2
MJV,LGW,1
MJV,LTN,1
MJV,MAD,1
MJV,MAN,2
MJV,NCL,1
MJV,OSL,1
MJV,PIK,1
MJV,STN,1
MJZ,DME,2
MJZ,IKT,1
MJZ,KJA,2
MJZ,OVB,3
MJZ,PYJ,1
MJZ,SVX,1
MJZ,YKS,3
MKE,ATL,7
MKE,BOS,3
MKE,BWI,2
MKE,CLE,2
MKE,CLT,2
MKE,CUN,1
MKE,CVG,1
MKE,DAY,1
MKE,DCA,2
MKE,DEN,4
MKE,DFW,2
MKE,DTW,1
MKE,EWR,1
MKE,FLL,2
MKE,IAH,1
MKE,LAS,2
MKE,LAX,2
MKE,LGA,2
MKE,LNK,1
MKE,MCI,2
MKE,MCO,3
MKE,MSP,3
MKE,MSY,2
MKE,ORD,3
MKE,PHL,2
MKE,PHX,4
MKE,RSW,2
MKE,SEA,4
MKE,SFO,2
MKE,SLC,1
MKE,STL,3
MKE,TPA,2
MKE,TVC,1
MKE,YYZ,1
MKG,ORD,1
MKK,HNL,2
MKK,LUP,1
MKK,OGG,1
MKL,BNA,1
MKL,MEM,1
MKM,KCH,1
MKM,MYY,1
MKM,SBW,1
MKM,TGC,1
MKP,FHZ,1
MKP,PPT,1
MKQ,DJJ,3
MKQ,TMH,1
MKW,AMQ,1
MKW,DJJ,2
MKW,FKQ,2
MKW,KNG,1
MKW,SOQ,2
MKW,UPG,1
MKY,BNE,3
MKY,MEL,1
MKY,ROK,1
MKY,SYD,1
MKY,TSV,1
MKZ,KBR,1
MKZ,PKU,1
MLA,AGP,1
MLA,ALG,1
MLA,AMM,1
MLA,AMS,2
MLA,ARN,1
MLA,ATH,3
MLA,BCN,3
MLA,BEN,1
MLA,BFS,1
MLA,BGY,1
MLA,BHX,2
MLA,BLL,1
MLA,BLQ,1
MLA,BOH,1
MLA,BRI,1
MLA,BRS,2
MLA,BRU,2
MLA,BTS,1
MLA,BUD,3
MLA,BVA,1
MLA,CAG,1
MLA,CAI,1
MLA,CDG,2
MLA,CGN,1
MLA,CMN,1
MLA,CPH,1
MLA,CRL,1
MLA,CTA,4
MLA,CWL,2
MLA,DME,1
MLA,DOH,1
MLA,DUB,1
MLA,DUS,2
MLA,EDI,1
MLA,EIN,1
MLA,EMA,2
MLA,EXT,2
MLA,FCO,4
MLA,FRA,2
MLA,GDN,1
MLA,GLA,1
MLA,GRO,1
MLA,GSE,1
MLA,GVA,1
MLA,HAM,1
MLA,INI,1
MLA,IST,2
MLA,KBP,1
MLA,KRK,1
MLA,KUN,1
MLA,LBA,1
MLA,LCA,2
MLA,LED,1
MLA,LEJ,1
MLA,LGW,4
MLA,LHR,1
MLA,LIN,2
MLA,LIS,1
MLA,LPL,1
MLA,LTN,1
MLA,LUX,2
MLA,LYS,2
MLA,MAD,2
MLA,MAN,5
MLA,MRS,2
MLA,MST,1
MLA,MUC,2
MLA,NAP,1
MLA,NBE,1
MLA,NCL,2
MLA,NTE,2
MLA,NUE,1
MLA,NWI,1
MLA,NYO,1
MLA,ORY,3
MLA,OSL,1
MLA,PEG,1
MLA,PIK,1
MLA,PMO,1
MLA,POZ,1
MLA,PRG,2
MLA,PSA,1
MLA,PSR,1
MLA,RIX,2
MLA,RYG,1
MLA,SAW,2
MLA,SEN,1
MLA,STN,1
MLA,SUF,1
MLA,SVO,2
MLA,SVQ,1
MLA,SXF,1
MLA,TIP,3
MLA,TLL,1
MLA,TLS,2
MLA,TLV,1
MLA,TPS,1
MLA,TRF,1
MLA,TRN,1
MLA,TSF,1
MLA,TUN,2
MLA,TXL,1
MLA,VIE,4
MLA,VLC,1
MLA,VNO,1
MLA,WRO,1
MLA,ZRH,2
MLB,ATL,3
MLB,CLT,2
MLB,PHL,1
MLE,AUH,2
MLE,BKK,2
MLE,BLR,1
MLE,CAN,1
MLE,CDG,1
MLE,CMB,12
MLE,COK,1
MLE,DDD,1
MLE,DOH,1
MLE,DRV,2
MLE,DWC,1
MLE,DXB,1
MLE,FCO,1
MLE,FRA,2
MLE,FVM,1
MLE,GAN,2
MLE,GKK,1
MLE,HAQ,1
MLE,HKG,2
MLE,HRI,2
MLE,IFU,1
MLE,IST,1
MLE,KDM,1
MLE,KDO,1
MLE,KUL,1
MLE,LGW,1
MLE,MAA,1
MLE,MCT,1
MLE,MXP,1
MLE,PEK,2
MLE,PVG,2
MLE,RUH,1
MLE,SIN,3
MLE,SVO,1
MLE,TMF,1
MLE,TRV,2
MLE,VAM,1
MLE,VIE,1
MLE,VKO,1
MLE,ZRH,1
MLG,CGK,3
MLG,DPS,1
MLG,HLP,1
MLH,ALG,1
MLH,BEG,1
MLH,CZL,2
MLH,LYS,1
MLH,MRS,1
MLH,ORN,1
MLH,ORY,1
MLH,QSF,1
MLH,SKP,1
MLH,TZL,1
MLI,ATL,3
MLI,AZA,1
MLI,DEN,1
MLI,DFW,2
MLI,DTW,1
MLI,LAS,1
MLI,MSP,1
MLI,ORD,3
MLI,PIE,1
MLI,SFB,1
MLL,PQS,1
MLL,RSH,1
MLM,DFW,3
MLM,IAH,1
MLM,LAX,1
MLM,MDW,1
MLM,MEX,2
MLM,SFO,1
MLM,TIJ,1
MLN,AGP,3
MLN,BCN,1
MLN,GRX,1
MLN,LEI,1
MLN,LPA,1
MLN,MAD,1
MLN,PMI,1
MLN,SVQ,1
MLO,ATH,2
MLU,ATL,3
MLU,DFW,2
MLU,IAH,1
MLW,ACC,1
MLW,FNA,1
MLX,ESB,1
MLX,IST,2
MLX,SAW,1
MLY,MNT,1
MMB,CTS,2
MMB,HND,3
MMB,NGO,1
MME,ABZ,1
MME,AMS,2
MME,BHD,1
MME,CWL,1
MME,DUB,1
MME,SOU,1
MMH,LAX,2
MMJ,CTS,1
MMJ,FUK,1
MMK,ARH,1
MMK,CEE,1
MMK,DME,1
MMK,LED,3
MMK,SVO,2
MMK,TOS,1
MMK,VKO,1
MMO,RAI,1
MMU,CVG,1
MMU,LUK,1
MMX,AGP,1
MMX,ARN,2
MMX,BEG,1
MMX,BMA,2
MMX,BUD,1
MMX,GDN,1
MMX,INI,1
MMX,KTW,1
MMX,OHD,1
MMX,ORB,1
MMX,OTP,1
MMX,SKP,1
MMX,STN,1
MMX,TZL,1
MMX,VBY,2
MMX,WAW,1
MMY,HND,2
MMY,ISG,2
MMY,KIX,1
MMY,NGO,1
MMY,OKA,3
MMY,TRA,1
MNA,MDC,1
MNC,MPM,1
MNG,DRW,1
MNG,ELC,1
MNG,MGT,1
MNL,AKL,1
MNL,AUH,2
MNL,BAH,2
MNL,BCD,3
MNL,BKI,2
MNL,BKK,5
MNL,BNE,1
MNL,BSO,3
MNL,BWN,2
MNL,BXU,3
MNL,CAN,4
MNL,CBO,3
MNL,CEB,6
MNL,CGK,3
MNL,CGY,4
MNL,CRM,2
MNL,CTS,1
MNL,CYP,1
MNL,CYZ,2
MNL,DGT,3
MNL,DMK,1
MNL,DMM,2
MNL,DOH,2
MNL,DPL,2
MNL,DPS,3
MNL,DRW,1
MNL,DVO,4
MNL,DWC,2
MNL,DXB,3
MNL,FUK,2
MNL,GES,3
MNL,GUM,3
MNL,HAN,2
MNL,HKG,8
MNL,HKT,1
MNL,HND,4
MNL,HNL,1
MNL,IAO,1
MNL,ICN,6
MNL,ILO,4
MNL,IST,1
MNL,JED,1
MNL,JFK,1
MNL,JJN,2
MNL,KHH,2
MNL,KIX,4
MNL,KLO,6
MNL,KUL,4
MNL,LAO,2
MNL,LAX,1
MNL,LGP,4
MNL,LHR,1
MNL,MBT,2
MNL,MEL,2
MNL,MFM,4
MNL,MPH,4
MNL,MYY,1
MNL,NGO,3
MNL,NRT,5
MNL,OZC,3
MNL,PAG,1
MNL,PEK,3
MNL,PNH,1
MNL,POM,2
MNL,PPS,5
MNL,PUS,3
MNL,PVG,4
MNL,REP,1
MNL,ROR,1
MNL,RUH,2
MNL,RXS,3
MNL,SFO,1
MNL,SGN,4
MNL,SIN,5
MNL,SJI,1
MNL,SUG,2
MNL,SYD,3
MNL,SZX,2
MNL,TAC,4
MNL,TAG,3
MNL,TBH,1
MNL,TPE,7
MNL,TUG,3
MNL,USU,3
MNL,VRC,1
MNL,WNP,3
MNL,XMN,4
MNL,YVR,1
MNL,YYZ,1
MNL,ZAM,3
MNS,LUN,1
MNT,FAI,1
MOB,ATL,3
MOB,CLT,2
MOB,DFW,2
MOB,IAH,1
MOB,MSY,1
MOB,ORD,1
MOC,CNF,2
MOC,GRU,1
MOC,PLU,1
MOD,SFO,1
MOF,DPS,1
MOF,KOE,2
MOI,RAR,1
MOL,ALC,1
MOL,BGO,1
MOL,CPH,1
MOL,KSU,1
MOL,LPA,1
MOL,OSL,2
MOL,SRP,1
MOQ,TLE,1
MOQ,TNR,1
MOT,AZA,1
MOT,DEN,2
MOT,IAH,1
MOT,LAS,1
MOT,MSP,1
MOU,KSM,1
MOU,PQS,1
MOV,BNE,2
MOV,CNS,1
MOV,TSV,1
MOZ,BOB,1
MOZ,HUH,1
MOZ,PPT,1
MOZ,RFP,1
MPA,ERS,1
MPA,NDU,1
MPH,CEB,1
MPH,MNL,3
MPL,AGA,1
MPL,AJA,1
MPL,ALG,1
MPL,AMS,1
MPL,ATH,1
MPL,BCN,1
MPL,BRU,1
MPL,BSL,1
MPL,CDG,2
MPL,CMN,2
MPL,CRL,1
MPL,CZL,1
MPL,DJE,1
MPL,DUS,1
MPL,FAO,1
MPL,FCO,3
MPL,FEZ,1
MPL,FRA,1
MPL,HER,1
MPL,HHN,1
MPL,IBZ,1
MPL,LBA,1
MPL,LGW,1
MPL,LIL,1
MPL,LIS,1
MPL,LTN,1
MPL,LYS,1
MPL,MAD,1
MPL,NDR,1
MPL,NTE,3
MPL,ORN,1
MPL,ORY,1
MPL,OUD,1
MPL,PMI,1
MPL,PMO,1
MPL,RAK,1
MPL,RTM,1
MPL,SVQ,1
MPL,SXB,2
MPL,TNG,1
MPL,TUN,1
MPM,ADD,1
MPM,APL,2
MPM,BEW,3
MPM,CPT,1
MPM,DUR,2
MPM,INH,1
MPM,JNB,5
MPM,LAD,1
MPM,LIS,1
MPM,MNC,1
MPM,NBO,1
MPM,POL,2
MPM,TET,3
MPM,UEL,3
MPM,VNX,1
MPM,VPY,2
MPN,COR,1
MPN,PUQ,1
MPN,RGL,1
MPP,PAC,1
MQF,SVO,1
MQF,SVX,1
MQH,BSB,1
MQJ,YKS,2
MQL,ADL,1
MQL,BHQ,1
MQL,MEL,3
MQL,SYD,1
MQM,ADB,1
MQM,ESB,1
MQM,IST,1
MQM,SAW,2
MQN,BOO,1
MQN,MJF,1
MQN,RVK,1
MQN,TRD,1
MQP,ASS,1
MQP,CPT,2
MQP,DUR,1
MQP,JNB,2
MQP,LDZ,1
MQP,LVI,1
MQP,NGL,1
MQP,PZL,1
MQP,SZK,1
MQP,ULX,1
MQQ,SRH,1
MQT,DTW,1
MQT,MSP,1
MQT,ORD,2
MQX,ADD,1
MQX,HUE,1
MQX,SHC,1
MQX,SZE,1
MRA,AMM,1
MRA,BEN,2
MRA,CAI,1
MRA,HBE,1
MRA,IST,3
MRA,SFA,2
MRA,TUN,3
MRD,CCS,2
MRE,WIL,3
MRI,DEN,1
MRS,AAE,2
MRS,AGA,1
MRS,AGB,1
MRS,AGP,2
MRS,AJA,4
MRS,ALG,4
MRS,AMS,2
MRS,ATH,3
MRS,BCN,2
MRS,BES,2
MRS,BIA,4
MRS,BIQ,1
MRS,BJA,2
MRS,BLJ,1
MRS,BOD,3
MRS,BRU,1
MRS,BSL,1
MRS,CAG,1
MRS,CDG,8
MRS,CFK,1
MRS,CFR,3
MRS,CHQ,1
MRS,CIA,1
MRS,CLY,3
MRS,CMN,1
MRS,CRL,1
MRS,CTA,1
MRS,CZL,2
MRS,DJE,2
MRS,DUB,1
MRS,DUS,1
MRS,DZA,1
MRS,EDI,1
MRS,EIN,1
MRS,ESU,1
MRS,ETZ,2
MRS,FCO,3
MRS,FEZ,1
MRS,FRA,2
MRS,FSC,3
MRS,GSE,1
MRS,GVA,2
MRS,HER,1
MRS,IBZ,1
MRS,IST,2
MRS,LGW,1
MRS,LHR,2
MRS,LIL,3
MRS,LIS,2
MRS,LRH,1
MRS,LTN,1
MRS,LYS,2
MRS,MAD,2
MRS,MIR,1
MRS,MLA,2
MRS,MLH,1
MRS,MUC,1
MRS,MXP,4
MRS,NDR,1
MRS,NTE,4
MRS,OPO,1
MRS,ORN,2
MRS,ORY,2
MRS,OTP,1
MRS,OUD,1
MRS,OZZ,1
MRS,PMI,3
MRS,PMO,1
MRS,PRG,2
MRS,PUF,1
MRS,QSF,2
MRS,RAK,3
MRS,RBA,2
MRS,RNS,2
MRS,RUN,1
MRS,SAW,1
MRS,STN,1
MRS,SVO,2
MRS,SVQ,1
MRS,SXB,2
MRS,TLM,2
MRS,TLS,2
MRS,TLV,2
MRS,TNG,1
MRS,TNR,1
MRS,TUF,1
MRS,TUN,2
MRS,TXL,1
MRS,VCE,2
MRS,VLC,1
MRS,WMI,1
MRS,YUL,1
MRS,ZAD,1
MRU,BLR,2
MRU,BOM,2
MRU,CDG,2
MRU,CPT,1
MRU,DAR,1
MRU,DEL,2
MRU,DUR,1
MRU,DXB,2
MRU,FCO,2
MRU,FRA,2
MRU,GVA,1
MRU,HKG,1
MRU,IST,1
MRU,JED,1
MRU,JNB,3
MRU,KUL,2
MRU,LGW,2
MRU,LHR,1
MRU,MAA,1
MRU,NBO,2
MRU,ORY,1
MRU,PEK,1
MRU,PER,1
MRU,PVG,1
MRU,RRG,1
MRU,RUN,4
MRU,SEZ,1
MRU,SIN,1
MRU,TNR,3
MRU,VIE,1
MRU,VKO,1
MRU,ZRH,1
MRU,ZSE,3
MRV,ASF,1
MRV,DME,3
MRV,DWC,1
MRV,DXB,2
MRV,DYU,1
MRV,EVN,1
MRV,GYD,1
MRV,KZN,1
MRV,LED,3
MRV,PEE,1
MRV,RTW,1
MRV,SAW,1
MRV,SCO,1
MRV,SVO,2
MRV,SVX,4
MRV,TAS,2
MRV,TLV,1
MRV,URS,1
MRV,VKO,2
MRX,IFN,1
MRX,THR,1
MRY,DEN,1
MRY,DFW,1
MRY,LAS,1
MRY,LAX,4
MRY,PHX,2
MRY,SAN,1
MRY,SFO,1
MRZ,SYD,1
MSA,XBE,1
MSA,YXL,1
MSA,ZPB,1
MSA,ZRJ,1
MSJ,HND,1
MSJ,ITM,1
MSL,ATL,2
MSL,BNA,1
MSN,ATL,3
MSN,CLT,1
MSN,CVG,1
MSN,DCA,1
MSN,DEN,2
MSN,DFW,2
MSN,DTW,1
MSN,EWR,1
MSN,LGA,1
MSN,MSP,2
MSN,ORD,3
MSN,PHL,1
MSN,PHX,1
MSN,SLC,1
MSO,AZA,1
MSO,DEN,1
MSO,DFW,1
MSO,LAS,1
MSO,MSP,1
MSO,PDX,1
MSO,SEA,1
MSO,SLC,1
MSP,ABQ,1
MSP,ABR,1
MSP,ALB,1
MSP,AMS,2
MSP,ANC,1
MSP,APN,1
MSP,ATL,8
MSP,ATW,1
MSP,ATY,1
MSP,AUS,1
MSP,AZO,1
MSP,BDL,1
MSP,BHM,1
MSP,BIL,1
MSP,BIS,1
MSP,BJI,1
MSP,BMI,1
MSP,BNA,2
MSP,BOI,1
MSP,BOS,2
MSP,BRD,1
MSP,BUF,1
MSP,BWI,2
MSP,BZN,1
MSP,CDG,2
MSP,CHA,1
MSP,CID,1
MSP,CIU,1
MSP,CLE,2
MSP,CLT,3
MSP,CMH,2
MSP,CUN,3
MSP,CVG,1
MSP,CWA,1
MSP,DAY,1
MSP,DCA,4
MSP,DEN,6
MSP,DFW,5
MSP,DIK,1
MSP,DLH,1
MSP,DSM,1
MSP,DTW,1
MSP,DUB,1
MSP,EWR,3
MSP,FAR,1
MSP,FCA,1
MSP,FLL,1
MSP,FNT,1
MSP,FOD,1
MSP,FRA,1
MSP,FSD,1
MSP,FWA,1
MSP,GEG,1
MSP,GFK,1
MSP,GRB,1
MSP,GRR,1
MSP,GTF,1
MSP,HIB,1
MSP,HLN,1
MSP,HND,1
MSP,IAD,2
MSP,IAH,3
MSP,ICN,1
MSP,ICT,1
MSP,IMT,1
MSP,IND,1
MSP,INL,1
MSP,ISN,1
MSP,IWD,1
MSP,JAC,1
MSP,JAX,1
MSP,JFK,2
MSP,LAN,2
MSP,LAS,3
MSP,LAX,7
MSP,LEX,1
MSP,LGA,2
MSP,LHR,4
MSP,LNK,1
MSP,LSE,1
MSP,MBS,1
MSP,MCI,3
MSP,MCO,4
MSP,MCW,1
MSP,MDW,4
MSP,MEM,1
MSP,MEX,1
MSP,MIA,3
MSP,MKE,3
MSP,MLI,1
MSP,MOT,1
MSP,MQT,1
MSP,MSN,1
MSP,MSO,1
MSP,MSY,4
MSP,NRT,1
MSP,OAK,1
MSP,OKC,1
MSP,OMA,1
MSP,ORD,7
MSP,ORF,1
MSP,PDX,3
MSP,PHL,4
MSP,PHX,6
MSP,PIA,1
MSP,PIT,3
MSP,PSC,1
MSP,PSP,2
MSP,PUJ,2
MSP,PVR,1
MSP,RAP,1
MSP,RDU,1
MSP,RHI,1
MSP,RIC,1
MSP,ROC,1
MSP,RST,1
MSP,RSW,2
MSP,SAN,3
MSP,SAT,1
MSP,SAV,1
MSP,SBN,1
MSP,SDF,1
MSP,SEA,5
MSP,SFO,5
MSP,SJC,1
MSP,SJD,1
MSP,SLC,1
MSP,SMF,1
MSP,SNA,1
MSP,STL,3
MSP,SYR,1
MSP,TPA,1
MSP,TUL,1
MSP,TUS,1
MSP,TVC,1
MSP,TVF,1
MSP,TYS,1
MSP,XNA,1
MSP,XWA,1
MSP,YEG,1
MSP,YQR,1
MSP,YUL,2
MSP,YVR,1
MSP,YWG,1
MSP,YXE,1
MSP,YYC,1
MSP,YYZ,4
MSQ,AER,1
MSQ,ALA,1
MSQ,AMS,1
MSQ,ARN,1
MSQ,ASB,1
MSQ,AUH,2
MSQ,BCN,1
MSQ,BEG,1
MSQ,BEY,1
MSQ,BUD,2
MSQ,BUS,1
MSQ,CDG,1
MSQ,CRL,1
MSQ,DME,3
MSQ,EVN,1
MSQ,FCO,1
MSQ,FRA,2
MSQ,GOJ,1
MSQ,GVA,1
MSQ,GYD,1
MSQ,HAJ,1
MSQ,HEL,2
MSQ,HRK,1
MSQ,IEV,1
MSQ,IKA,1
MSQ,IST,2
MSQ,KBP,2
MSQ,KGD,1
MSQ,KIV,1
MSQ,KRR,1
MSQ,KUF,1
MSQ,KUT,1
MSQ,KZN,1
MSQ,LCA,1
MSQ,LED,3
MSQ,LGW,1
MSQ,LWO,1
MSQ,MXP,1
MSQ,NCE,1
MSQ,ODS,1
MSQ,PRG,2
MSQ,RIX,2
MSQ,ROV,1
MSQ,SVO,1
MSQ,SVX,1
MSQ,SXF,1
MSQ,TBS,1
MSQ,TLV,1
MSQ,TSE,1
MSQ,VIE,3
MSQ,VNO,1
MSQ,VOZ,1
MSQ,WAW,2
MSQ,ZIA,1
MSR,ESB,1
MSR,IST,1
MSR,SAW,1
MSR,YEI,1
MSS,ALB,1
MST,ALC,1
MST,AYT,1
MST,BRI,1
MST,FAO,1
MST,GRO,1
MST,GVA,1
MST,HER,1
MST,ISL,1
MST,LCA,1
MST,OPO,1
MST,PMI,1
MST,RUH,1
MST,TFS,1
MST,TPS,1
MSU,JNB,2
MSW,ASM,1
MSY,ATL,9
MSY,AUS,3
MSY,BNA,2
MSY,BOS,2
MSY,BWI,2
MSY,CLE,2
MSY,CLT,2
MSY,CMH,1
MSY,CVG,1
MSY,DAL,2
MSY,DCA,2
MSY,DEN,5
MSY,DFW,6
MSY,DTW,5
MSY,EWR,6
MSY,EYW,2
MSY,FLL,3
MSY,HOU,2
MSY,IAD,3
MSY,IAH,4
MSY,IND,1
MSY,JFK,11
MSY,LAS,2
MSY,LAX,10
MSY,LGA,3
MSY,LHR,1
MSY,MCI,2
MSY,MCO,3
MSY,MDW,2
MSY,MEM,2
MSY,MIA,5
MSY,MKE,2
MSY,MSP,4
MSY,OAK,1
MSY,ORD,9
MSY,PHL,2
MSY,PHX,2
MSY,PTY,1
MSY,RDU,3
MSY,SAN,2
MSY,SAT,1
MSY,SEA,1
MSY,SFO,2
MSY,SLC,2
MSY,STL,2
MSY,TPA,3
MSY,YUL,1
MSY,YYZ,2
MSZ,LAD,1
MTJ,DEN,1
MTJ,DFW,1
MTJ,LAX,1
MTJ,LGA,1
MTJ,ORD,1
MTJ,PHX,1
MTJ,STL,1
MTM,KTN,3
MTR,BAQ,1
MTR,BOG,2
MTR,CTG,1
MTR,EOH,1
MTR,MDE,1
MTS,JNB,1
MTT,MEX,2
MTV,SLH,1
MTV,TOH,1
MTV,ZGU,1
MTY,ACA,1
MTY,AGU,1
MTY,ATL,6
MTY,BJX,3
MTY,CEN,1
MTY,CJS,3
MTY,CUL,4
MTY,CUN,4
MTY,CUU,4
MTY,CZM,1
MTY,DEN,1
MTY,DFW,2
MTY,DGO,2
MTY,DTW,2
MTY,GDL,5
MTY,HAV,1
MTY,HMO,3
MTY,HUX,1
MTY,IAH,3
MTY,JFK,1
MTY,LAP,1
MTY,LAS,3
MTY,LAX,1
MTY,MEX,4
MTY,MIA,1
MTY,MID,2
MTY,MLM,1
MTY,MXL,2
MTY,MZT,2
MTY,OAX,2
MTY,ORD,2
MTY,PBC,3
MTY,PTY,2
MTY,PVR,2
MTY,QRO,4
MTY,SAT,3
MTY,SJD,2
MTY,SLP,1
MTY,TAM,3
MTY,TGZ,1
MTY,TIJ,2
MTY,TLC,3
MTY,VER,3
MTY,VSA,1
MUA,BNE,1
MUA,EGM,1
MUA,GZO,1
MUA,HIR,1
MUA,KGE,1
MUB,BBK,1
MUB,CPT,1
MUB,GBE,1
MUB,JNB,3
MUB,VFA,1
MUB,WDH,1
MUC,AAR,1
MUC,ACE,4
MUC,ADB,2
MUC,AGA,2
MUC,AGP,5
MUC,ALC,3
MUC,AMM,2
MUC,AMS,2
MUC,AOI,2
MUC,AOK,2
MUC,ARN,3
MUC,ATH,4
MUC,ATL,3
MUC,AUH,3
MUC,AYT,5
MUC,BCN,3
MUC,BDS,2
MUC,BEG,2
MUC,BER,1
MUC,BHX,1
MUC,BIA,1
MUC,BIO,1
MUC,BJV,1
MUC,BKK,3
MUC,BLL,1
MUC,BLQ,2
MUC,BLR,1
MUC,BOD,1
MUC,BOG,1
MUC,BOM,2
MUC,BOS,2
MUC,BRE,1
MUC,BRI,2
MUC,BRN,1
MUC,BRS,1
MUC,BRU,2
MUC,BSL,3
MUC,BUD,1
MUC,BVC,1
MUC,CAG,3
MUC,CAI,2
MUC,CDG,2
MUC,CFU,5
MUC,CGN,3
MUC,CHQ,2
MUC,CLJ,1
MUC,CLT,2
MUC,CMN,1
MUC,CPH,2
MUC,CPT,1
MUC,CTA,6
MUC,CUN,1
MUC,DBV,2
MUC,DEB,1
MUC,DEL,2
MUC,DEN,1
MUC,DJE,3
MUC,DLM,2
MUC,DME,3
MUC,DOH,2
MUC,DOK,1
MUC,DRS,1
MUC,DTM,3
MUC,DTW,1
MUC,DUB,2
MUC,DUS,4
MUC,DXB,3
MUC,EBA,1
MUC,EBL,1
MUC,EDI,2
MUC,EFL,1
MUC,ESB,2
MUC,EWR,2
MUC,FAO,5
MUC,FCO,3
MUC,FLR,3
MUC,FMO,1
MUC,FNC,4
MUC,FRA,3
MUC,FUE,4
MUC,GDN,2
MUC,GLA,1
MUC,GOA,2
MUC,GOT,2
MUC,GRU,2
MUC,GRY,1
MUC,GRZ,3
MUC,GVA,2
MUC,GWT,2
MUC,HAJ,1
MUC,HAM,3
MUC,HAV,1
MUC,HEL,4
MUC,HER,6
MUC,HKG,1
MUC,HND,2
MUC,HRG,3
MUC,IAD,2
MUC,IAH,1
MUC,IBZ,4
MUC,ICN,1
MUC,IST,4
MUC,ISU,1
MUC,JED,1
MUC,JER,1
MUC,JFK,2
MUC,JMK,2
MUC,JNB,3
MUC,JSI,1
MUC,JTR,2
MUC,KBP,2
MUC,KEF,2
MUC,KGS,4
MUC,KIV,1
MUC,KIX,1
MUC,KLX,3
MUC,KRK,2
MUC,KRR,1
MUC,KTW,1
MUC,KVA,3
MUC,LAX,2
MUC,LCA,3
MUC,LCJ,1
MUC,LCY,1
MUC,LED,3
MUC,LEJ,1
MUC,LGW,1
MUC,LHR,4
MUC,LIS,3
MUC,LJU,2
MUC,LPA,6
MUC,LUX,2
MUC,LWO,1
MUC,LYS,1
MUC,MAD,6
MUC,MAH,1
MUC,MAN,6
MUC,MCT,1
MUC,MEX,1
MUC,MIA,1
MUC,MJT,1
MUC,MLA,2
MUC,MRS,1
MUC,MSQ,1
MUC,MXP,2
MUC,NAP,4
MUC,NBE,3
MUC,NCE,1
MUC,NCL,1
MUC,NTE,2
MUC,NUE,1
MUC,ODS,1
MUC,OLB,6
MUC,OPO,2
MUC,ORD,2
MUC,ORK,1
MUC,ORY,1
MUC,OSL,3
MUC,OTP,2
MUC,OVB,1
MUC,PAD,1
MUC,PEK,2
MUC,PHL,2
MUC,PMI,6
MUC,PMO,1
MUC,POZ,2
MUC,PRG,1
MUC,PRN,3
MUC,PSA,2
MUC,PUJ,2
MUC,PUY,1
MUC,PVG,2
MUC,PVK,2
MUC,RAK,2
MUC,RHO,6
MUC,RIX,2
MUC,RJK,2
MUC,RLG,1
MUC,RMF,1
MUC,RMI,1
MUC,RTM,1
MUC,RUH,2
MUC,RZE,1
MUC,SAW,3
MUC,SBZ,2
MUC,SFO,2
MUC,SID,1
MUC,SIN,5
MUC,SJJ,1
MUC,SKG,5
MUC,SMI,2
MUC,SNN,1
MUC,SNU,1
MUC,SOF,2
MUC,SPC,1
MUC,SPU,3
MUC,STN,1
MUC,STR,1
MUC,SUF,3
MUC,SVO,1
MUC,SVQ,1
MUC,SVX,1
MUC,SXB,1
MUC,TBS,1
MUC,TFS,6
MUC,TIA,1
MUC,TIV,1
MUC,TLL,1
MUC,TLS,1
MUC,TLV,3
MUC,TRN,2
MUC,TRS,1
MUC,TSR,1
MUC,TUN,2
MUC,TXL,4
MUC,VBS,1
MUC,VCE,2
MUC,VIE,5
MUC,VLC,1
MUC,VNO,1
MUC,VOL,1
MUC,VOZ,1
MUC,VRN,2
MUC,WAW,2
MUC,WRO,2
MUC,XRY,3
MUC,YUL,2
MUC,YVR,2
MUC,YYZ,2
MUC,ZAD,2
MUC,ZAG,2
MUC,ZRH,2
MUC,ZTH,3
MUE,OGG,1
MUK,RAR,1
MUN,CCS,3
MUN,PMV,1
MUR,BBN,1
MUR,LBP,1
MUR,LGL,1
MUR,LKH,1
MUR,MYY,1
MUR,ODN,1
MUW,ALG,1
MUW,TID,1
MUX,DOH,1
MUX,DXB,3
MUX,ISB,1
MUX,JED,4
MUX,KHI,3
MUX,LHE,1
MUX,MCT,1
MUX,MED,2
MUX,RUH,1
MUX,SHJ,2
MUX,UET,1
MVD,AEP,3
MVD,ASU,2
MVD,BOG,1
MVD,CWB,1
MVD,EZE,5
MVD,GIG,2
MVD,GRU,5
MVD,LIM,2
MVD,MAD,2
MVD,MIA,2
MVD,POA,2
MVD,PTY,1
MVD,REC,1
MVD,SCL,2
MVP,BOG,1
MVP,VVC,2
MVR,NSI,1
MVT,PPT,1
MVT,RGI,1
MVY,ACK,1
MVY,BOS,1
MVY,EWB,1
MVY,HPN,1
MWA,STL,1
MWF,SON,1
MWQ,VBA,1
MWX,BKI,1
MWX,BKK,1
MWX,CEB,1
MWX,CJU,1
MWX,DAD,2
MWX,FUK,1
MWX,KIX,1
MWX,MFM,1
MWX,NRT,1
MWX,PEK,2
MWX,PVG,1
MWX,TPE,1
MWX,TSN,1
MWX,VVO,1
MWZ,BKZ,2
MWZ,DAR,1
MWZ,JRO,2
MWZ,NBO,2
MXH,HGU,2
MXH,POM,1
MXL,GDL,1
MXL,HMO,1
MXL,MEX,2
MXP,ACE,1
MXP,ADD,1
MXP,AGP,1
MXP,AHO,1
MXP,ALC,1
MXP,ALG,1
MXP,AMS,3
MXP,ARN,1
MXP,ATH,4
MXP,AUH,2
MXP,BCN,4
MXP,BDS,2
MXP,BEG,3
MXP,BEY,2
MXP,BHX,1
MXP,BIO,2
MXP,BKK,1
MXP,BOD,1
MXP,BOM,1
MXP,BRI,1
MXP,BRS,1
MXP,BRU,5
MXP,BUD,1
MXP,CAG,2
MXP,CAI,2
MXP,CDG,3
MXP,CGN,2
MXP,CMB,1
MXP,CMN,2
MXP,CPH,2
MXP,CTA,3
MXP,CUN,1
MXP,DEL,1
MXP,DKR,1
MXP,DME,1
MXP,DOH,1
MXP,DUB,1
MXP,DUS,4
MXP,DXB,2
MXP,EDI,1
MXP,EWR,2
MXP,FAO,1
MXP,FCO,6
MXP,FOR,1
MXP,FRA,2
MXP,FUE,1
MXP,GRU,2
MXP,GRX,1
MXP,GYD,2
MXP,HAJ,1
MXP,HAM,3
MXP,HAV,1
MXP,HEL,1
MXP,HER,1
MXP,HKG,1
MXP,IBZ,1
MXP,ICN,1
MXP,IKA,1
MXP,ISB,1
MXP,ISL,1
MXP,IST,1
MXP,JED,2
MXP,JFK,10
MXP,JMK,1
MXP,KBP,1
MXP,KIV,2
MXP,KRK,1
MXP,KUN,1
MXP,KUT,1
MXP,LCA,1
MXP,LCK,1
MXP,LCY,1
MXP,LED,4
MXP,LGG,1
MXP,LGW,1
MXP,LHR,2
MXP,LIS,4
MXP,LPL,1
MXP,LRM,1
MXP,LTN,1
MXP,LUX,3
MXP,LUZ,1
MXP,LYS,3
MXP,MAD,3
MXP,MAN,2
MXP,MCT,1
MXP,MIA,5
MXP,MRS,5
MXP,MRU,1
MXP,MSQ,1
MXP,MUC,3
MXP,NAP,1
MXP,NRT,1
MXP,NTE,4
MXP,OHD,1
MXP,OLB,1
MXP,OPO,2
MXP,ORD,1
MXP,ORY,1
MXP,OSL,2
MXP,OTP,2
MXP,PEK,1
MXP,PMI,1
MXP,PMO,2
MXP,PRG,3
MXP,PVG,1
MXP,RAK,2
MXP,RIX,2
MXP,RMF,1
MXP,RUH,2
MXP,SAW,1
MXP,SIN,1
MXP,SOF,2
MXP,SSH,3
MXP,STN,1
MXP,STR,3
MXP,SUF,1
MXP,SVO,2
MXP,SXF,1
MXP,TFS,2
MXP,TGD,1
MXP,TIA,5
MXP,TLL,1
MXP,TLS,2
MXP,TLV,3
MXP,TUN,2
MXP,TXL,4
MXP,UGC,1
MXP,VIE,5
MXP,VKO,1
MXP,VLC,1
MXP,WAW,2
MXP,YYZ,1
MXP,ZAG,1
MXP,ZRH,1
MXV,HVD,1
MXV,ULN,2
MXV,ULO,1
MXX,ARN,1
MXX,EVG,1
MXZ,CAN,1
MXZ,CSX,1
MXZ,HGH,1
MXZ,HKG,1
MXZ,RMQ,1
MXZ,SZX,2
MXZ,YIH,1
MXZ,ZUH,1
MYA,MIM,1
MYA,SYD,1
MYD,LAU,1
MYD,MBA,1
MYD,NBO,3
MYD,WIL,2
MYG,IGA,1
MYG,NAS,1
MYJ,FUK,1
MYJ,HND,2
MYJ,ICN,2
MYJ,ITM,2
MYJ,KIX,1
MYJ,NGO,1
MYJ,NRT,1
MYJ,OKA,1
MYJ,PVG,2
MYJ,TPE,1
MYQ,BLR,2
MYQ,COK,1
MYQ,GOI,1
MYQ,HYD,1
MYR,ABE,1
MYR,ACY,1
MYR,ATL,4
MYR,BOS,2
MYR,BWI,1
MYR,CLT,2
MYR,CRW,1
MYR,DCA,2
MYR,DFW,1
MYR,DTW,2
MYR,EWR,2
MYR,FLL,1
MYR,FWA,1
MYR,HTS,1
MYR,IAG,1
MYR,LBE,1
MYR,LGA,2
MYR,ORD,2
MYR,PBG,1
MYR,PHL,3
MYR,YNG,1
MYR,YTZ,1
MYR,YYZ,1
MYT,MDL,2
MYT,PBU,2
MYT,RGN,1
MYU,BET,1
MYW,DAR,1
MYY,BBN,1
MYY,BKI,2
MYY,BTU,1
MYY,JHB,1
MYY,KCH,3
MYY,KUL,2
MYY,LBU,1
MYY,LGL,1
MYY,LKH,1
MYY,LMN,1
MYY,LWY,1
MYY,MKM,1
MYY,MNL,1
MYY,MUR,1
MYY,MZV,1
MYY,ODN,1
MYY,PEN,1
MYY,SBW,1
MYY,SIN,1
MYY,TGG,1
MZG,CMJ,1
MZG,CYI,2
MZG,KHH,3
MZG,KNH,1
MZG,RMQ,2
MZG,TNN,1
MZG,TSA,3
MZH,IST,1
MZH,SAW,1
MZL,BOG,1
MZR,DEL,1
MZR,ESB,1
MZR,IKA,1
MZR,IST,1
MZR,KBL,2
MZR,MMZ,1
MZR,SVO,1
MZT,DFW,2
MZT,GDL,1
MZT,LAP,1
MZT,LAX,3
MZT,LMM,1
MZT,MEX,4
MZT,MTY,1
MZT,PHX,2
MZT,TIJ,1
MZT,YVR,1
MZT,YXX,1
MZT,YYC,1
MZV,BKI,1
MZV,BWN,2
MZV,KCH,2
MZV,MYY,1
MZW,ALG,1
NAG,BLR,1
NAG,BOM,5
NAG,CCU,2
NAG,DEL,3
NAG,DOH,1
NAG,IDR,1
NAG,PNQ,2
NAG,RPR,1
NAG,SHJ,1
NAH,MDC,1
NAJ,IST,1
NAJ,KVD,1
NAL,LED,1
NAL,SVO,1
NAL,VKO,1
NAO,CAN,1
NAO,HUZ,1
NAO,KMG,1
NAO,PEK,1
NAO,PKX,1
NAO,PVG,1
NAO,SZX,1
NAO,WNZ,1
NAO,XIY,1
NAP,AMS,2
NAP,ATH,2
NAP,BCN,3
NAP,BGY,1
NAP,BOD,1
NAP,BRU,2
NAP,BSL,1
NAP,BUD,2
NAP,CAG,2
NAP,CDG,3
NAP,CGN,2
NAP,CPH,1
NAP,CRL,1
NAP,CTA,3
NAP,DME,1
NAP,DUB,1
NAP,DUS,4
NAP,EDI,1
NAP,EIN,2
NAP,FCO,1
NAP,FMM,1
NAP,FRA,2
NAP,GOA,1
NAP,GVA,1
NAP,HAJ,2
NAP,HAM,3
NAP,HHN,1
NAP,IST,1
NAP,KBP,1
NAP,KRK,2
NAP,KTW,1
NAP,KUN,1
NAP,LGW,4
NAP,LIL,1
NAP,LIN,4
NAP,LIS,1
NAP,LPL,1
NAP,LTN,2
NAP,LUX,1
NAP,LWO,1
NAP,LYS,1
NAP,MAD,2
NAP,MAN,4
NAP,MRS,1
NAP,MUC,4
NAP,MXP,2
NAP,NCE,1
NAP,NTE,2
NAP,NUE,1
NAP,OLB,1
NAP,ORY,2
NAP,OTP,1
NAP,PMO,3
NAP,PRG,3
NAP,RMF,1
NAP,SKG,1
NAP,SSH,2
NAP,STN,2
NAP,STR,4
NAP,SVO,1
NAP,SXF,1
NAP,TLS,1
NAP,TLV,2
NAP,TRN,3
NAP,TRS,1
NAP,TSF,1
NAP,TUN,1
NAP,TXL,3
NAP,VCE,2
NAP,VIE,2
NAP,VRN,1
NAP,WMI,1
NAP,WRO,1
NAP,ZRH,3
NAQ,JUV,1
NAQ,SRK,1
NAQ,THU,1
NAS,ATC,2
NAS,ATL,4
NAS,AXP,1
NAS,BOS,2
NAS,BWI,1
NAS,CAP,1
NAS,CLT,2
NAS,CRI,1
NAS,DCA,2
NAS,DFW,2
NAS,DTW,1
NAS,ELH,2
NAS,EWR,1
NAS,FLL,2
NAS,FPO,2
NAS,GCM,1
NAS,GGT,2
NAS,GHB,2
NAS,HAV,2
NAS,IAH,2
NAS,IGA,1
NAS,JFK,2
NAS,KIN,1
NAS,LGA,1
NAS,LGI,2
NAS,LHR,1
NAS,MCO,2
NAS,MHH,2
NAS,MIA,3
NAS,MYG,1
NAS,ORD,2
NAS,PAP,1
NAS,PBI,1
NAS,PHL,2
NAS,PLS,3
NAS,PTY,1
NAS,RCY,1
NAS,RSD,2
NAS,SML,2
NAS,TBI,2
NAS,TCB,1
NAS,YUL,1
NAS,YYZ,2
NAS,ZSA,2
NAT,BSB,4
NAT,CNF,1
NAT,DSS,1
NAT,EZE,1
NAT,FEN,1
NAT,FOR,3
NAT,GIG,3
NAT,GRU,4
NAT,LIS,1
NAT,REC,1
NAT,SSA,1
NAT,VCP,1
NAV,IST,1
NAV,SAW,2
NAW,BKK,1
NAW,DMK,1
NAY,ACX,2
NAY,AVA,2
NAY,BAV,2
NAY,BFJ,2
NAY,CAN,2
NAY,CIF,2
NAY,CIH,2
NAY,CKG,2
NAY,CSX,2
NAY,CTU,2
NAY,CZX,2
NAY,DAT,2
NAY,DSN,2
NAY,ENY,2
NAY,FUO,2
NAY,HET,2
NAY,HLD,2
NAY,HLH,2
NAY,HRB,2
NAY,HSN,2
NAY,IQN,2
NAY,JIC,2
NAY,JUH,2
NAY,JUZ,2
NAY,KHN,2
NAY,LYG,2
NAY,LYI,2
NAY,NDG,2
NAY,NGB,2
NAY,NNY,2
NAY,NZH,2
NAY,SHA,2
NAY,SZX,2
NAY,UYN,2
NAY,WNZ,2
NAY,WUA,2
NAY,XFN,2
NAY,XIL,2
NAY,XMN,2
NAY,ZHA,2
NBC,AER,1
NBC,DME,2
NBC,DYU,1
NBC,GYD,1
NBC,IST,1
NBC,LED,2
NBC,SVO,1
NBC,SVX,1
NBC,VKO,1
NBE,AMS,1
NBE,BHX,1
NBE,BRE,1
NBE,BRS,3
NBE,BRU,1
NBE,CGN,1
NBE,CWL,1
NBE,DME,2
NBE,DRS,1
NBE,DUS,3
NBE,EMA,3
NBE,FRA,2
NBE,GLA,2
NBE,HAM,1
NBE,LED,2
NBE,LGW,4
NBE,LUX,1
NBE,MAN,4
NBE,MUC,3
NBE,NCL,3
NBE,NUE,1
NBE,SVO,1
NBE,SXF,1
NBE,TXL,1
NBE,ZRH,1
NBO,ABJ,1
NBO,ACC,1
NBO,ADB,1
NBO,ADD,4
NBO,AMS,5
NBO,APL,1
NBO,ASM,1
NBO,AUH,3
NBO,BGF,1
NBO,BJM,3
NBO,BKK,3
NBO,BKO,1
NBO,BLZ,1
NBO,BOM,2
NBO,BRU,4
NBO,BZV,2
NBO,CAI,1
NBO,CAN,2
NBO,CDG,2
NBO,CPT,1
NBO,CSX,1
NBO,DAR,6
NBO,DEL,1
NBO,DLA,1
NBO,DOH,1
NBO,DXB,4
NBO,DZA,3
NBO,EBB,5
NBO,EDL,4
NBO,FBM,2
NBO,FCO,1
NBO,FIH,2
NBO,FRA,1
NBO,GBE,1
NBO,GLK,1
NBO,GVA,1
NBO,GXF,1
NBO,HAH,1
NBO,HGA,1
NBO,HRE,3
NBO,ICN,2
NBO,ISL,1
NBO,IST,2
NBO,JED,2
NBO,JFK,1
NBO,JIB,2
NBO,JNB,3
NBO,JRO,2
NBO,JUB,2
NBO,KEU,1
NBO,KGL,5
NBO,KIS,3
NBO,KRT,1
NBO,KTJ,1
NBO,LAD,1
NBO,LAU,1
NBO,LGG,1
NBO,LHR,3
NBO,LLW,3
NBO,LOK,1
NBO,LOS,1
NBO,LUN,4
NBO,LVI,3
NBO,MBA,6
NBO,MGQ,5
NBO,MPM,1
NBO,MRE,1
NBO,MRU,2
NBO,MWZ,2
NBO,MYD,3
NBO,NLA,2
NBO,NSI,1
NBO,OLX,1
NBO,POL,2
NBO,SAH,1
NBO,SEZ,1
NBO,SHJ,1
NBO,TNR,1
NBO,UKA,2
NBO,VFA,1
NBO,WJR,2
NBO,ZNZ,2
NBO,ZRH,3
NBS,CGQ,2
NBS,HRB,1
NBS,PEK,1
NBS,SHE,2
NBS,TNA,1
NBS,TSN,2
NBS,YNJ,1
NBX,AMQ,1
NBX,BIK,2
NBX,DJJ,2
NBX,KNG,1
NBX,TIM,1
NCE,AJA,3
NCE,ALG,1
NCE,AMS,3
NCE,ARN,2
NCE,ATH,1
NCE,BCN,3
NCE,BES,1
NCE,BEY,1
NCE,BFS,1
NCE,BGO,1
NCE,BHX,1
NCE,BIA,3
NCE,BIQ,1
NCE,BOD,3
NCE,BRS,1
NCE,BRU,2
NCE,BSL,1
NCE,CDG,2
NCE,CFE,1
NCE,CFR,1
NCE,CGN,2
NCE,CLY,3
NCE,CMN,1
NCE,CPH,2
NCE,CZL,1
NCE,DJE,1
NCE,DME,2
NCE,DOH,1
NCE,DUB,2
NCE,DUS,3
NCE,DXB,1
NCE,EDI,1
NCE,EIN,1
NCE,ETZ,2
NCE,FCO,3
NCE,FRA,1
NCE,FSC,3
NCE,GOT,1
NCE,GVA,2
NCE,HAM,3
NCE,HEL,2
NCE,IST,1
NCE,JFK,2
NCE,KBP,1
NCE,LBA,1
NCE,LCY,1
NCE,LED,2
NCE,LGW,4
NCE,LHR,2
NCE,LIG,1
NCE,LIL,3
NCE,LIS,3
NCE,LPL,1
NCE,LRH,1
NCE,LTN,1
NCE,LUX,2
NCE,LYS,3
NCE,MAD,2
NCE,MAN,1
NCE,MCM,1
NCE,MIR,1
NCE,MSQ,1
NCE,MUC,1
NCE,NAP,1
NCE,NCL,1
NCE,NTE,4
NCE,OLB,1
NCE,OPO,1
NCE,ORK,1
NCE,ORY,2
NCE,OSL,2
NCE,OTP,1
NCE,PRG,2
NCE,PUF,1
NCE,RAK,2
NCE,RIX,1
NCE,RNS,3
NCE,RTM,1
NCE,SNN,1
NCE,SOU,2
NCE,STN,1
NCE,STR,1
NCE,SVO,1
NCE,SVQ,1
NCE,SXB,2
NCE,SXF,1
NCE,TFS,1
NCE,TLL,1
NCE,TLS,2
NCE,TLV,3
NCE,TRD,1
NCE,TRF,1
NCE,TUN,1
NCE,TXL,1
NCE,UIP,1
NCE,VCE,3
NCE,VIE,4
NCE,WAW,1
NCE,YUL,2
NCE,ZRH,1
NCL,ABZ,1
NCL,ACE,5
NCL,AGP,3
NCL,ALC,4
NCL,AMS,2
NCL,BCN,1
NCL,BFS,1
NCL,BHD,1
NCL,BHX,1
NCL,BJV,1
NCL,BRS,1
NCL,BRU,3
NCL,CDG,3
NCL,CPH,1
NCL,CWL,1
NCL,DBV,1
NCL,DLM,4
NCL,DUB,2
NCL,DUS,2
NCL,DXB,2
NCL,FAO,3
NCL,FCO,1
NCL,FNC,1
NCL,FUE,2
NCL,GRO,1
NCL,HER,2
NCL,IBZ,2
NCL,IOM,1
NCL,JER,1
NCL,KRK,1
NCL,LGW,1
NCL,LHR,3
NCL,LPA,2
NCL,MAH,1
NCL,MJV,1
NCL,MLA,2
NCL,NBE,3
NCL,NCE,1
NCL,ORK,1
NCL,PFO,3
NCL,PMI,4
NCL,PRG,1
NCL,PSA,1
NCL,REU,1
NCL,RHO,2
NCL,SOU,1
NCL,SSH,1
NCL,SVG,4
NCL,TFS,5
NCL,VCE,1
NCU,DME,2
NCU,TAS,1
NCU,VKO,1
NDB,CMN,1
NDB,LPA,2
NDB,NKC,1
NDB,OUZ,1
NDC,ATQ,1
NDC,DEL,1
NDC,IXC,1
NDG,DLC,3
NDG,NAY,2
NDG,PEK,3
NDG,PKX,1
NDG,PVG,1
NDG,SHE,1
NDG,TAO,2
NDG,TNA,1
NDG,VVO,1
NDJ,ABV,3
NDJ,ADD,1
NDJ,AEH,1
NDJ,BGF,1
NDJ,CAI,1
NDJ,CDG,1
NDJ,CMN,1
NDJ,DLA,3
NDJ,FIH,1
NDJ,IST,1
NDJ,KAN,2
NDJ,KRT,1
NDJ,MQQ,1
NDJ,NBO,1
NDJ,NGE,1
NDJ,NIM,1
NDJ,NSI,2
NDJ,PHC,1
NDJ,SRH,1
NDR,AMS,2
NDR,BCN,4
NDR,BRU,2
NDR,BVA,1
NDR,CGN,3
NDR,CMN,1
NDR,CRL,1
NDR,FRA,1
NDR,HHN,1
NDR,MPL,1
NDR,MRS,1
NDR,ORY,1
NDR,PMI,1
NDR,RTM,2
NDR,TNG,2
NDU,ERS,1
NDU,MPA,1
NDY,KOI,1
NDY,SOY,1
NER,IKT,1
NER,KHV,1
NER,KJA,1
NER,VKO,1
NER,YKS,2
NEV,ANU,1
NEV,SJU,3
NEV,SKB,2
NEV,STT,1
NEV,SXM,1
NGB,ACX,2
NGB,AQG,1
NGB,BHY,1
NGB,BKK,1
NGB,CAN,4
NGB,CGO,4
NGB,CGQ,4
NGB,CJU,2
NGB,CKG,4
NGB,CSX,6
NGB,CTU,3
NGB,DLC,5
NGB,DMK,1
NGB,DOY,1
NGB,DYG,1
NGB,FSZ,1
NGB,HAK,3
NGB,HKG,4
NGB,HKT,1
NGB,HRB,5
NGB,HUZ,1
NGB,ICN,1
NGB,JDZ,1
NGB,JGS,1
NGB,JIQ,1
NGB,JNG,1
NGB,JUH,1
NGB,KHH,1
NGB,KHN,4
NGB,KIX,1
NGB,KMG,2
NGB,KOW,1
NGB,KWE,3
NGB,KWL,6
NGB,LHW,1
NGB,LJG,1
NGB,LYA,2
NGB,LYG,1
NGB,LZH,1
NGB,LZO,1
NGB,MDL,1
NGB,MFM,3
NGB,MIG,2
NGB,NAY,2
NGB,NGO,1
NGB,NNG,1
NGB,PEK,5
NGB,PKX,2
NGB,PVG,1
NGB,RGN,1
NGB,RMQ,2
NGB,SHE,1
NGB,SIN,1
NGB,SJW,1
NGB,SWA,5
NGB,SYX,2
NGB,SZX,5
NGB,TAO,5
NGB,TEN,1
NGB,TNA,1
NGB,TPE,3
NGB,TSN,2
NGB,WEF,1
NGB,WEH,2
NGB,WUH,2
NGB,WXN,1
NGB,XAI,1
NGB,XIY,1
NGB,XMN,3
NGB,YCU,1
NGB,YIC,1
NGB,YIH,1
NGB,YNJ,1
NGB,YNT,1
NGB,YNZ,1
NGB,ZHA,1
NGB,ZUH,5
NGE,GOU,1
NGE,NSI,1
NGK,BQG,1
NGK,KHV,2
NGK,OHH,1
NGK,UUS,1
NGO,AKJ,1
NGO,AXT,1
NGO,BKK,3
NGO,CAN,2
NGO,CGK,1
NGO,CGQ,1
NGO,CJU,1
NGO,CSX,1
NGO,CTS,5
NGO,DLC,1
NGO,DTW,1
NGO,FRA,2
NGO,FUK,4
NGO,GMP,1
NGO,GUM,3
NGO,HAN,2
NGO,HEL,2
NGO,HKD,2
NGO,HKG,4
NGO,HND,2
NGO,HNL,3
NGO,IBR,1
NGO,ICN,6
NGO,ISG,1
NGO,KHH,1
NGO,KIJ,1
NGO,KMI,1
NGO,KMJ,1
NGO,KOJ,3
NGO,KUL,1
NGO,LAX,1
NGO,MMB,1
NGO,MMY,1
NGO,MNL,4
NGO,MYJ,2
NGO,NGS,1
NGO,NKG,1
NGO,NRT,3
NGO,OIT,2
NGO,OKA,4
NGO,PEK,4
NGO,PUS,3
NGO,PVG,6
NGO,SDJ,3
NGO,SGN,1
NGO,SHE,1
NGO,SIN,3
NGO,TAO,3
NGO,TNA,1
NGO,TPE,7
NGO,TSN,2
NGO,WUH,1
NGO,WUX,2
NGO,XIY,1
NGO,YNT,1
NGQ,KHG,2
NGQ,LXA,1
NGS,FUJ,2
NGS,HND,2
NGS,ICN,1
NGS,IKI,2
NGS,ITM,2
NGS,KIX,1
NGS,NGO,1
NGS,OKA,1
NGS,PVG,2
NGS,TSJ,2
NGS,UKB,1
NHV,AUQ,1
NHV,PPT,1
NHV,UAH,1
NHV,UAP,1
NIB,MCG,1
NIF,PER,1
NIM,ABJ,1
NIM,ABV,1
NIM,ADD,1
NIM,ALG,1
NIM,BKO,1
NIM,CDG,3
NIM,CMN,1
NIM,COO,3
NIM,IST,1
NIM,LFW,1
NIM,LOS,1
NIM,NDJ,1
NIM,OUA,9
NIQ,UMD,1
NIS,KVG,1
NIU,KKR,1
NJC,DME,2
NJC,HMA,1
NJC,LBD,1
NJC,NSK,1
NJC,OMS,1
NJC,OVB,4
NJC,SVO,1
NJC,SVX,2
NJC,TJM,1
NJC,TLK,1
NJC,TOF,1
NJC,UUA,2
NJF,AMD,1
NJF,AMM,2
NJF,BAH,2
NJF,BEY,4
NJF,BOM,1
NJF,CPH,1
NJF,DAM,1
NJF,DEL,2
NJF,DOH,1
NJF,DXB,1
NJF,EBL,1
NJF,IFN,1
NJF,IKA,3
NJF,IST,3
NJF,ISU,1
NJF,KHI,1
NJF,KWI,3
NJF,MHD,1
NJF,SHJ,1
NKC,BKO,1
NKC,CDG,1
NKC,CKY,1
NKC,CMN,2
NKC,DKR,3
NKC,DSS,2
NKC,LPA,1
NKC,NDB,1
NKC,OUZ,1
NKC,TUN,2
NKG,AOG,1
NKG,AVA,1
NKG,BAV,3
NKG,BFJ,1
NKG,BHY,2
NKG,BKK,1
NKG,BPE,1
NKG,BSD,1
NKG,CAN,6
NKG,CGO,1
NKG,CGQ,8
NKG,CIF,1
NKG,CIH,1
NKG,CJU,2
NKG,CKG,7
NKG,CSX,8
NKG,CTS,1
NKG,CTU,6
NKG,DAT,1
NKG,DLC,7
NKG,DLU,1
NKG,DPS,1
NKG,DSN,2
NKG,DYG,3
NKG,ENH,1
NKG,FOC,8
NKG,FRA,2
NKG,FUO,1
NKG,HAK,5
NKG,HEL,1
NKG,HET,5
NKG,HKG,6
NKG,HKT,1
NKG,HNY,1
NKG,HRB,7
NKG,HUZ,1
NKG,ICN,3
NKG,INC,3
NKG,JGS,1
NKG,JJN,4
NKG,JNZ,1
NKG,KHH,1
NKG,KHN,4
NKG,KIX,3
NKG,KMG,8
NKG,KOS,1
NKG,KWE,7
NKG,KWL,7
NKG,LAX,1
NKG,LCX,1
NKG,LFQ,1
NKG,LHW,4
NKG,LJG,5
NKG,LYG,1
NKG,LZH,2
NKG,MFM,3
NKG,MIG,3
NKG,NGO,1
NKG,NNG,6
NKG,NRT,2
NKG,OKA,1
NKG,PEK,4
NKG,PKX,1
NKG,PUS,2
NKG,PVG,1
NKG,PZI,2
NKG,RMQ,2
NKG,SHE,8
NKG,SIN,2
NKG,SJW,2
NKG,SWA,5
NKG,SYD,2
NKG,SYX,5
NKG,SZX,6
NKG,TAO,5
NKG,TCZ,1
NKG,TEN,1
NKG,TGO,1
NKG,TPE,5
NKG,TYN,7
NKG,URC,2
NKG,UYN,1
NKG,WDS,1
NKG,WEH,2
NKG,WMT,1
NKG,WXN,1
NKG,XIY,7
NKG,XMN,9
NKG,XNN,2
NKG,YBP,1
NKG,YCU,3
NKG,YIC,1
NKG,YIH,1
NKG,YIN,1
NKG,YKH,1
NKG,YNT,3
NKG,YNZ,1
NKG,YVR,1
NKG,ZHA,2
NKG,ZUH,4
NKG,ZYI,1
NKI,EDA,1
NKM,AOJ,1
NKM,FUK,1
NKM,GAJ,1
NKM,HNA,1
NKM,IZO,1
NKM,KCZ,1
NKM,KIJ,1
NKM,KKJ,1
NKM,KMJ,1
NKT,ESB,1
NKT,IST,1
NKT,SAW,1
NLA,ADD,1
NLA,BLZ,1
NLA,FBM,2
NLA,JNB,3
NLA,KAA,1
NLA,LUN,1
NLA,MNS,1
NLA,NBO,2
NLA,SLI,1
NLD,MEX,1
NLG,CDB,1
NLH,CKG,1
NLH,KMG,1
NLI,KHV,1
NLK,AKL,1
NLK,BNE,1
NLK,SYD,1
NLT,URC,2
NMA,CEK,1
NMA,DME,2
NMA,GOJ,1
NMA,KJA,1
NMA,KRR,1
NMA,LED,2
NMA,OVB,2
NMA,SVX,2
NMA,TAS,1
NME,OOK,2
NME,TNK,1
NMT,KMG,1
NNB,HIR,1
NNB,IRA,1
NNG,AEB,1
NNG,BFJ,1
NNG,BKK,3
NNG,CAN,3
NNG,CGD,1
NNG,CGK,1
NNG,CGO,5
NNG,CKG,6
NNG,CNX,1
NNG,CSX,5
NNG,CTU,5
NNG,CXR,1
NNG,CZX,1
NNG,DMK,1
NNG,ENH,1
NNG,FOC,7
NNG,HAK,8
NNG,HAN,1
NNG,HFE,5
NNG,HGH,6
NNG,HIA,2
NNG,HJJ,1
NNG,HKG,2
NNG,HKT,1
NNG,HNY,1
NNG,INC,1
NNG,JGS,1
NNG,JJN,3
NNG,JUH,1
NNG,KHH,2
NNG,KHN,5
NNG,KMG,7
NNG,KOW,1
NNG,KUL,2
NNG,KWE,4
NNG,KWL,2
NNG,LHW,3
NNG,LJG,1
NNG,LYA,1
NNG,LYG,1
NNG,LZO,1
NNG,MFM,2
NNG,MIG,1
NNG,NAO,1
NNG,NGB,1
NNG,NKG,5
NNG,NNY,1
NNG,NTG,1
NNG,PEK,4
NNG,PKX,1
NNG,PNH,1
NNG,PVG,4
NNG,RGN,1
NNG,RMQ,1
NNG,SGN,1
NNG,SHA,5
NNG,SIN,4
NNG,SJW,1
NNG,SWA,2
NNG,SYX,5
NNG,SZX,5
NNG,TEN,1
NNG,TNA,3
NNG,TPE,2
NNG,TSA,1
NNG,TSN,2
NNG,TYN,1
NNG,VTE,1
NNG,WDS,1
NNG,WMT,1
NNG,WNH,1
NNG,WNZ,4
NNG,WUH,9
NNG,WUS,1
NNG,WUX,1
NNG,WUZ,1
NNG,WXN,1
NNG,XFN,1
NNG,XIC,1
NNG,XIY,7
NNG,XMN,7
NNG,XUZ,1
NNG,YBP,1
NNG,YCU,1
NNG,YIH,1
NNG,YYA,1
NNG,ZUH,4
NNG,ZYI,1
NNM,ARH,2
NNM,KVX,2
NNM,SCW,1
NNT,CNX,1
NNT,DMK,1
NNX,TRK,1
NNY,CAN,1
NNY,CGO,1
NNY,CTU,1
NNY,DLC,1
NNY,FOC,1
NNY,HGH,1
NNY,KWL,1
NNY,NAY,2
NNY,PEK,1
NNY,PKX,1
NNY,PVG,1
NNY,SHA,1
NNY,SZX,1
NNY,URC,1
NNY,WNZ,1
NNY,XNN,1
NOB,TMU,1
NOC,ACE,1
NOC,AGP,1
NOC,ALC,1
NOC,BHX,1
NOC,BRS,1
NOC,EIN,1
NOC,EMA,1
NOC,FAO,1
NOC,KUN,1
NOC,LGW,1
NOC,LPL,1
NOC,LTN,1
NOC,MAN,1
NOC,STN,1
NOC,TFS,1
NOJ,DME,1
NOJ,OVB,1
NOJ,SLY,1
NOJ,SVX,1
NOJ,TJM,1
NOJ,UFA,1
NOP,IST,1
NOS,ADD,1
NOS,DIE,1
NOS,DZA,1
NOS,HAH,1
NOS,RUN,1
NOS,TNR,1
NOU,AKL,2
NOU,BNE,2
NOU,KIX,1
NOU,MEL,1
NOU,NRT,1
NOU,PPT,1
NOU,SYD,2
NOU,VLI,2
NOU,WLS,1
NOV,LAD,1
NOV,SPP,1
NOV,VPE,1
NOZ,DME,1
NOZ,OVB,1
NOZ,SVO,1
NPE,AKL,1
NPE,CHC,1
NPE,WLG,1
NPL,AKL,1
NPL,CHC,1
NPL,WLG,1
NQN,AEP,2
NQN,COR,1
NQN,CRD,2
NQN,MDZ,2
NQU,EOH,1
NQY,DUB,1
NQY,DUS,2
NQY,EXT,1
NQY,ISC,1
NQY,LGW,2
NQY,MAN,1
NQY,STR,1
NRA,GFF,1
NRA,SYD,1
NRK,HEL,2
NRL,EOI,1
NRL,KOI,1
NRL,NDY,1
NRL,PPW,1
NRN,ACE,1
NRN,AGP,1
NRN,AHO,1
NRN,ALC,1
NRN,AOI,1
NRN,BGY,1
NRN,BLQ,1
NRN,BRI,1
NRN,BZR,1
NRN,CAG,1
NRN,CFU,1
NRN,CHQ,1
NRN,CIA,1
NRN,EDI,1
NRN,FAO,1
NRN,FEZ,1
NRN,FUE,1
NRN,GRO,1
NRN,IBZ,1
NRN,LEI,1
NRN,LPA,1
NRN,LPP,1
NRN,LWO,1
NRN,NDR,1
NRN,OPO,1
NRN,OUD,1
NRN,PMI,1
NRN,PMO,1
NRN,PSA,1
NRN,PSR,1
NRN,RAK,1
NRN,RBA,1
NRN,RIX,1
NRN,SDR,1
NRN,SKG,1
NRN,STN,1
NRN,SUF,1
NRN,TFS,1
NRN,TLL,1
NRN,TNG,1
NRN,TSF,1
NRN,VLC,1
NRN,ZAD,1
NRT,AKL,3
NRT,AMS,1
NRT,ASJ,1
NRT,ATL,1
NRT,AUH,2
NRT,BKI,2
NRT,BKK,8
NRT,BNE,1
NRT,BOM,2
NRT,BOS,2
NRT,BRU,1
NRT,CAI,1
NRT,CAN,6
NRT,CDG,3
NRT,CEB,1
NRT,CGK,3
NRT,CGO,1
NRT,CGQ,1
NRT,CJU,2
NRT,CKG,1
NRT,CMB,1
NRT,CNS,3
NRT,CPH,1
NRT,CSX,1
NRT,CTS,8
NRT,CTU,2
NRT,DAD,1
NRT,DEL,3
NRT,DEN,2
NRT,DFW,4
NRT,DLC,5
NRT,DME,2
NRT,DMK,1
NRT,DOH,3
NRT,DPS,2
NRT,DTW,1
NRT,DUS,2
NRT,DXB,2
NRT,EWR,2
NRT,FCO,1
NRT,FOC,1
NRT,FRA,1
NRT,FUK,5
NRT,GUM,4
NRT,HAN,3
NRT,HEL,2
NRT,HGH,2
NRT,HIJ,3
NRT,HKG,8
NRT,HND,1
NRT,HNL,7
NRT,HRB,2
NRT,HSG,1
NRT,IAD,2
NRT,IAH,2
NRT,ICN,14
NRT,IST,2
NRT,ITM,3
NRT,JFK,5
NRT,KCZ,1
NRT,KHH,7
NRT,KHV,2
NRT,KIJ,1
NRT,KIX,4
NRT,KKJ,1
NRT,KMI,1
NRT,KMJ,1
NRT,KMQ,2
NRT,KOA,1
NRT,KOJ,1
NRT,KUL,4
NRT,LAX,8
NRT,LHR,4
NRT,MAA,1
NRT,MAD,1
NRT,MEL,3
NRT,MEX,2
NRT,MFM,2
NRT,MNL,6
NRT,MSP,1
NRT,MXP,1
NRT,MYJ,1
NRT,NGO,3
NRT,NGS,1
NRT,NKG,2
NRT,NOU,1
NRT,OIT,1
NRT,OKA,6
NRT,OOL,3
NRT,ORD,6
NRT,OVB,1
NRT,PDX,1
NRT,PEK,6
NRT,PER,1
NRT,PNH,1
NRT,POM,1
NRT,PPT,2
NRT,PUS,5
NRT,PVG,9
NRT,QPG,1
NRT,RGN,1
NRT,RMQ,1
NRT,ROR,2
NRT,SAN,2
NRT,SDJ,1
NRT,SEA,4
NRT,SFO,3
NRT,SGN,4
NRT,SHE,4
NRT,SHI,1
NRT,SIN,8
NRT,SJC,2
NRT,SPN,2
NRT,SVO,1
NRT,SYD,2
NRT,SZX,2
NRT,TAK,1
NRT,TAO,3
NRT,TAS,1
NRT,TPE,14
NRT,TSN,2
NRT,ULN,1
NRT,UUS,1
NRT,VCE,1
NRT,VIE,2
NRT,VVO,3
NRT,WAW,1
NRT,WUH,3
NRT,XIY,1
NRT,XMN,4
NRT,YGJ,1
NRT,YUL,1
NRT,YVR,4
NRT,YYC,2
NRT,YYZ,2
NRT,ZRH,2
NSH,MHD,1
NSH,THR,1
NSI,ABJ,1
NSI,ABV,1
NSI,ADD,1
NSI,BFX,1
NSI,BGF,1
NSI,BPC,1
NSI,BRU,4
NSI,CDG,2
NSI,CMN,1
NSI,DLA,9
NSI,GOU,1
NSI,IST,1
NSI,LBV,4
NSI,MVR,1
NSI,NBO,1
NSI,NDJ,1
NSI,NGE,1
NSK,ABA,1
NSK,AER,1
NSK,DME,2
NSK,GOJ,1
NSK,KJA,1
NSK,KUF,1
NSK,LED,1
NSK,OVB,3
NSK,SVX,2
NSK,UFA,1
NSK,VKO,1
NSN,AKL,1
NSN,CHC,1
NSN,PMR,1
NSN,PPQ,1
NSN,WLG,1
NSQ,JUV,1
NSQ,KHQ,1
NST,DMK,2
NTE,ACE,1
NTE,ADB,1
NTE,AGA,1
NTE,AGP,3
NTE,AJA,4
NTE,ALG,1
NTE,AMS,2
NTE,ATH,2
NTE,BCN,2
NTE,BIA,4
NTE,BOD,2
NTE,BRU,2
NTE,BSL,1
NTE,BUD,1
NTE,CDG,3
NTE,CLY,2
NTE,CMN,2
NTE,CPH,1
NTE,DJE,3
NTE,DUB,1
NTE,DUS,2
NTE,FAO,2
NTE,FCO,4
NTE,FEZ,1
NTE,FLR,1
NTE,FSC,2
NTE,FUE,1
NTE,GVA,2
NTE,HAM,2
NTE,HER,2
NTE,IST,1
NTE,LCY,2
NTE,LGW,1
NTE,LIL,3
NTE,LIS,1
NTE,LPA,2
NTE,LYS,4
NTE,MAD,3
NTE,MAN,2
NTE,MIR,1
NTE,MLA,1
NTE,MPL,3
NTE,MRS,4
NTE,MUC,2
NTE,MXP,3
NTE,NAP,1
NTE,NCE,4
NTE,OLB,1
NTE,OPO,1
NTE,ORN,1
NTE,ORY,1
NTE,PGF,1
NTE,PMI,1
NTE,PMO,1
NTE,PRG,1
NTE,RAK,2
NTE,SOU,2
NTE,SVQ,3
NTE,SXB,4
NTE,TFS,2
NTE,TLN,1
NTE,TLS,5
NTE,TUN,3
NTE,TXL,1
NTE,VCE,2
NTE,VIE,1
NTE,VLC,1
NTE,YUL,1
NTG,CAN,3
NTG,CJU,1
NTG,CKG,2
NTG,CSX,1
NTG,CTU,1
NTG,DLC,2
NTG,DMK,1
NTG,HRB,1
NTG,JJN,2
NTG,KHN,1
NTG,KIX,1
NTG,KWE,1
NTG,KWL,1
NTG,PEK,2
NTG,PKX,1
NTG,SHE,2
NTG,SJW,1
NTG,SZX,2
NTG,TAO,1
NTG,TNA,1
NTG,TPE,1
NTG,TSN,2
NTG,WNZ,1
NTG,WUH,1
NTG,XIY,2
NTG,XMN,3
NTL,ARM,1
NTL,BNE,3
NTL,BNK,1
NTL,MEL,2
NTL,OOL,1
NTL,SYD,2
NTN,CNS,2
NTN,KRB,1
NTN,ONG,2
NTQ,HND,1
NTX,BTH,1
NUE,AGP,1
NUE,ALC,1
NUE,AMS,1
NUE,AYT,3
NUE,BCN,2
NUE,BER,1
NUE,CDG,2
NUE,DJE,1
NUE,DUS,3
NUE,FRA,1
NUE,FUE,2
NUE,HAM,3
NUE,HER,2
NUE,HRG,2
NUE,IBZ,1
NUE,IST,1
NUE,KGS,1
NUE,LGW,1
NUE,LPA,2
NUE,LYS,1
NUE,MUC,1
NUE,NBE,1
NUE,OLB,2
NUE,PMI,3
NUE,RHO,2
NUE,SAW,2
NUE,SBZ,1
NUE,SKG,2
NUE,SMI,1
NUE,SPU,1
NUE,STN,1
NUE,TFS,3
NUE,TXL,3
NUE,VIE,3
NUE,VNO,1
NUE,WAW,1
NUE,ZQW,1
NUE,ZRH,2
NUI,BRW,1
NUI,SCC,1
NUL,GAL,1
NUL,KAL,1
NUL,KYU,1
NUP,ATT,1
NUP,BET,1
NUS,CCV,1
NUS,LPM,1
NUS,SON,1
NUS,SWJ,1
NUS,VLI,1
NUX,DME,3
NUX,KRR,1
NUX,OMS,1
NUX,OVB,2
NUX,SLY,1
NUX,SVO,1
NUX,SVX,2
NUX,TJM,2
NUX,UFA,2
NUX,VKO,2
NVA,BOG,2
NVI,DME,3
NVI,ICN,1
NVI,ISL,1
NVI,KSQ,1
NVI,LED,2
NVI,TAS,1
NVK,BOO,1
NVT,CGH,3
NVT,GIG,1
NVT,GRU,3
NVT,POA,1
NVT,VCP,1
NWI,ABZ,2
NWI,AMS,2
NWI,EDI,1
NWI,GCI,1
NWI,HUY,1
NWI,JER,1
NWI,MAN,2
NWI,MLA,1
NWI,MUC,1
NWI,TFS,1
NYA,EYK,1
NYA,SVX,1
NYA,TJM,2
NYI,ACC,1
NYK,KEU,2
NYK,KTJ,2
NYK,MRE,2
NYK,OLX,2
NYK,UAS,2
NYK,WIL,1
NYM,DME,2
NYM,OVB,1
NYM,OVS,1
NYM,SLY,1
NYM,SVX,1
NYM,TJM,1
NYM,UFA,1
NYM,VKO,1
NYO,AGP,1
NYO,AHO,1
NYO,ALC,1
NYO,BCN,1
NYO,BEG,1
NYO,BGY,1
NYO,BIQ,1
NYO,BNX,1
NYO,BRE,1
NYO,BUD,1
NYO,BVA,1
NYO,BZR,1
NYO,CHQ,1
NYO,CIA,1
NYO,CRL,1
NYO,GDN,2
NYO,INI,1
NYO,KBP,1
NYO,KRK,1
NYO,KTW,1
NYO,MLA,1
NYO,NRN,1
NYO,PFO,1
NYO,PMI,1
NYO,POZ,2
NYO,PSA,1
NYO,RHO,1
NYO,RJK,1
NYO,SKG,1
NYO,SKP,1
NYO,STN,1
NYO,TGD,1
NYO,TSF,1
NYO,WAW,1
NYO,WMI,1
NYO,WRO,1
NYO,ZAD,1
NYT,BKK,1
NYT,KMG,1
NYU,HEH,2
NYU,MDL,3
NYU,RGN,3
NYW,HOX,1
NZH,COQ,1
NZH,HET,1
NZH,HLH,1
NZH,HRB,1
NZH,HTA,1
NZH,IKT,1
NZH,KJA,1
NZH,NAY,2
NZH,OVB,1
NZH,PEK,1
NZH,UUD,1
NZL,PKX,1
OAG,SYD,1
OAJ,ATL,3
OAJ,CLT,2
OAJ,DCA,2
OAK,ABQ,1
OAK,ARN,1
OAK,ATL,1
OAK,AUS,1
OAK,AZA,1
OAK,BLI,1
OAK,BOI,1
OAK,BUR,1
OAK,CMH,1
OAK,DEN,2
OAK,DFW,2
OAK,EUG,1
OAK,GDL,1
OAK,GEG,1
OAK,HNL,4
OAK,HOU,1
OAK,JFK,1
OAK,KOA,2
OAK,LAS,3
OAK,LAX,3
OAK,LGB,2
OAK,LIH,2
OAK,MCE,1
OAK,MCI,1
OAK,MDW,2
OAK,MSP,1
OAK,OGG,4
OAK,OKC,1
OAK,ONT,1
OAK,ORD,1
OAK,PAE,1
OAK,PDX,3
OAK,PHX,3
OAK,PSP,1
OAK,PVR,1
OAK,PVU,1
OAK,RNO,1
OAK,SAN,1
OAK,SAT,1
OAK,SEA,3
OAK,SJD,1
OAK,SLC,2
OAK,SNA,3
OAK,STL,1
OAL,CGB,1
OAX,CUN,1
OAX,DFW,1
OAX,HUX,1
OAX,IAH,1
OAX,MEX,2
OAX,MTY,1
OAX,TIJ,1
OBO,HND,3
OBU,ABL,2
OBU,OTZ,2
OBY,CNP,1
OCC,LTX,1
OCC,UIO,3
OCM,ALH,1
OCM,BQB,1
OCM,BYP,1
OCM,GET,1
OCM,PER,1
ODN,MUR,1
ODN,MYY,1
ODO,IKT,2
ODS,DME,2
ODS,DWC,1
ODS,IST,3
ODS,KBP,2
ODS,LCA,1
ODS,MUC,1
ODS,PRG,1
ODS,SHJ,1
ODS,SVO,2
ODS,TLV,2
ODS,VIE,2
ODS,VKO,1
ODS,WAW,1
ODY,VTE,1
OER,ARN,3
OGD,AZA,1
OGG,ANC,1
OGG,DEN,1
OGG,DFW,2
OGG,HNL,5
OGG,HNM,1
OGG,ITO,1
OGG,KOA,2
OGG,LAS,1
OGG,LAX,7
OGG,LIH,1
OGG,LNY,1
OGG,MKK,1
OGG,MUE,1
OGG,OAK,3
OGG,ORD,1
OGG,PDX,2
OGG,PHX,2
OGG,SAN,2
OGG,SEA,3
OGG,SFO,3
OGG,SJC,3
OGG,SMF,4
OGG,YVR,2
OGG,YYC,2
OGL,BGI,1
OGM,MPP,1
OGS,ALB,1
OGU,ESB,1
OGU,IST,1
OGU,SAW,1
OGX,ALG,1
OGX,AZR,1
OGX,DJG,1
OGX,ELG,1
OGX,IAM,1
OGX,ORN,1
OGX,VVZ,1
OGZ,DME,1
OGZ,LED,1
OGZ,SVO,1
OGZ,VKO,1
OHD,ZRH,1
OHE,HEK,1
OHE,HRB,1
OHE,JGD,2
OHH,KHV,2
OHH,UUS,1
OHS,DOH,1
OIA,CKS,1
OIM,HND,1
OIT,HND,2
OIT,ICN,1
OIT,ITM,3
OIT,NGO,2
OIT,NRT,1
OKA,ASJ,1
OKA,BKK,2
OKA,CTS,1
OKA,FSZ,1
OKA,FUK,4
OKA,HGH,1
OKA,HIJ,1
OKA,HKG,5
OKA,HND,3
OKA,IBR,1
OKA,ICN,5
OKA,ISG,5
OKA,ITM,2
OKA,IWK,1
OKA,KHH,3
OKA,KIJ,1
OKA,KIX,4
OKA,KKJ,1
OKA,KMI,2
OKA,KMJ,1
OKA,KMQ,1
OKA,KOJ,2
OKA,KTD,1
OKA,MMD,1
OKA,MMY,3
OKA,MYJ,1
OKA,NGO,4
OKA,NGS,1
OKA,NKG,1
OKA,NRT,6
OKA,OGN,1
OKA,OKJ,1
OKA,PEK,2
OKA,PUS,1
OKA,PVG,4
OKA,RMQ,1
OKA,RNJ,1
OKA,SDJ,1
OKA,SIN,1
OKA,TAK,1
OKA,TPE,5
OKA,TSN,1
OKA,UEO,1
OKA,UKB,3
OKA,YGJ,1
OKC,ATL,6
OKC,BWI,2
OKC,CLT,1
OKC,DAL,2
OKC,DCA,1
OKC,DEN,4
OKC,DFW,2
OKC,DTW,1
OKC,EWR,1
OKC,GSP,1
OKC,HOU,2
OKC,IAD,1
OKC,IAH,1
OKC,LAS,2
OKC,LAX,4
OKC,MDW,2
OKC,MIA,1
OKC,MSP,1
OKC,ORD,3
OKC,PHL,1
OKC,PHX,2
OKC,SEA,1
OKC,SFB,1
OKC,SFO,1
OKC,SLC,1
OKC,STL,2
OKD,HKD,1
OKD,KUH,1
OKD,MSJ,1
OKD,RIS,1
OKI,ITM,1
OKJ,CTS,2
OKJ,GUM,2
OKJ,HND,2
OKJ,ICN,1
OKJ,MFM,1
OKJ,OKA,1
OKJ,PVG,2
OKJ,TPE,3
OKL,DJJ,1
OKR,MYI,1
OKR,NLF,1
OLA,OSL,1
OLB,AMS,1
OLB,ARN,1
OLB,BCN,1
OLB,BLQ,1
OLB,BOD,1
OLB,BRN,2
OLB,BSL,1
OLB,CDG,1
OLB,CGN,4
OLB,DUS,5
OLB,FCO,1
OLB,FDH,1
OLB,FRA,2
OLB,GOA,1
OLB,GVA,2
OLB,HAJ,1
OLB,HAM,4
OLB,LGW,3
OLB,LIN,1
OLB,MUC,5
OLB,MXP,1
OLB,NAP,1
OLB,NCE,1
OLB,NTE,1
OLB,NUE,2
OLB,PRG,1
OLB,RIX,2
OLB,STR,4
OLB,SXF,1
OLB,TRN,1
OLB,TXL,2
OLB,VCE,1
OLB,VIE,5
OLB,VRN,1
OLB,ZRH,5
OLC,TFF,1
OLF,BIL,1
OLH,ADQ,1
OLL,BZV,1
OLP,ADL,1
OLV,DEN,1
OLV,EWR,1
OLV,IAH,1
OLV,ORD,1
OMA,ATL,4
OMA,CLT,2
OMA,DCA,3
OMA,DEN,3
OMA,DFW,2
OMA,DTW,1
OMA,EWR,1
OMA,IAH,1
OMA,LAS,1
OMA,LAX,2
OMA,LGA,1
OMA,MCO,1
OMA,MDW,2
OMA,MIA,1
OMA,MSP,1
OMA,ORD,3
OMA,PHL,1
OMA,PHX,3
OMA,RDU,1
OMA,SAN,1
OMA,SEA,1
OMA,SFO,1
OMA,SLC,1
OMA,STL,2
OMA,YYZ,1
OMD,WDH,1
OME,ANC,1
OME,ELI,2
OME,GAM,2
OME,GLV,1
OME,KKA,1
OME,KTS,1
OME,OTZ,2
OME,SHH,2
OME,SKK,1
OME,SVA,2
OME,TLA,2
OME,TNC,1
OME,UNK,2
OME,WAA,1
OME,WBB,2
OME,WMO,2
OMH,MED,1
OMH,THR,2
OMO,BGY,1
OMO,DUS,1
OMO,ZAG,1
OMR,OTP,2
OMS,AER,1
OMS,DME,3
OMS,DWC,1
OMS,DYU,1
OMS,EVN,1
OMS,GYD,1
OMS,HMA,1
OMS,LED,2
OMS,NJC,1
OMS,NUX,2
OMS,OVB,2
OMS,SAW,1
OMS,SLY,1
OMS,SVO,1
OMS,TAS,1
OMS,TSE,1
OMS,VKO,1
OND,ERS,1
ONG,BUC,2
ONG,DMD,2
ONG,KRB,1
ONG,NTN,2
ONJ,HND,1
ONQ,DTM,1
ONQ,DUS,1
ONQ,IST,1
ONS,PER,1
ONT,ATL,1
ONT,DEN,3
ONT,DFW,2
ONT,GDL,3
ONT,IAH,1
ONT,LAS,2
ONT,MDW,1
ONT,OAK,1
ONT,ORD,1
ONT,PDX,2
ONT,PHX,3
ONT,SEA,2
ONT,SFO,1
ONT,SJC,1
ONT,SLC,1
ONT,SMF,1
ONT,TPE,1
OOK,MYU,1
OOK,TNK,2
OOL,ADL,2
OOL,AKL,3
OOL,AVV,1
OOL,CBR,1
OOL,CHC,3
OOL,CNS,1
OOL,HBA,1
OOL,ICN,1
OOL,ISA,2
OOL,KIX,3
OOL,KUL,1
OOL,MEL,4
OOL,NRT,3
OOL,NTL,1
OOL,PER,1
OOL,SIN,2
OOL,SYD,4
OOL,WLG,1
OOL,ZQN,1
OOM,MIM,1
OOM,SYD,1
OPO,AGP,1
OPO,ALC,1
OPO,AMS,4
OPO,ATH,1
OPO,BCN,5
OPO,BES,1
OPO,BGY,1
OPO,BHX,2
OPO,BIO,1
OPO,BLQ,1
OPO,BOD,1
OPO,BRE,1
OPO,BRS,1
OPO,BRU,5
OPO,BSL,1
OPO,BVA,1
OPO,BVE,1
OPO,CCF,1
OPO,CCS,1
OPO,CDG,3
OPO,CFE,1
OPO,CGN,1
OPO,CIA,1
OPO,CMN,1
OPO,CRL,1
OPO,DLE,1
OPO,DTM,1
OPO,DUB,1
OPO,DUS,1
OPO,EBU,1
OPO,EIN,1
OPO,EWR,2
OPO,FAO,1
OPO,FCO,2
OPO,FKB,1
OPO,FMM,1
OPO,FNC,4
OPO,FRA,3
OPO,GIG,1
OPO,GRU,1
OPO,GVA,3
OPO,HHN,1
OPO,IST,1
OPO,KRK,1
OPO,LAD,1
OPO,LCY,1
OPO,LGW,3
OPO,LHR,1
OPO,LIL,1
OPO,LIS,6
OPO,LPA,1
OPO,LPL,1
OPO,LRH,1
OPO,LTN,1
OPO,LUX,4
OPO,LYS,2
OPO,MAD,7
OPO,MAN,2
OPO,MLA,1
OPO,MRS,1
OPO,MST,1
OPO,MUC,3
OPO,MXP,3
OPO,NRN,1
OPO,NTE,2
OPO,NUE,1
OPO,ORY,5
OPO,PDL,3
OPO,PMI,1
OPO,RAK,1
OPO,STN,1
OPO,STR,1
OPO,SVQ,1
OPO,SXB,1
OPO,SXF,1
OPO,TER,3
OPO,TFS,1
OPO,TLS,1
OPO,TSF,1
OPO,TUF,1
OPO,VLC,1
OPO,XCR,1
OPO,YUL,1
OPO,YYZ,3
OPO,ZRH,3
OPS,BSB,1
OPS,CGB,2
OPS,GRU,1
ORB,BLE,1
ORB,MMX,1
ORD,ABE,2
ORD,ABQ,3
ORD,ACY,2
ORD,ADD,1
ORD,AKL,1
ORD,ALB,3
ORD,ALO,2
ORD,AMM,3
ORD,AMS,5
ORD,ANC,7
ORD,ARN,1
ORD,ART,2
ORD,ASE,2
ORD,ATL,21
ORD,ATW,2
ORD,ATY,1
ORD,AUA,2
ORD,AUH,2
ORD,AUS,3
ORD,AVL,1
ORD,AVP,2
ORD,AZO,3
ORD,BDL,3
ORD,BHM,2
ORD,BIS,1
ORD,BMI,2
ORD,BNA,3
ORD,BOI,2
ORD,BOS,6
ORD,BRL,1
ORD,BRO,1
ORD,BRU,2
ORD,BTV,1
ORD,BUF,3
ORD,BWI,3
ORD,BZE,1
ORD,BZN,2
ORD,CAE,1
ORD,CAK,2
ORD,CDG,10
ORD,CGI,2
ORD,CHA,3
ORD,CHO,3
ORD,CHS,2
ORD,CID,3
ORD,CKB,2
ORD,CLE,3
ORD,CLT,3
ORD,CMH,3
ORD,CMI,2
ORD,CMX,1
ORD,COS,2
ORD,COU,3
ORD,CPH,1
ORD,CRW,1
ORD,CUN,5
ORD,CVG,4
ORD,CWA,3
ORD,CZM,2
ORD,DAY,3
ORD,DBQ,2
ORD,DCA,3
ORD,DEC,3
ORD,DEL,2
ORD,DEN,5
ORD,DFW,7
ORD,DLH,2
ORD,DOH,2
ORD,DSM,3
ORD,DTW,4
ORD,DUB,8
ORD,DUS,8
ORD,EAR,1
ORD,EAU,1
ORD,EDI,1
ORD,EGE,1
ORD,ELM,1
ORD,ELP,3
ORD,ERI,1
ORD,EUG,1
ORD,EVV,3
ORD,EWR,3
ORD,EYW,2
ORD,FAR,3
ORD,FAT,2
ORD,FCO,7
ORD,FLL,4
ORD,FNT,3
ORD,FOE,1
ORD,FRA,3
ORD,FSD,3
ORD,FWA,3
ORD,GCM,3
ORD,GDL,2
ORD,GEG,1
ORD,GRB,3
ORD,GRR,3
ORD,GRU,1
ORD,GSO,2
ORD,GSP,2
ORD,GUA,1
ORD,HEL,1
ORD,HHH,1
ORD,HKG,3
ORD,HND,3
ORD,HNL,2
ORD,HPN,3
ORD,HSV,3
ORD,IAD,1
ORD,IAH,4
ORD,ICN,3
ORD,ICT,3
ORD,ILM,1
ORD,IND,3
ORD,IST,2
ORD,IWD,1
ORD,JAC,1
ORD,JAN,1
ORD,JAX,4
ORD,JFK,6
ORD,JLN,1
ORD,KRK,1
ORD,LAN,2
ORD,LAS,5
ORD,LAX,7
ORD,LCK,1
ORD,LEX,3
ORD,LGA,5
ORD,LGG,1
ORD,LHR,9
ORD,LIR,1
ORD,LIS,1
ORD,LIT,3
ORD,LNK,2
ORD,LSE,2
ORD,LUX,1
ORD,LWB,1
ORD,MAD,4
ORD,MAN,5
ORD,MBJ,4
ORD,MBS,1
ORD,MCI,3
ORD,MCO,5
ORD,MCW,1
ORD,MDT,3
ORD,MDW,1
ORD,MEI,1
ORD,MEM,4
ORD,MEX,7
ORD,MHK,2
ORD,MHT,2
ORD,MIA,5
ORD,MKE,3
ORD,MKG,1
ORD,MLI,3
ORD,MOB,1
ORD,MQT,2
ORD,MSN,3
ORD,MSP,5
ORD,MSY,13
ORD,MTJ,2
ORD,MTY,1
ORD,MUC,2
ORD,MXP,1
ORD,MYR,2
ORD,NAS,2
ORD,NRT,6
ORD,OAK,1
ORD,OGG,1
ORD,OGS,1
ORD,OKC,3
ORD,OMA,3
ORD,ONT,1
ORD,ORF,2
ORD,OST,1
ORD,PAH,1
ORD,PBI,3
ORD,PDX,4
ORD,PEK,5
ORD,PHL,3
ORD,PHX,4
ORD,PIA,3
ORD,PIK,1
ORD,PIT,4
ORD,PLS,2
ORD,PNS,1
ORD,PSP,3
ORD,PTY,2
ORD,PUJ,3
ORD,PVD,2
ORD,PVG,7
ORD,PVR,4
ORD,PWM,1
ORD,RAP,1
ORD,RDU,5
ORD,RFD,1
ORD,RIC,3
ORD,RNO,3
ORD,ROA,1
ORD,ROC,3
ORD,RST,3
ORD,RSW,5
ORD,SAL,1
ORD,SAN,5
ORD,SAT,3
ORD,SAV,1
ORD,SBN,2
ORD,SCE,2
ORD,SDF,3
ORD,SEA,7
ORD,SFO,5
ORD,SGF,3
ORD,SHD,1
ORD,SJC,3
ORD,SJD,4
ORD,SJO,1
ORD,SJU,4
ORD,SLC,4
ORD,SLN,2
ORD,SMF,2
ORD,SNA,3
ORD,SPI,2
ORD,SRQ,2
ORD,STC,1
ORD,STL,3
ORD,STT,2
ORD,SUX,2
ORD,SXM,1
ORD,SYR,3
ORD,TOL,2
ORD,TPA,4
ORD,TPE,1
ORD,TUL,3
ORD,TUS,3
ORD,TVC,3
ORD,TXL,2
ORD,TYS,3
ORD,UVF,2
ORD,VIE,2
ORD,WAW,1
ORD,XNA,3
ORD,YEG,2
ORD,YHZ,3
ORD,YKF,2
ORD,YOW,2
ORD,YQB,2
ORD,YQR,2
ORD,YUL,6
ORD,YVR,5
ORD,YWG,3
ORD,YXE,1
ORD,YXU,2
ORD,YYC,5
ORD,YYZ,7
ORD,ZIH,1
ORD,ZRH,2
ORF,ATL,7
ORF,BOS,1
ORF,BWI,2
ORF,CAK,1
ORF,CKB,1
ORF,CLT,2
ORF,DCA,2
ORF,DEN,1
ORF,DFW,2
ORF,DTW,1
ORF,EWR,1
ORF,IAD,1
ORF,IAH,1
ORF,JFK,3
ORF,LGA,3
ORF,MCO,3
ORF,MDW,2
ORF,MIA,2
ORF,MSP,1
ORF,ORD,2
ORF,PHL,2
ORF,PWM,1
ORF,SBY,1
ORH,DTW,1
ORH,FLL,1
ORH,MCO,1
ORH,PHL,1
ORI,ADQ,1
ORK,ACE,2
ORK,AGP,2
ORK,ALC,2
ORK,AMS,2
ORK,BCN,1
ORK,BHX,1
ORK,BRS,1
ORK,BRU,1
ORK,BUD,1
ORK,CDG,2
ORK,EDI,1
ORK,EMA,1
ORK,FAO,2
ORK,FUE,1
ORK,GDN,1
ORK,GLA,1
ORK,JER,1
ORK,LGW,1
ORK,LHR,1
ORK,LIS,1
ORK,LPA,2
ORK,LPL,1
ORK,MAN,1
ORK,MLA,1
ORK,MUC,1
ORK,NCE,1
ORK,NCL,1
ORK,PMI,2
ORK,POZ,1
ORK,STN,1
ORK,TFS,2
ORK,VNO,1
ORK,WRO,1
ORN,AAE,1
ORN,ALC,3
ORN,ALG,1
ORN,AZR,2
ORN,BCN,3
ORN,BOD,1
ORN,CBH,2
ORN,CDG,3
ORN,CMN,1
ORN,CZL,1
ORN,ELU,1
ORN,FCO,1
ORN,GHA,1
ORN,HME,1
ORN,IST,2
ORN,LIL,2
ORN,LYS,2
ORN,MAD,1
ORN,MED,1
ORN,MLH,1
ORN,MPL,2
ORN,MRS,2
ORN,NTE,1
ORN,OGX,1
ORN,ORY,3
ORN,QSF,1
ORN,TIN,1
ORN,TLS,2
ORN,TMX,1
ORN,TUN,1
ORU,CBB,2
ORU,SRZ,2
ORV,IAN,2
ORV,OTZ,2
ORY,AAE,2
ORY,ABJ,1
ORY,ACE,2
ORY,AGA,2
ORY,AGF,1
ORY,AGP,3
ORY,AJA,2
ORY,ALC,2
ORY,ALG,3
ORY,AMS,2
ORY,ARN,1
ORY,ATH,2
ORY,AUR,2
ORY,AYT,1
ORY,BCN,3
ORY,BES,1
ORY,BEY,1
ORY,BGO,1
ORY,BIA,2
ORY,BIO,2
ORY,BIQ,2
ORY,BJA,3
ORY,BJV,1
ORY,BKO,1
ORY,BLJ,1
ORY,BLQ,2
ORY,BOD,1
ORY,BSK,2
ORY,BSL,1
ORY,BUD,1
ORY,BVE,2
ORY,CAY,3
ORY,CFE,1
ORY,CFR,1
ORY,CLY,2
ORY,CMN,2
ORY,CPH,2
ORY,CTA,1
ORY,CWL,2
ORY,CZL,3
ORY,DBV,1
ORY,DCM,1
ORY,DJE,3
ORY,DKR,1
ORY,DUB,1
ORY,DZA,2
ORY,ESU,2
ORY,ETM,1
ORY,EWR,6
ORY,FAO,2
ORY,FCO,3
ORY,FDF,5
ORY,FEZ,2
ORY,FLR,2
ORY,FNC,2
ORY,FSC,2
ORY,FUE,1
ORY,GVA,1
ORY,HAV,2
ORY,HEL,1
ORY,HER,1
ORY,IBZ,3
ORY,IKA,1
ORY,JFK,4
ORY,KAO,1
ORY,LAI,1
ORY,LCY,2
ORY,LDE,2
ORY,LHR,3
ORY,LIG,2
ORY,LIN,3
ORY,LIS,5
ORY,LPA,3
ORY,LPY,2
ORY,LRH,2
ORY,LRT,1
ORY,LYS,1
ORY,MAD,4
ORY,MIA,1
ORY,MIR,2
ORY,MLA,3
ORY,MLH,1
ORY,MPL,1
ORY,MRS,1
ORY,MXP,1
ORY,NAP,2
ORY,NCE,2
ORY,NDR,1
ORY,NTE,1
ORY,OPO,5
ORY,ORN,3
ORY,OSL,1
ORY,OUD,2
ORY,OZZ,2
ORY,PAP,1
ORY,PDL,1
ORY,PGF,2
ORY,PGX,1
ORY,PMI,4
ORY,PMO,2
ORY,PRG,1
ORY,PSA,2
ORY,PTP,5
ORY,PUF,1
ORY,PUJ,1
ORY,QSF,2
ORY,RAK,2
ORY,RBA,4
ORY,RDZ,1
ORY,RUN,4
ORY,SAW,2
ORY,SCU,2
ORY,SDQ,1
ORY,SFO,1
ORY,SKG,1
ORY,SOU,2
ORY,SVQ,3
ORY,SXB,1
ORY,SXF,1
ORY,SXM,2
ORY,TFN,1
ORY,TFS,3
ORY,TIA,1
ORY,TLM,2
ORY,TLN,1
ORY,TLS,2
ORY,TLV,1
ORY,TNG,2
ORY,TOE,1
ORY,TUN,2
ORY,TXL,1
ORY,UIP,2
ORY,VCE,2
ORY,VKO,2
ORY,VLC,3
ORY,YUL,1
ORZ,CZH,1
ORZ,SPR,1
OSD,ARN,2
OSD,BMA,1
OSD,MMX,1
OSD,UME,1
OSI,DBV,1
OSI,RJK,1
OSI,SPU,1
OSI,STN,1
OSI,STR,1
OSI,ZAG,1
OSL,AAL,4
OSL,AAR,2
OSL,ABZ,2
OSL,ACE,1
OSL,AES,2
OSL,AGP,2
OSL,AJA,1
OSL,ALC,2
OSL,ALF,2
OSL,AMS,3
OSL,ARN,4
OSL,ATH,3
OSL,AYT,1
OSL,BCN,4
OSL,BDU,2
OSL,BEG,1
OSL,BER,1
OSL,BGO,3
OSL,BIO,1
OSL,BKK,3
OSL,BLL,3
OSL,BNN,1
OSL,BOJ,1
OSL,BOO,2
OSL,BRU,2
OSL,BTS,1
OSL,BUD,1
OSL,CDG,4
OSL,CGN,1
OSL,CHQ,2
OSL,CPH,4
OSL,DBV,1
OSL,DOH,1
OSL,DUB,2
OSL,DUS,2
OSL,EDI,2
OSL,EVE,2
OSL,EWR,2
OSL,FAO,1
OSL,FCO,2
OSL,FDE,1
OSL,FLL,1
OSL,FNC,1
OSL,FRA,3
OSL,FRO,1
OSL,FUE,1
OSL,GDN,2
OSL,GOT,2
OSL,GVA,1
OSL,GZP,1
OSL,HAM,3
OSL,HAU,2
OSL,HEL,3
OSL,HOV,1
OSL,ICN,1
OSL,ISB,1
OSL,ISL,1
OSL,IST,2
OSL,JFK,1
OSL,KBP,2
OSL,KEF,3
OSL,KKN,2
OSL,KRK,1
OSL,KRS,2
OSL,KSU,1
OSL,LAX,1
OSL,LCA,2
OSL,LED,1
OSL,LGW,1
OSL,LHR,4
OSL,LIS,2
OSL,LKL,1
OSL,LKN,1
OSL,LPA,2
OSL,LYR,2
OSL,MAD,1
OSL,MAN,2
OSL,MCO,1
OSL,MIA,1
OSL,MJV,1
OSL,MLA,1
OSL,MOL,2
OSL,MQN,1
OSL,MUC,3
OSL,MXP,2
OSL,NCE,2
OSL,OLA,1
OSL,ORY,1
OSL,PLQ,1
OSL,PMI,2
OSL,PRG,2
OSL,PRN,1
OSL,PSA,1
OSL,PUY,1
OSL,RAK,1
OSL,RIX,3
OSL,RRS,1
OSL,SDN,1
OSL,SOG,1
OSL,SPU,1
OSL,SRP,1
OSL,SSJ,1
OSL,SVG,2
OSL,SVJ,1
OSL,SVO,2
OSL,SXF,1
OSL,SZZ,1
OSL,TFS,2
OSL,TLL,4
OSL,TLV,1
OSL,TOS,3
OSL,TRD,2
OSL,TXL,4
OSL,VCE,1
OSL,VDB,1
OSL,VIE,2
OSL,VNO,1
OSL,VXO,1
OSL,WAW,2
OSL,ZAG,1
OSL,ZRH,2
OSM,AMM,2
OSM,IST,1
OSO,CNJ,1
OSR,CDG,1
OSR,MUC,1
OSR,PRG,2
OSR,STN,1
OSS,CEK,2
OSS,DME,5
OSS,FRU,3
OSS,IKT,2
OSS,IST,2
OSS,KJA,2
OSS,KUF,1
OSS,KZN,2
OSS,LED,2
OSS,NJC,1
OSS,OVB,4
OSS,SGC,2
OSS,SVO,1
OSS,SVX,3
OSS,URC,2
OST,AGP,1
OST,ALC,1
OST,AOE,1
OST,HRG,1
OST,LGG,1
OST,TFS,1
OSW,DME,1
OSY,MJF,1
OSY,RVK,1
OSY,TRD,1
OTD,SIC,1
OTH,PDX,1
OTH,SFO,1
OTP,AGP,2
OTP,AHO,1
OTP,ALC,1
OTP,AMM,3
OTP,AMS,2
OTP,ARN,2
OTP,ATH,3
OTP,BAY,2
OTP,BCM,1
OTP,BCN,6
OTP,BEG,2
OTP,BEY,2
OTP,BGY,1
OTP,BHX,2
OTP,BLL,1
OTP,BLQ,1
OTP,BRI,1
OTP,BRU,3
OTP,BSL,1
OTP,BUD,1
OTP,BVA,1
OTP,CAI,1
OTP,CDG,3
OTP,CDT,1
OTP,CGN,1
OTP,CIA,1
OTP,CLJ,3
OTP,CPH,2
OTP,CRL,1
OTP,CTA,2
OTP,CUF,1
OTP,DOH,1
OTP,DSA,1
OTP,DTM,1
OTP,DUB,3
OTP,DUS,2
OTP,DWC,1
OTP,DXB,2
OTP,EDI,1
OTP,EIN,1
OTP,EVN,1
OTP,FCO,4
OTP,FLR,1
OTP,FMM,1
OTP,FRA,3
OTP,GLA,1
OTP,GVA,2
OTP,HAJ,1
OTP,HAM,2
OTP,HEL,1
OTP,IAS,3
OTP,IST,2
OTP,KIV,3
OTP,LCA,4
OTP,LGW,2
OTP,LHR,3
OTP,LIN,3
OTP,LIS,2
OTP,LPL,2
OTP,LTN,2
OTP,LYS,1
OTP,MAD,4
OTP,MLA,1
OTP,MUC,2
OTP,MXP,1
OTP,NAP,2
OTP,NCE,3
OTP,NUE,1
OTP,NYO,1
OTP,OMR,3
OTP,OSL,1
OTP,PEG,1
OTP,PRG,3
OTP,PSA,1
OTP,SAW,1
OTP,SBZ,1
OTP,SCV,1
OTP,SEN,1
OTP,SKG,1
OTP,SOF,3
OTP,STN,1
OTP,STR,1
OTP,SUJ,2
OTP,SVO,2
OTP,TBS,1
OTP,TFS,1
OTP,TGM,1
OTP,TLV,4
OTP,TRF,1
OTP,TRN,1
OTP,TSF,1
OTP,TSR,3
OTP,TXL,2
OTP,VIE,2
OTP,VLC,2
OTP,VRN,1
OTP,WAW,4
OTP,ZAG,1
OTP,ZAZ,1
OTP,ZRH,1
OTZ,ABL,2
OTZ,ANC,1
OTZ,BKC,2
OTZ,DRG,2
OTZ,IAN,2
OTZ,KVL,1
OTZ,OME,2
OTZ,ORV,2
OTZ,PHO,2
OTZ,SHG,2
OTZ,WLK,2
OTZ,WTK,2
OUA,ABJ,7
OUA,ACC,2
OUA,ADD,1
OUA,ALG,1
OUA,BKO,3
OUA,BOY,1
OUA,BRU,5
OUA,CDG,1
OUA,CKY,1
OUA,CMN,1
OUA,COO,2
OUA,DKR,1
OUA,DSS,1
OUA,FNA,1
OUA,IST,1
OUA,LFW,2
OUA,NIM,7
OUA,TUN,1
OUD,BRU,1
OUD,BVA,1
OUD,CMN,1
OUD,CRL,1
OUD,LIL,1
OUD,LYS,1
OUD,MPL,1
OUD,MRS,1
OUD,NRN,1
OUD,ORY,2
OUL,ALC,1
OUL,ARN,1
OUL,HEL,2
OUZ,CMN,1
OUZ,NDB,1
OUZ,NKC,1
OVB,AAQ,1
OVB,ABA,1
OVB,AER,1
OVB,ALA,1
OVB,BHK,1
OVB,BKK,1
OVB,BQS,1
OVB,BTK,2
OVB,CAN,1
OVB,CEK,3
OVB,CIT,1
OVB,CXR,1
OVB,DME,5
OVB,DXB,1
OVB,DYU,2
OVB,EVN,1
OVB,FEG,1
OVB,FRA,2
OVB,FRU,4
OVB,GDX,1
OVB,GOJ,1
OVB,GYD,2
OVB,HFE,1
OVB,HKG,1
OVB,HKT,2
OVB,HMA,1
OVB,HRB,1
OVB,HRG,1
OVB,HTA,1
OVB,ICN,2
OVB,IKT,3
OVB,IST,1
OVB,KBP,1
OVB,KEJ,1
OVB,KGF,1
OVB,KHV,4
OVB,KJA,4
OVB,KQT,1
OVB,KRR,4
OVB,KUF,1
OVB,KYZ,1
OVB,KZN,1
OVB,LBD,3
OVB,LED,5
OVB,MJZ,2
OVB,MRV,1
OVB,MUC,1
OVB,NER,2
OVB,NJC,5
OVB,NMA,2
OVB,NOJ,1
OVB,NOZ,1
OVB,NRT,1
OVB,NSK,3
OVB,NUX,3
OVB,NYM,1
OVB,NZH,1
OVB,OMS,2
OVB,OSS,4
OVB,PEE,1
OVB,PEK,2
OVB,PKC,1
OVB,PRG,1
OVB,PWQ,1
OVB,PYJ,1
OVB,SGC,2
OVB,SIP,1
OVB,SLY,2
OVB,SVO,1
OVB,SVX,8
OVB,TAS,2
OVB,TBS,1
OVB,TJM,2
OVB,TLK,3
OVB,TOF,2
OVB,TSE,1
OVB,UFA,2
OVB,UKK,1
OVB,URC,3
OVB,UUD,1
OVB,UUS,1
OVB,VKO,2
OVB,VVO,2
OVB,YKS,4
OVD,ACE,2
OVD,AGP,3
OVD,ALC,2
OVD,BCN,2
OVD,CDG,2
OVD,LGW,1
OVD,LPA,1
OVD,MAD,2
OVD,PMI,3
OVD,STN,1
OVD,SVQ,3
OVD,TFN,2
OVD,TFS,2
OVD,VLC,2
OVS,EYK,1
OVS,NYM,1
OVS,SVX,1
OVS,TJM,1
OVS,VKO,1
OWB,SFB,1
OWB,STL,1
OXB,BJL,1
OXB,CKY,2
OXB,CMN,1
OXB,DKR,2
OXB,DSS,1
OXB,LIS,1
OXB,RAI,1
OZC,CEB,1
OZC,MNL,3
OZH,IEV,1
OZH,IST,1
OZH,MSQ,1
OZH,VKO,1
OZH,WAW,1
OZZ,CMN,1
OZZ,ORY,2
OZZ,OZG,1
OZZ,RAK,1
PAC,AXM,1
PAC,BFQ,1
PAC,BOC,1
PAC,CHX,1
PAC,CTD,1
PAC,DAV,1
PAC,JQE,1
PAC,MDE,1
PAC,OGM,1
PAC,OTD,1
PAC,PUE,1
PAC,PVE,1
PAC,PYC,1
PAC,SAX,1
PAC,SJO,1
PAD,ACE,1
PAD,AYT,3
PAD,FRA,1
PAD,FUE,2
PAD,HRG,1
PAD,IBZ,1
PAD,LPA,2
PAD,MUC,1
PAD,PMI,3
PAD,TFS,2
PAE,GEG,1
PAE,LAS,1
PAE,LAX,1
PAE,OAK,1
PAE,PDX,1
PAE,PHX,1
PAE,PSP,1
PAE,SAN,1
PAE,SEA,1
PAE,SFO,2
PAE,SJC,1
PAE,SNA,1
PAF,EBB,1
PAG,CEB,1
PAG,MNL,1
PAH,ORD,1
PAP,ATL,1
PAP,CAP,1
PAP,CMW,1
PAP,CUR,1
PAP,FLL,4
PAP,HAV,1
PAP,JBQ,2
PAP,JFK,4
PAP,MCO,1
PAP,MIA,5
PAP,PLS,1
PAP,PTP,2
PAP,PTY,2
PAP,SCU,2
PAP,SDQ,2
PAP,SXM,1
PAP,YUL,2
PAS,ATH,2
PAT,ATQ,1
PAT,BOM,1
PAT,CCU,5
PAT,DEL,5
PAT,IXR,2
PAT,LKO,1
PAV,SSA,1
PAZ,MEX,2
PAZ,REX,2
PAZ,VSA,2
PBC,CUN,1
PBC,DFW,2
PBC,GDL,1
PBC,IAH,1
PBC,MTY,1
PBC,PQM,1
PBC,TGZ,1
PBC,TIJ,1
PBD,BOM,2
PBG,BOS,2
PBG,FLL,2
PBG,MYR,1
PBG,PIE,1
PBG,SFB,1
PBH,BKK,1
PBH,BUT,1
PBH,CCU,2
PBH,DAC,1
PBH,DEL,1
PBH,GAU,1
PBH,GAY,1
PBH,GLU,1
PBH,IXB,1
PBH,KTM,2
PBI,ATL,8
PBI,BDL,1
PBI,BOS,1
PBI,BWI,1
PBI,CLE,1
PBI,CLT,2
PBI,DCA,2
PBI,DFW,2
PBI,DTW,1
PBI,ELH,2
PBI,EWR,2
PBI,HPN,1
PBI,IAH,1
PBI,ISP,1
PBI,JFK,1
PBI,LAX,2
PBI,LGA,4
PBI,MHH,3
PBI,MIA,1
PBI,NAS,2
PBI,ORD,3
PBI,PHL,2
PBI,PVD,1
PBI,SJU,1
PBI,TPA,2
PBI,YUL,1
PBI,YYZ,1
PBJ,ULB,1
PBJ,VLI,1
PBL,MAR,1
PBL,PMV,1
PBM,AMS,2
PBM,AUA,1
PBM,BEL,2
PBM,CAY,1
PBM,CUR,2
PBM,GEO,1
PBM,HAV,1
PBM,POS,3
PBM,PTY,1
PBO,GET,1
PBO,PER,3
PBU,MYT,1
PBZ,CPT,1
PBZ,JNB,1
PCL,IQT,2
PCL,LIM,3
PCL,TPP,1
PCR,BOG,2
PCR,VVC,1
PDA,BOG,2
PDA,VVC,1
PDG,BKS,1
PDG,BTH,2
PDG,CGK,4
PDG,DJB,1
PDG,GNS,1
PDG,HLP,1
PDG,KNO,1
PDG,KUL,1
PDG,PLM,2
PDL,AMS,1
PDL,ARN,1
PDL,BOS,2
PDL,DUS,1
PDL,FLW,1
PDL,FNC,3
PDL,FRA,1
PDL,GVA,1
PDL,HOR,1
PDL,LGW,1
PDL,LIS,2
PDL,LPA,1
PDL,OPO,2
PDL,ORY,1
PDL,PIX,1
PDL,RAI,1
PDL,SJZ,1
PDL,SMA,2
PDL,TER,1
PDL,YYZ,2
PDP,AEP,2
PDP,GRU,1
PDP,ROS,1
PDS,MEX,2
PDT,PDX,1
PDV,HHN,1
PDV,STN,1
PDX,ABQ,2
PDX,AMS,2
PDX,ANC,2
PDX,ATL,4
PDX,AUS,1
PDX,BIL,1
PDX,BLI,1
PDX,BOI,1
PDX,BOS,3
PDX,BUR,3
PDX,BZN,1
PDX,CLT,2
PDX,DAL,1
PDX,DCA,2
PDX,DEN,4
PDX,DFW,4
PDX,DTW,2
PDX,EUG,2
PDX,EWR,2
PDX,FAT,1
PDX,FRA,1
PDX,GEG,1
PDX,HND,1
PDX,HNL,2
PDX,IAD,1
PDX,IAH,1
PDX,JFK,3
PDX,KOA,1
PDX,LAS,3
PDX,LAX,4
PDX,LGB,3
PDX,LHR,1
PDX,LIH,1
PDX,LMT,1
PDX,MCI,2
PDX,MCO,1
PDX,MDW,2
PDX,MFR,1
PDX,MSO,1
PDX,MSP,2
PDX,NRT,1
PDX,OAK,4
PDX,OGG,1
PDX,OKC,1
PDX,ONT,3
PDX,ORD,4
PDX,OTH,1
PDX,PAE,1
PDX,PDT,2
PDX,PHL,2
PDX,PHX,4
PDX,PSC,1
PDX,PSP,1
PDX,PVR,1
PDX,RDM,2
PDX,RNO,2
PDX,SAN,4
PDX,SBA,1
PDX,SEA,3
PDX,SFO,4
PDX,SJC,3
PDX,SJD,1
PDX,SLC,3
PDX,SMF,2
PDX,SNA,2
PDX,STL,1
PDX,STS,1
PDX,TUS,1
PDX,YVR,4
PDX,YYC,3
PEC,ELV,1
PED,DME,1
PED,LED,1
PEE,AER,1
PEE,DME,2
PEE,DWC,1
PEE,KUF,1
PEE,LED,3
PEE,NJC,1
PEE,NOJ,1
PEE,NUX,1
PEE,OVB,1
PEE,PRG,1
PEE,SLY,1
PEE,SVO,1
PEE,VKO,1
PEG,CAG,1
PEG,CRL,1
PEG,LIN,1
PEG,OTP,1
PEG,STN,1
PEG,TPS,1
PEI,ADZ,1
PEI,BOG,3
PEI,EOH,1
PEI,MDE,1
PEI,MIA,1
PEI,PTY,1
PEK,ADD,2
PEK,AKL,1
PEK,ALA,2
PEK,ALG,1
PEK,AMS,2
PEK,AOG,1
PEK,AQG,2
PEK,ARN,2
PEK,ATH,1
PEK,AUH,3
PEK,BAV,3
PEK,BCN,1
PEK,BHY,2
PEK,BKI,1
PEK,BKK,4
PEK,BOM,1
PEK,BOS,1
PEK,BRU,2
PEK,BSD,1
PEK,BUD,1
PEK,CAI,2
PEK,CAN,5
PEK,CDG,4
PEK,CGD,1
PEK,CGK,2
PEK,CGO,3
PEK,CGQ,5
PEK,CHG,2
PEK,CIF,2
PEK,CIH,3
PEK,CJJ,2
PEK,CJU,2
PEK,CKG,8
PEK,CMB,1
PEK,CNX,1
PEK,CPH,2
PEK,CSX,5
PEK,CTS,2
PEK,CTU,7
PEK,CXR,1
PEK,CZX,3
PEK,DAD,1
PEK,DAT,2
PEK,DAX,2
PEK,DDG,2
PEK,DEL,1
PEK,DFW,1
PEK,DLC,6
PEK,DLU,2
PEK,DNH,1
PEK,DOH,1
PEK,DOY,2
PEK,DPS,2
PEK,DQA,3
PEK,DSN,2
PEK,DTW,3
PEK,DUB,1
PEK,DUS,2
PEK,DXB,2
PEK,DYG,3
PEK,ENY,1
PEK,ERL,1
PEK,EWR,2
PEK,FCO,1
PEK,FNJ,2
PEK,FOC,6
PEK,FRA,2
PEK,FUG,2
PEK,GMP,4
PEK,GVA,1
PEK,GYD,1
PEK,GYS,2
PEK,HAK,7
PEK,HAN,3
PEK,HEL,2
PEK,HET,4
PEK,HFE,3
PEK,HGH,8
PEK,HIA,1
PEK,HKG,7
PEK,HKT,3
PEK,HLD,5
PEK,HLH,2
PEK,HMI,2
PEK,HND,5
PEK,HNL,3
PEK,HRB,6
PEK,HSN,2
PEK,HUZ,1
PEK,HYN,2
PEK,IAD,2
PEK,IAH,2
PEK,ICN,4
PEK,IKA,1
PEK,IKT,2
PEK,INC,9
PEK,ISB,3
PEK,IST,3
PEK,JDZ,2
PEK,JFK,3
PEK,JGS,2
PEK,JHG,1
PEK,JIQ,1
PEK,JIU,2
PEK,JJN,3
PEK,JMU,3
PEK,JNB,2
PEK,JNG,1
PEK,JXA,2
PEK,JZH,1
PEK,KHG,1
PEK,KHH,1
PEK,KHI,1
PEK,KHN,5
PEK,KHV,4
PEK,KIX,4
PEK,KJA,3
PEK,KMG,6
PEK,KOS,1
PEK,KOW,3
PEK,KRL,1
PEK,KRY,1
PEK,KUL,3
PEK,KWE,4
PEK,KWL,5
PEK,LAD,1
PEK,LAS,1
PEK,LAX,4
PEK,LED,2
PEK,LFQ,1
PEK,LGW,2
PEK,LHR,3
PEK,LHW,5
PEK,LJG,4
PEK,LLV,1
PEK,LPF,1
PEK,LUM,1
PEK,LXA,2
PEK,LYA,1
PEK,LYG,1
PEK,LYI,1
PEK,LZH,2
PEK,LZO,1
PEK,MAD,2
PEK,MAN,1
PEK,MDG,4
PEK,MEL,1
PEK,MFM,2
PEK,MIG,2
PEK,MLE,2
PEK,MNL,3
PEK,MRU,1
PEK,MSQ,1
PEK,MUC,2
PEK,MWX,2
PEK,MXP,1
PEK,NAO,1
PEK,NBS,1
PEK,NDG,3
PEK,NGB,5
PEK,NGO,5
PEK,NKG,4
PEK,NNG,4
PEK,NNY,1
PEK,NRT,6
PEK,NTG,2
PEK,NZH,1
PEK,OKA,2
PEK,ORD,5
PEK,OVB,2
PEK,PNH,1
PEK,PRG,1
PEK,PUS,4
PEK,PVG,7
PEK,REP,1
PEK,RGN,1
PEK,RIZ,1
PEK,RLK,2
PEK,SEA,5
PEK,SFO,3
PEK,SGN,2
PEK,SHA,7
PEK,SHE,4
PEK,SIN,2
PEK,SJC,1
PEK,SPN,1
PEK,SVO,4
PEK,SVX,2
PEK,SWA,3
PEK,SYD,2
PEK,SYX,5
PEK,SZX,6
PEK,TAE,1
PEK,TAO,5
PEK,TAS,2
PEK,TCZ,1
PEK,TEN,1
PEK,TGO,3
PEK,TIJ,1
PEK,TLV,3
PEK,TNA,2
PEK,TNH,1
PEK,TPE,4
PEK,TSE,2
PEK,TXL,2
PEK,TXN,2
PEK,TYN,3
PEK,UCB,1
PEK,ULN,2
PEK,URC,4
PEK,UUD,1
PEK,UYN,1
PEK,VIE,2
PEK,VKO,1
PEK,VVO,2
PEK,WAW,2
PEK,WDS,1
PEK,WEF,1
PEK,WEH,2
PEK,WMT,1
PEK,WNZ,5
PEK,WUA,3
PEK,WUH,6
PEK,WUS,2
PEK,WUX,3
PEK,WXN,1
PEK,XFN,2
PEK,XIC,1
PEK,XIL,2
PEK,XIY,5
PEK,XMN,7
PEK,XNN,5
PEK,YBP,2
PEK,YCU,2
PEK,YIC,2
PEK,YIH,4
PEK,YIW,3
PEK,YKS,2
PEK,YNJ,3
PEK,YNT,4
PEK,YNZ,2
PEK,YTY,2
PEK,YUL,1
PEK,YVR,2
PEK,YYC,1
PEK,YYZ,3
PEK,ZAT,1
PEK,ZHA,2
PEK,ZHY,1
PEK,ZRH,1
PEK,ZUH,4
PEK,ZYI,3
PEM,CUZ,2
PEM,LIM,1
PEN,BKI,1
PEN,BKK,4
PEN,BTJ,3
PEN,CAN,1
PEN,CGK,2
PEN,DMK,1
PEN,DOH,1
PEN,HAN,2
PEN,HKG,3
PEN,HKT,3
PEN,ICN,1
PEN,JHB,1
PEN,KBR,3
PEN,KCH,1
PEN,KNO,2
PEN,KUA,2
PEN,KUL,4
PEN,LGK,5
PEN,MKZ,2
PEN,MYY,1
PEN,PNH,1
PEN,SGN,3
PEN,SIN,6
PEN,SUB,1
PEN,SZB,3
PEN,TPE,2
PEN,USM,2
PER,ADL,3
PER,AKL,3
PER,ALH,3
PER,ASP,2
PER,AVV,1
PER,BKI,1
PER,BKK,2
PER,BME,2
PER,BNE,4
PER,BQB,2
PER,BYP,2
PER,CAN,1
PER,CBR,1
PER,CCK,1
PER,CGK,2
PER,CHC,1
PER,CJF,2
PER,CKW,1
PER,CNS,1
PER,CVQ,1
PER,DCN,2
PER,DOH,1
PER,DPS,6
PER,DRW,2
PER,DXB,2
PER,EPR,3
PER,GET,3
PER,GTS,1
PER,GYL,1
PER,HBA,1
PER,HKG,1
PER,HKT,1
PER,JNB,2
PER,KFE,1
PER,KGI,3
PER,KNX,4
PER,KTA,2
PER,KUL,2
PER,LEA,3
PER,LER,1
PER,LHR,1
PER,LNO,1
PER,LOP,1
PER,MEL,5
PER,MJK,1
PER,MRU,1
PER,NIF,1
PER,NRT,1
PER,OCM,1
PER,ONS,1
PER,OOL,2
PER,PBO,3
PER,PHE,3
PER,RVT,2
PER,SIN,9
PER,SLJ,1
PER,SYD,5
PER,TEF,1
PER,WLP,1
PER,WME,1
PER,WWI,1
PER,XCH,2
PER,ZNE,2
PES,DME,1
PET,POA,3
PET,RIG,1
PEU,LCE,1
PEU,TGU,1
PEW,AAN,2
PEW,AUH,5
PEW,BAH,1
PEW,CJL,1
PEW,DOH,2
PEW,DSK,1
PEW,DXB,4
PEW,ISB,1
PEW,JED,4
PEW,KBL,1
PEW,KHI,3
PEW,KUL,1
PEW,KWI,1
PEW,LHE,1
PEW,MCT,2
PEW,RUH,3
PEW,SHJ,4
PEZ,DME,2
PFB,ERM,1
PFB,GRU,2
PFB,POA,2
PFB,VCP,1
PFO,AMM,1
PFO,AMS,1
PFO,ATH,1
PFO,BHX,2
PFO,BRS,2
PFO,BRU,1
PFO,CHQ,1
PFO,CRL,1
PFO,DME,2
PFO,EDI,1
PFO,EMA,3
PFO,GLA,1
PFO,GPA,1
PFO,KBP,1
PFO,KRK,1
PFO,KRR,1
PFO,KUN,1
PFO,LBA,1
PFO,LGW,5
PFO,LTN,2
PFO,MAN,6
PFO,NCL,2
PFO,NYO,1
PFO,OTP,1
PFO,RIX,1
PFO,SKG,1
PFO,SOF,1
PFO,STN,2
PFO,TLL,1
PFO,TLV,1
PFO,VKO,1
PFO,ZRH,1
PFQ,THR,1
PGA,DEN,3
PGA,GCN,1
PGA,IGM,1
PGA,PHX,1
PGD,ABE,1
PGD,ALB,1
PGD,ATW,1
PGD,AVL,1
PGD,BLV,1
PGD,BNA,1
PGD,CID,1
PGD,CLE,1
PGD,CVG,1
PGD,DAY,1
PGD,DSM,1
PGD,FNT,1
PGD,FWA,1
PGD,GRR,1
PGD,GSP,1
PGD,IAG,1
PGD,IND,1
PGD,ISP,1
PGD,LCK,1
PGD,LEX,1
PGD,MCI,1
PGD,MDT,1
PGD,PIA,1
PGD,PIT,1
PGD,PSM,1
PGD,PVD,1
PGD,RDU,1
PGD,RFD,1
PGD,ROC,1
PGD,SBN,1
PGD,SDF,1
PGD,SGF,1
PGD,SPI,1
PGD,SWF,1
PGD,TOL,1
PGD,TYS,1
PGD,USA,1
PGD,YNG,1
PGF,CRL,1
PGF,DUB,1
PGF,LIL,1
PGF,NTE,1
PGF,ORY,2
PGF,STN,1
PGF,SXB,1
PGH,DED,1
PGH,DEL,1
PGK,BDO,1
PGK,BTH,1
PGK,CGK,4
PGK,PLM,2
PGK,TJQ,4
PGU,AWZ,1
PGU,IFN,1
PGU,KSH,1
PGU,RAS,2
PGU,SRY,1
PGU,SYZ,2
PGU,TBZ,1
PGU,THR,1
PGV,CLT,2
PGX,EGC,1
PGX,ORY,1
PHB,FOR,1
PHB,THE,1
PHC,ABV,5
PHC,ADD,1
PHC,CDG,1
PHC,IST,1
PHC,LOS,4
PHC,QOW,1
PHE,BME,3
PHE,BNE,1
PHE,DPS,1
PHE,MEL,1
PHE,PER,2
PHF,ATL,3
PHF,CLT,2
PHF,DEN,1
PHF,PHL,2
PHF,SFB,1
PHL,ABE,2
PHL,ALB,2
PHL,AMS,2
PHL,ART,2
PHL,ATH,3
PHL,ATL,10
PHL,AUA,2
PHL,AUS,2
PHL,AVL,1
PHL,AVP,2
PHL,BCN,2
PHL,BDA,2
PHL,BDL,2
PHL,BGM,2
PHL,BGR,2
PHL,BHM,2
PHL,BNA,4
PHL,BOS,4
PHL,BRU,2
PHL,BTV,2
PHL,BUF,2
PHL,BWI,2
PHL,CAE,2
PHL,CAK,2
PHL,CDG,4
PHL,CHA,1
PHL,CHO,2
PHL,CHS,2
PHL,CLE,2
PHL,CLT,3
PHL,CMH,2
PHL,CRW,1
PHL,CUN,3
PHL,CVG,3
PHL,DAY,2
PHL,DCA,2
PHL,DEN,6
PHL,DFW,4
PHL,DOH,2
PHL,DSM,1
PHL,DTW,3
PHL,DUB,3
PHL,EGE,1
PHL,ELM,2
PHL,ERI,2
PHL,EWR,2
PHL,EYW,1
PHL,FCO,2
PHL,FLL,4
PHL,FRA,3
PHL,FWA,1
PHL,GCM,2
PHL,GLA,2
PHL,GRR,1
PHL,GSO,2
PHL,GSP,2
PHL,HPN,2
PHL,HVN,2
PHL,IAD,1
PHL,IAH,3
PHL,ICT,1
PHL,ILM,2
PHL,IND,2
PHL,IPT,2
PHL,ISP,2
PHL,ITH,2
PHL,JAX,3
PHL,JFK,2
PHL,LAS,5
PHL,LAX,3
PHL,LEX,1
PHL,LGA,2
PHL,LHR,5
PHL,LIS,3
PHL,MAD,2
PHL,MAN,2
PHL,MBJ,2
PHL,MCI,2
PHL,MCO,5
PHL,MDT,2
PHL,MDW,2
PHL,MEM,1
PHL,MHT,2
PHL,MIA,3
PHL,MKE,2
PHL,MLB,1
PHL,MSN,1
PHL,MSP,3
PHL,MSY,3
PHL,MUC,2
PHL,MYR,3
PHL,NAS,2
PHL,OKC,1
PHL,OMA,1
PHL,ORD,3
PHL,ORF,2
PHL,ORH,1
PHL,PBI,2
PHL,PDX,2
PHL,PHF,2
PHL,PHX,4
PHL,PIT,2
PHL,PLS,2
PHL,PNS,1
PHL,PUJ,3
PHL,PVD,2
PHL,PWM,2
PHL,RDU,3
PHL,RIC,2
PHL,ROA,2
PHL,ROC,2
PHL,RSW,4
PHL,SAN,2
PHL,SAT,2
PHL,SAV,2
PHL,SBY,2
PHL,SCE,2
PHL,SDF,2
PHL,SDQ,2
PHL,SEA,3
PHL,SFO,4
PHL,SJU,3
PHL,SLC,3
PHL,SRQ,2
PHL,STL,3
PHL,STT,2
PHL,SWF,2
PHL,SXM,2
PHL,SYR,2
PHL,TLV,2
PHL,TPA,4
PHL,TYS,2
PHL,UVF,1
PHL,VCE,2
PHL,XNA,1
PHL,YHZ,2
PHL,YOW,2
PHL,YQB,2
PHL,YUL,3
PHL,YYZ,4
PHL,ZRH,2
PHO,LUR,1
PHO,OTZ,2
PHO,PIZ,1
PHS,CNX,1
PHS,DMK,2
PHW,JNB,1
PHX,ABQ,4
PHX,ANC,3
PHX,ASE,1
PHX,ATL,9
PHX,AUS,3
PHX,BFL,2
PHX,BNA,1
PHX,BOI,3
PHX,BOS,3
PHX,BUF,1
PHX,BUR,3
PHX,BWI,3
PHX,CEZ,1
PHX,CID,1
PHX,CLE,2
PHX,CLT,2
PHX,CMH,3
PHX,COS,1
PHX,CUN,2
PHX,CUU,1
PHX,CVG,2
PHX,DCA,2
PHX,DEN,7
PHX,DFW,3
PHX,DRO,2
PHX,DSM,2
PHX,DTW,4
PHX,EGE,1
PHX,ELP,3
PHX,EUG,1
PHX,EWR,4
PHX,FAT,2
PHX,FLG,2
PHX,FLL,4
PHX,FRA,2
PHX,FSD,1
PHX,GDL,3
PHX,GEG,3
PHX,GJT,2
PHX,GRR,1
PHX,HMO,4
PHX,HNL,3
PHX,HOU,2
PHX,IAD,1
PHX,IAH,3
PHX,ICT,2
PHX,IND,3
PHX,JFK,5
PHX,KOA,2
PHX,LAS,4
PHX,LAX,6
PHX,LBB,1
PHX,LGB,2
PHX,LHR,4
PHX,LIH,2
PHX,LIT,1
PHX,MAF,1
PHX,MCI,3
PHX,MCO,3
PHX,MDW,1
PHX,MEM,1
PHX,MEX,3
PHX,MFR,1
PHX,MIA,2
PHX,MKE,3
PHX,MRY,2
PHX,MSN,1
PHX,MSP,5
PHX,MSY,2
PHX,MTJ,1
PHX,MZT,2
PHX,OAK,4
PHX,OGG,2
PHX,OKC,2
PHX,OMA,3
PHX,ONT,4
PHX,ORD,3
PHX,PAE,1
PHX,PDX,5
PHX,PGA,1
PHX,PHL,4
PHX,PIT,3
PHX,PSP,2
PHX,PVR,2
PHX,RAP,1
PHX,RDM,1
PHX,RDU,2
PHX,RNO,3
PHX,ROW,1
PHX,SAF,1
PHX,SAN,5
PHX,SAT,3
PHX,SBA,2
PHX,SBP,2
PHX,SDF,1
PHX,SEA,5
PHX,SFO,4
PHX,SGU,1
PHX,SJC,4
PHX,SJD,2
PHX,SJO,1
PHX,SLC,4
PHX,SMF,3
PHX,SNA,4
PHX,SOW,4
PHX,STL,3
PHX,STS,1
PHX,SVC,2
PHX,TPA,3
PHX,TUL,2
PHX,TUS,2
PHX,YEG,3
PHX,YLW,1
PHX,YQR,1
PHX,YUL,1
PHX,YUM,2
PHX,YVR,4
PHX,YWG,1
PHX,YXE,1
PHX,YYC,4
PHX,YYZ,2
PHX,ZIH,2
PHX,ZLO,1
PIA,ATL,3
PIA,AZA,1
PIA,CLT,1
PIA,DEN,1
PIA,DFW,2
PIA,DTW,1
PIA,LAS,1
PIA,MSP,1
PIA,ORD,3
PIA,PGD,1
PIA,PIE,1
PIB,ATL,1
PIB,DFW,1
PIE,ABE,1
PIE,ALB,1
PIE,ATW,1
PIE,AVL,1
PIE,BGR,1
PIE,BLV,1
PIE,BMI,1
PIE,BNA,1
PIE,BWI,1
PIE,CHA,1
PIE,CID,1
PIE,CLE,1
PIE,CVG,1
PIE,DSM,1
PIE,ELM,1
PIE,FAR,1
PIE,FNT,1
PIE,FSD,1
PIE,FWA,1
PIE,GRR,1
PIE,GSO,1
PIE,GSP,1
PIE,HTS,1
PIE,IAG,1
PIE,IND,1
PIE,LCK,1
PIE,LEX,1
PIE,MDT,1
PIE,MEM,1
PIE,MLI,1
PIE,OMA,1
PIE,ORD,1
PIE,ORF,1
PIE,PBG,1
PIE,PIA,1
PIE,PIT,1
PIE,RFD,1
PIE,ROA,1
PIE,SBN,1
PIE,SCE,1
PIE,SDF,1
PIE,SGF,1
PIE,SWF,1
PIE,SYR,1
PIE,TOL,1
PIE,TRI,1
PIE,TVC,1
PIE,TYS,1
PIE,USA,1
PIE,YNG,1
PIH,SLC,1
PIK,ACE,1
PIK,AGP,1
PIK,ALC,1
PIK,BCN,1
PIK,CCF,1
PIK,CDG,1
PIK,CFU,1
PIK,CIA,1
PIK,DUB,1
PIK,FAO,1
PIK,FUE,1
PIK,IBZ,1
PIK,LDY,1
PIK,LPA,1
PIK,MJV,1
PIK,MLA,1
PIK,PMI,1
PIK,REU,1
PIK,RIX,1
PIK,TFS,1
PIK,WMI,1
PIK,WRO,1
PIN,MAO,1
PIP,UGB,1
PIR,ATY,3
PIR,COS,1
PIR,DEN,3
PIR,HON,3
PIS,AJA,1
PIS,LRH,2
PIS,LYS,2
PIS,SNN,1
PIS,STN,1
PIT,ATL,7
PIT,BDL,2
PIT,BNA,1
PIT,BOS,4
PIT,BWI,2
PIT,CDG,2
PIT,CLT,2
PIT,CMH,1
PIT,CUN,1
PIT,CVG,2
PIT,DCA,2
PIT,DEN,2
PIT,DFW,3
PIT,DTW,1
PIT,EWR,1
PIT,FLL,1
PIT,HOU,1
PIT,IAD,1
PIT,IAH,1
PIT,IND,1
PIT,JFK,3
PIT,LAS,1
PIT,LAX,4
PIT,LGA,3
PIT,LHR,1
PIT,LUX,1
PIT,MCO,3
PIT,MDW,2
PIT,MEM,1
PIT,MIA,2
PIT,MSP,1
PIT,ORD,3
PIT,PHL,2
PIT,PHX,3
PIT,PUJ,2
PIT,RDU,3
PIT,RIC,1
PIT,RSW,1
PIT,SEA,1
PIT,SFO,1
PIT,SLC,1
PIT,STL,2
PIT,TPA,2
PIT,YUL,1
PIT,YYZ,2
PIU,LIM,2
PIX,PDL,1
PIX,TER,3
PIZ,BRW,1
PIZ,PHO,1
PJA,LLA,1
PJA,TLL,1
PJG,KHI,1
PJM,DRK,1
PJM,GLF,2
PJM,SJO,3
PJM,SYQ,1
PKA,BET,1
PKB,CLE,1
PKC,DME,1
PKC,KHV,3
PKC,OVB,1
PKC,SVO,1
PKC,UUS,1
PKC,VVO,3
PKE,BHS,1
PKE,SYD,1
PKN,BDJ,1
PKN,CGK,1
PKN,KTG,2
PKN,PKY,1
PKN,SMQ,1
PKN,SOC,1
PKN,SRG,2
PKN,SUB,1
PKP,FGU,1
PKP,NAU,1
PKR,BHR,1
PKR,BWA,1
PKR,JMO,1
PKR,KTM,1
PKU,BDO,2
PKU,BTH,2
PKU,CGK,6
PKU,DJB,1
PKU,DUM,1
PKU,JOG,3
PKU,KNO,1
PKU,KUL,2
PKU,PDG,1
PKU,SIN,4
PKU,SZB,2
PKU,TNJ,1
PKX,ACX,2
PKX,AOG,1
PKX,AVA,1
PKX,BAV,2
PKX,BFJ,1
PKX,BKK,1
PKX,CAN,3
PKX,CGD,1
PKX,CGQ,3
PKX,CIF,1
PKX,CIH,1
PKX,CKG,1
PKX,CTU,3
PKX,DAD,1
PKX,DAT,1
PKX,DBC,1
PKX,DOY,2
PKX,DQA,1
PKX,DSN,1
PKX,ENY,1
PKX,ERL,1
PKX,FOC,1
PKX,FUG,1
PKX,GMQ,1
PKX,HAK,1
PKX,HEL,1
PKX,HET,1
PKX,HFE,1
PKX,HGH,4
PKX,HIA,2
PKX,HJJ,1
PKX,HKG,1
PKX,HLH,1
PKX,HNY,1
PKX,HRB,2
PKX,HUZ,1
PKX,HZG,1
PKX,INC,4
PKX,IQN,1
PKX,JUH,1
PKX,JUZ,1
PKX,KHN,2
PKX,KMG,1
PKX,KWL,1
PKX,LCX,1
PKX,LDS,1
PKX,LHR,1
PKX,LHW,1
PKX,LLF,1
PKX,LLV,1
PKX,LNL,1
PKX,LYA,1
PKX,LYG,1
PKX,LYI,2
PKX,MIG,1
PKX,MLE,1
PKX,MXZ,1
PKX,NAO,1
PKX,NDG,1
PKX,NGB,2
PKX,NKG,1
PKX,NNG,1
PKX,NNY,1
PKX,NTG,1
PKX,NZL,1
PKX,PVG,3
PKX,RIZ,1
PKX,RLK,1
PKX,SHA,2
PKX,SHE,1
PKX,SQD,1
PKX,SQJ,1
PKX,SWA,1
PKX,SYX,3
PKX,SZX,3
PKX,TAO,1
PKX,TEN,2
PKX,TGO,1
PKX,UCB,1
PKX,URC,2
PKX,UYN,1
PKX,WDS,1
PKX,WEH,1
PKX,WNZ,1
PKX,WUA,1
PKX,WUZ,1
PKX,XAI,1
PKX,XFN,1
PKX,XIL,1
PKX,XMN,2
PKX,XNN,3
PKX,YIE,1
PKX,YIH,1
PKX,YKH,1
PKX,YNT,1
PKX,YNZ,1
PKX,YTY,1
PKX,YYA,1
PKX,ZUH,1
PKX,ZYI,2
PKY,CGK,2
PKY,PKN,1
PKY,SUB,2
PKZ,BKK,1
PKZ,LPQ,1
PKZ,REP,1
PKZ,SGN,1
PKZ,VTE,1
PKZ,ZVK,1
PLJ,BZE,1
PLJ,DGA,3
PLJ,INB,1
PLJ,PND,3
PLJ,SVK,1
PLM,BDO,1
PLM,BKS,2
PLM,BTH,2
PLM,BUU,1
PLM,CGK,4
PLM,DJB,2
PLM,DPS,1
PLM,HLP,1
PLM,JOG,2
PLM,KNO,1
PLM,KUL,1
PLM,PDG,1
PLM,PGK,5
PLM,PKU,1
PLM,SIN,4
PLM,SRG,1
PLM,SUB,1
PLM,TKG,4
PLM,YIA,2
PLN,APN,1
PLN,DTW,1
PLO,ADL,2
PLQ,CPH,1
PLQ,OSL,1
PLQ,RIX,1
PLS,ANU,1
PLS,ATL,1
PLS,BOS,3
PLS,CAP,3
PLS,CLT,2
PLS,DFW,2
PLS,EWR,1
PLS,GDT,2
PLS,IAD,1
PLS,JFK,2
PLS,KIN,1
PLS,MIA,2
PLS,NAS,3
PLS,ORD,2
PLS,PAP,2
PLS,PHL,2
PLS,POP,1
PLS,SDQ,1
PLS,SJU,1
PLS,SLX,1
PLS,STI,1
PLS,XSC,1
PLS,YUL,1
PLS,YYZ,2
PLU,AAX,1
PLU,CFB,1
PLU,GRU,1
PLU,GVR,1
PLU,IPN,1
PLU,MOC,1
PLU,POJ,1
PLU,RAO,2
PLU,SJK,1
PLU,UDI,1
PLU,VCP,1
PLU,VDC,1
PLW,BPN,2
PLW,CGK,2
PLW,GTO,1
PLW,LUW,1
PLW,MOH,1
PLW,PXA,1
PLW,SUB,1
PLW,TKG,1
PLW,TLI,1
PLW,UOL,1
PLW,UPG,3
PLX,ALA,1
PLX,TSE,1
PLX,UKK,1
PLZ,CPT,4
PLZ,DUR,2
PLZ,ELS,1
PLZ,HLA,1
PLZ,JNB,4
PMC,BBA,2
PMC,CCP,1
PMC,MHC,1
PMC,PUQ,4
PMC,SCL,3
PMF,AHO,1
PMF,CAG,1
PMF,STN,1
PMF,TPS,1
PMI,AAL,1
PMI,AAR,1
PMI,AGP,5
PMI,ALC,4
PMI,ALG,1
PMI,AMS,3
PMI,ARN,2
PMI,BCN,6
PMI,BER,1
PMI,BFS,2
PMI,BGO,1
PMI,BGY,1
PMI,BHD,1
PMI,BHX,5
PMI,BIO,4
PMI,BLK,1
PMI,BLL,1
PMI,BLQ,1
PMI,BOD,3
PMI,BOH,2
PMI,BRE,4
PMI,BRN,2
PMI,BRS,4
PMI,BRU,4
PMI,BSL,4
PMI,BTS,1
PMI,BVA,1
PMI,CDG,2
PMI,CGN,6
PMI,CIA,1
PMI,CPH,3
PMI,CRL,1
PMI,CWL,1
PMI,DME,2
PMI,DRS,2
PMI,DSA,2
PMI,DTM,4
PMI,DUB,2
PMI,DUS,6
PMI,EDI,4
PMI,EIN,2
PMI,EMA,5
PMI,ERF,1
PMI,EXT,3
PMI,FAO,1
PMI,FDH,2
PMI,FKB,3
PMI,FMM,2
PMI,FMO,2
PMI,FRA,5
PMI,GLA,4
PMI,GOT,1
PMI,GRO,1
PMI,GRQ,2
PMI,GRX,3
PMI,GRZ,3
PMI,GSE,1
PMI,GVA,2
PMI,HAJ,5
PMI,HAM,6
PMI,HEL,2
PMI,HHN,1
PMI,IBZ,3
PMI,ILD,1
PMI,INN,2
PMI,KSC,1
PMI,KSF,1
PMI,KUN,1
PMI,LBA,4
PMI,LBC,1
PMI,LCG,1
PMI,LCY,2
PMI,LEI,2
PMI,LEJ,3
PMI,LGG,1
PMI,LGW,7
PMI,LHR,2
PMI,LIS,1
PMI,LNZ,3
PMI,LPL,2
PMI,LTN,3
PMI,LUX,1
PMI,LYS,2
PMI,MAD,5
PMI,MAH,3
PMI,MAN,8
PMI,MLN,1
PMI,MPL,1
PMI,MRS,3
PMI,MST,1
PMI,MUC,6
PMI,MXP,1
PMI,NCL,4
PMI,NDR,1
PMI,NRN,1
PMI,NTE,1
PMI,NUE,3
PMI,NYO,1
PMI,OPO,1
PMI,ORK,2
PMI,ORY,4
PMI,OSL,2
PMI,OST,1
PMI,OVD,3
PMI,PAD,3
PMI,PIK,1
PMI,PRG,2
PMI,REU,1
PMI,RLG,1
PMI,RTM,1
PMI,RYG,1
PMI,SCN,2
PMI,SCQ,3
PMI,SDR,1
PMI,SEN,1
PMI,SNN,1
PMI,SOF,1
PMI,SOU,1
PMI,STN,3
PMI,STR,6
PMI,SVO,1
PMI,SVQ,5
PMI,SXF,3
PMI,SZG,2
PMI,TLS,2
PMI,TRF,1
PMI,TXL,3
PMI,VIE,4
PMI,VLC,6
PMI,WMI,1
PMI,XRY,2
PMI,ZAZ,2
PMI,ZQW,1
PMI,ZRH,6
PMO,AMS,2
PMO,AOI,1
PMO,ARN,2
PMO,ATH,1
PMO,BCN,2
PMO,BGY,1
PMO,BLQ,1
PMO,BOD,1
PMO,BRI,2
PMO,BRU,1
PMO,BUD,1
PMO,BVA,1
PMO,CDG,4
PMO,CGN,2
PMO,CRL,1
PMO,CTA,2
PMO,FCO,4
PMO,FLR,3
PMO,FMM,1
PMO,FRA,1
PMO,GOA,1
PMO,LGW,3
PMO,LIN,2
PMO,LMP,2
PMO,MAD,1
PMO,MPL,1
PMO,MRS,1
PMO,MUC,2
PMO,MXP,3
PMO,NAP,2
PMO,NRN,1
PMO,NTE,1
PMO,NUE,1
PMO,ORY,2
PMO,OTP,1
PMO,PNL,2
PMO,PSA,1
PMO,STN,1
PMO,STR,1
PMO,SVO,2
PMO,SVQ,1
PMO,SXB,1
PMO,SXF,1
PMO,TRN,4
PMO,TSF,1
PMO,TUN,1
PMO,TXL,2
PMO,VCE,3
PMO,VIE,1
PMO,VRN,4
PMO,WRO,1
PMR,AKL,1
PMR,CHC,1
PMR,HLZ,1
PMR,NSN,1
PMR,WLG,1
PMV,BLA,1
PMV,BOG,1
PMV,BRM,1
PMV,CCS,5
PMV,CLO,1
PMV,GND,1
PMV,GYE,1
PMV,HAV,1
PMV,LFR,1
PMV,MAO,1
PMV,MAR,1
PMV,MDE,1
PMV,MUN,1
PMV,PBL,2
PMV,POS,2
PMV,PZO,2
PMV,STD,2
PMV,TUV,1
PMV,VIG,1
PMV,VLN,2
PMW,AUX,2
PMW,BSB,3
PMW,GRU,1
PMW,GYN,2
PMY,AEP,1
PMZ,SJO,3
PNA,FRA,1
PNA,MAD,2
PND,INB,1
PND,PLJ,1
PNH,BKK,8
PNH,CAN,3
PNH,CGK,1
PNH,CKG,1
PNH,CTU,1
PNH,DAD,1
PNH,DMK,1
PNH,DOH,1
PNH,HAK,1
PNH,HAN,2
PNH,HKG,3
PNH,HYD,1
PNH,ICN,2
PNH,KMG,1
PNH,KOS,4
PNH,KUL,2
PNH,MFM,3
PNH,NNG,1
PNH,NRT,1
PNH,PEK,1
PNH,PVG,2
PNH,REP,2
PNH,RGN,1
PNH,SGN,3
PNH,SIN,5
PNH,SZX,2
PNH,TPE,3
PNH,VTE,2
PNH,XMN,1
PNI,KSA,1
PNI,KWA,1
PNI,MAJ,1
PNI,TKK,1
PNK,BTH,2
PNK,CGK,4
PNK,KCH,2
PNK,KTG,3
PNK,PKY,1
PNK,PSU,2
PNK,SQG,2
PNK,SUB,1
PNL,PMO,1
PNL,TPS,1
PNL,VCE,1
PNP,GUR,1
PNP,LAE,1
PNP,POM,2
PNP,TFI,1
PNQ,AMD,2
PNQ,BHO,1
PNQ,BLR,5
PNQ,BOM,2
PNQ,CCU,1
PNQ,COK,1
PNQ,DEL,6
PNQ,DXB,2
PNQ,GOI,4
PNQ,HYD,7
PNQ,IDR,2
PNQ,IXC,1
PNQ,IXG,1
PNQ,JAI,1
PNQ,MAA,3
PNQ,NAG,2
PNQ,SHJ,2
PNR,ABJ,1
PNR,ADD,1
PNR,BZV,6
PNR,CDG,2
PNR,CMN,1
PNR,COO,4
PNR,DLA,1
PNR,FIH,1
PNR,IST,1
PNR,JNB,1
PNR,LBV,3
PNR,POG,1
PNS,ATL,5
PNS,BNA,1
PNS,CLT,2
PNS,DCA,2
PNS,DFW,2
PNS,HOU,1
PNS,IAH,1
PNS,MCO,2
PNS,MIA,2
PNS,ORD,1
PNS,PHL,1
PNS,TPA,2
PNT,PUQ,1
PNZ,BSB,1
PNZ,CNF,1
PNZ,GRU,1
PNZ,REC,2
PNZ,SSA,1
POA,AEP,1
POA,BPS,2
POA,BSB,3
POA,CGH,4
POA,CNF,1
POA,COR,1
POA,CWB,4
POA,ERM,1
POA,EZE,2
POA,FLN,3
POA,GEL,1
POA,GIG,3
POA,GRU,5
POA,IGU,1
POA,JOI,1
POA,LDB,1
POA,LIM,3
POA,LIS,1
POA,MCZ,1
POA,MGF,1
POA,MIA,2
POA,MVD,3
POA,NVT,1
POA,PDP,1
POA,PET,1
POA,PFB,2
POA,PTY,1
POA,RIA,2
POA,RIG,1
POA,ROS,1
POA,SCL,1
POA,SDU,3
POA,SRA,1
POA,URG,1
POA,VCP,2
POA,XAP,1
POG,PNR,1
POI,LPB,2
POJ,PLU,1
POL,APL,2
POL,BEW,2
POL,DAR,1
POL,JNB,2
POL,MPM,2
POL,NBO,2
POM,BNE,4
POM,BUA,1
POM,BUL,1
POM,CEB,1
POM,CMU,1
POM,CNS,3
POM,DAU,2
POM,DPS,1
POM,GKA,2
POM,GUR,2
POM,HGU,2
POM,HIR,1
POM,HKG,1
POM,HKN,2
POM,KVG,1
POM,LAE,2
POM,LNV,2
POM,MAG,1
POM,MAS,1
POM,MDU,1
POM,MNL,1
POM,MXH,2
POM,NRT,1
POM,PNP,2
POM,PVG,1
POM,RAB,2
POM,SIN,1
POM,SYD,2
POM,TBG,2
POM,TFI,1
POM,TIZ,2
POM,TKK,1
POM,UNG,2
POM,VAI,1
POM,WBM,2
POM,WWK,1
POP,ANU,1
POP,AZS,1
POP,CDG,1
POP,CLT,1
POP,DUS,2
POP,EWR,1
POP,FRA,1
POP,HEL,1
POP,JFK,1
POP,LRM,1
POP,MIA,2
POP,PLS,2
POP,PUJ,1
POP,SDQ,2
POP,SJU,1
POP,YHZ,1
POP,YUL,2
POP,YYZ,3
POR,ARN,1
POR,HEL,1
POR,KOK,1
POS,ANU,1
POS,BGI,1
POS,CCS,1
POS,CUR,3
POS,EWR,1
POS,FLL,2
POS,GEO,1
POS,GND,3
POS,HAV,1
POS,IAH,1
POS,JFK,2
POS,KIN,1
POS,LGW,1
POS,MCO,1
POS,MIA,3
POS,OGL,1
POS,PBM,3
POS,PMV,1
POS,PTY,2
POS,SLU,2
POS,SVD,2
POS,SXM,1
POS,TAB,1
POS,UVF,2
POS,YYZ,3
POZ,BCN,1
POZ,BHX,1
POZ,BRS,1
POZ,BVA,2
POZ,CIA,1
POZ,CPH,1
POZ,DSA,1
POZ,DUB,1
POZ,DUS,1
POZ,EDI,1
POZ,FRA,2
POZ,GRO,1
POZ,HRK,1
POZ,KBP,1
POZ,KUT,1
POZ,LPL,1
POZ,LTN,1
POZ,MUC,2
POZ,NYO,1
POZ,ODS,1
POZ,RYG,1
POZ,STN,1
POZ,TLV,1
POZ,TRF,1
POZ,WAW,1
PPB,CGH,1
PPB,VCP,1
PPG,HNL,1
PPK,ALA,1
PPK,TSE,1
PPN,BOG,1
PPP,BNE,2
PPP,MEL,1
PPP,SYD,2
PPQ,AKL,1
PPQ,CHC,1
PPS,BKI,1
PPS,CEB,1
PPS,DVO,1
PPS,HKG,1
PPS,ILO,1
PPS,MNL,5
PPS,TPE,1
PPT,AAA,1
PPT,AHE,1
PPT,AKL,4
PPT,APK,1
PPT,AUQ,1
PPT,AXR,1
PPT,BOB,1
PPT,FAC,1
PPT,FAV,1
PPT,FGU,1
PPT,GMR,1
PPT,HNL,1
PPT,HOI,1
PPT,HUH,1
PPT,IPC,1
PPT,KHZ,1
PPT,KKR,1
PPT,LAX,6
PPT,MAU,1
PPT,MKP,1
PPT,MOZ,1
PPT,MVT,1
PPT,NHV,1
PPT,NOU,1
PPT,NRT,2
PPT,RAR,2
PPT,RFP,1
PPT,RGI,1
PPT,RKA,1
PPT,RMT,1
PPT,RRR,1
PPT,RUR,1
PPT,RVV,1
PPT,SFO,1
PPT,TIH,1
PPT,TKV,1
PPT,TKX,1
PPT,TUB,1
PPT,XMH,1
PPV,KTN,1
PPW,KOI,1
PPW,NRL,1
PPW,WRY,1
PQC,CAN,1
PQC,HAN,2
PQC,HKG,1
PQC,ICN,2
PQC,SGN,3
PQC,VCA,1
PQI,BOS,2
PQM,MEX,1
PQM,TGZ,1
PQQ,BNE,2
PQQ,LDH,1
PQQ,SYD,3
PQS,BET,2
PQS,MOU,1
PRA,AEP,2
PRC,DEN,1
PRC,LAX,2
PRG,ACE,1
PRG,AGP,2
PRG,ALA,1
PRG,AMM,1
PRG,AMS,4
PRG,AOK,1
PRG,ARN,5
PRG,ATH,1
PRG,AYT,1
PRG,BCN,5
PRG,BEG,1
PRG,BEY,1
PRG,BGO,1
PRG,BGY,1
PRG,BHX,1
PRG,BIO,1
PRG,BLL,1
PRG,BLQ,1
PRG,BOH,1
PRG,BOJ,1
PRG,BRI,2
PRG,BRS,1
PRG,BRU,4
PRG,BSL,1
PRG,BTS,2
PRG,BUD,2
PRG,CAG,1
PRG,CDG,6
PRG,CEK,2
PRG,CFU,1
PRG,CGN,2
PRG,CHQ,1
PRG,CLJ,2
PRG,CPH,5
PRG,CTA,1
PRG,DBV,1
PRG,DOH,1
PRG,DUB,2
PRG,DUS,4
PRG,DXB,3
PRG,EDI,2
PRG,EFL,1
PRG,EIN,1
PRG,EMA,1
PRG,EVN,2
PRG,FAO,1
PRG,FCO,7
PRG,FLR,1
PRG,FNC,1
PRG,FRA,4
PRG,FUE,1
PRG,GOJ,2
PRG,GOT,2
PRG,GVA,1
PRG,GYD,2
PRG,HAM,3
PRG,HEL,3
PRG,HER,2
PRG,HRG,1
PRG,ICN,2
PRG,ISL,1
PRG,IST,1
PRG,JFK,1
PRG,KBP,3
PRG,KEF,1
PRG,KGS,1
PRG,KRR,1
PRG,KSC,2
PRG,KUF,2
PRG,KUT,1
PRG,KZN,1
PRG,LBA,1
PRG,LCA,1
PRG,LCY,1
PRG,LED,4
PRG,LEI,1
PRG,LGW,2
PRG,LHR,3
PRG,LIN,1
PRG,LIS,1
PRG,LJU,1
PRG,LPA,1
PRG,LTN,1
PRG,LYS,2
PRG,MAD,4
PRG,MAH,1
PRG,MAN,2
PRG,MLA,2
PRG,MRS,2
PRG,MSQ,2
PRG,MUC,1
PRG,MXP,3
PRG,NAP,2
PRG,NCE,2
PRG,NCL,1
PRG,NTE,1
PRG,NYO,1
PRG,ODS,1
PRG,OLB,1
PRG,ORY,1
PRG,OSL,2
PRG,OSR,2
PRG,OTP,3
PRG,OVB,1
PRG,PEE,1
PRG,PMI,2
PRG,PSA,2
PRG,PVG,1
PRG,PVK,1
PRG,RHO,2
PRG,RIX,3
PRG,RKT,1
PRG,RMF,1
PRG,ROV,2
PRG,RTM,1
PRG,RTW,1
PRG,SKG,1
PRG,SMI,1
PRG,SOF,2
PRG,SPU,1
PRG,STN,2
PRG,STR,1
PRG,SUF,1
PRG,SVO,3
PRG,SVX,2
PRG,SXB,2
PRG,TAS,1
PRG,TFS,1
PRG,TIA,1
PRG,TLV,4
PRG,TSF,2
PRG,TXL,2
PRG,UFA,1
PRG,VAR,1
PRG,VCE,3
PRG,VIE,1
PRG,VLC,2
PRG,VNO,1
PRG,WAW,3
PRG,XIY,1
PRG,ZAG,1
PRG,ZRH,3
PRG,ZTH,1
PRH,DMK,1
PRI,SEZ,1
PRN,BSL,1
PRN,CGN,1
PRN,CPH,1
PRN,DUS,2
PRN,FRA,2
PRN,GVA,2
PRN,HAJ,2
PRN,HAM,2
PRN,IST,1
PRN,LGW,1
PRN,LJU,1
PRN,MUC,3
PRN,SAW,1
PRN,STR,2
PRN,TXL,1
PRN,VIE,1
PRN,ZAG,1
PRN,ZRH,3
PSA,AHO,1
PSA,AMS,1
PSA,ARN,1
PSA,BCN,2
PSA,BDS,1
PSA,BLL,1
PSA,BOH,1
PSA,BRI,1
PSA,BRS,1
PSA,BRU,1
PSA,BUD,1
PSA,BVA,1
PSA,CAG,1
PSA,CGN,2
PSA,CIY,1
PSA,CPH,1
PSA,CRL,1
PSA,CTA,2
PSA,DME,1
PSA,DOH,1
PSA,DUB,1
PSA,EDI,1
PSA,EIN,1
PSA,EMA,1
PSA,FCO,1
PSA,FEZ,1
PSA,FRA,1
PSA,FUE,1
PSA,GDN,1
PSA,GRO,1
PSA,GSE,1
PSA,HAU,1
PSA,HHN,1
PSA,IBZ,1
PSA,KRK,1
PSA,LBA,2
PSA,LBC,1
PSA,LGW,2
PSA,LHR,2
PSA,LIS,1
PSA,LPA,1
PSA,LPL,1
PSA,LTN,1
PSA,MAD,1
PSA,MAN,1
PSA,MLA,1
PSA,MUC,2
PSA,NCL,1
PSA,NRN,1
PSA,NYO,1
PSA,ORY,2
PSA,OSL,1
PSA,OTP,1
PSA,PMO,1
PSA,PRG,3
PSA,RAK,1
PSA,SKG,1
PSA,STN,1
PSA,STR,1
PSA,SUF,1
PSA,SVO,2
PSA,SVQ,1
PSA,SXF,2
PSA,TFS,1
PSA,TIA,3
PSA,TPS,1
PSA,TRF,1
PSA,TXL,2
PSA,VKO,1
PSA,VLC,1
PSA,WMI,1
PSC,AZA,1
PSC,DEN,1
PSC,LAS,1
PSC,MSP,1
PSC,PDX,1
PSC,SEA,2
PSC,SFO,2
PSC,SLC,1
PSE,JFK,1
PSE,MCO,1
PSG,JNU,1
PSG,WRG,1
PSJ,UPG,1
PSM,SFB,1
PSO,BOG,2
PSO,CLO,1
PSP,BLI,1
PSP,DEN,2
PSP,DFW,2
PSP,EWR,1
PSP,IAH,1
PSP,LAS,1
PSP,LAX,1
PSP,MSP,2
PSP,ORD,3
PSP,PAE,1
PSP,PDX,1
PSP,PHX,2
PSP,SEA,1
PSP,SFO,5
PSP,SJC,1
PSP,SLC,1
PSP,SMF,1
PSP,YEG,1
PSP,YVR,2
PSP,YYC,2
PSP,YYZ,1
PSR,BGY,1
PSR,BVA,1
PSR,CAG,1
PSR,CRL,1
PSR,GRO,1
PSR,HHN,1
PSR,LIN,1
PSR,NRN,1
PSR,OTP,1
PSR,STN,1
PSS,AEP,1
PSS,COR,1
PTG,JNB,2
PTH,AKN,1
PTJ,MEB,1
PTK,ORD,1
PTP,ANU,2
PTP,DOM,3
PTP,FDF,5
PTP,MIA,3
PTP,ORY,4
PTP,PAP,2
PTP,PUJ,1
PTP,SBH,2
PTP,SDQ,3
PTP,SFG,3
PTP,SJU,2
PTP,SXM,1
PTP,YUL,1
PTU,BET,1
PTY,ADZ,1
PTY,AMS,2
PTY,ASU,1
PTY,ATL,3
PTY,AUA,1
PTY,BAQ,1
PTY,BGA,1
PTY,BGI,1
PTY,BLA,1
PTY,BOG,2
PTY,BOS,2
PTY,BSB,1
PTY,BZE,1
PTY,CCS,3
PTY,CDG,1
PTY,CIX,1
PTY,CLO,1
PTY,CNF,1
PTY,COR,1
PTY,CTG,1
PTY,CUC,1
PTY,CUN,2
PTY,CUR,1
PTY,DAV,1
PTY,DEN,1
PTY,DFW,2
PTY,EWR,2
PTY,EZE,1
PTY,FLL,2
PTY,FOR,1
PTY,FRA,1
PTY,GDL,2
PTY,GEO,1
PTY,GIG,1
PTY,GRU,1
PTY,GUA,1
PTY,GYE,2
PTY,HAV,2
PTY,HOG,1
PTY,IAD,2
PTY,IAH,3
PTY,IQT,1
PTY,IST,1
PTY,JFK,2
PTY,KIN,1
PTY,LAS,2
PTY,LAX,2
PTY,LGG,1
PTY,LIM,1
PTY,LIR,1
PTY,MAD,2
PTY,MAO,1
PTY,MAR,1
PTY,MBJ,1
PTY,MCO,2
PTY,MDE,1
PTY,MDZ,1
PTY,MEX,2
PTY,MGA,2
PTY,MIA,5
PTY,MSY,1
PTY,MTY,2
PTY,MVD,1
PTY,NAS,1
PTY,ORD,2
PTY,PAP,2
PTY,PBM,1
PTY,PEI,1
PTY,POA,1
PTY,POS,2
PTY,PUJ,1
PTY,PVR,1
PTY,REC,1
PTY,ROS,1
PTY,SAL,2
PTY,SAP,1
PTY,SCL,1
PTY,SDQ,2
PTY,SFO,1
PTY,SJO,4
PTY,SJU,1
PTY,SLA,1
PTY,SNU,1
PTY,SSA,1
PTY,STI,1
PTY,SXM,1
PTY,TGU,1
PTY,TPA,1
PTY,UIO,1
PTY,VCP,1
PTY,VLN,1
PTY,VVI,1
PTY,YUL,1
PTY,YYZ,2
PUB,DEN,1
PUE,PAC,1
PUF,AJA,1
PUF,BES,1
PUF,CDG,2
PUF,LYS,2
PUF,MRS,1
PUF,NCE,1
PUF,ORY,1
PUG,ADL,2
PUG,CPD,1
PUJ,AMS,1
PUJ,ANU,2
PUJ,ATL,3
PUJ,BOG,2
PUJ,BOS,1
PUJ,BSB,1
PUJ,BWI,1
PUJ,CCS,1
PUJ,CDG,3
PUJ,CLE,1
PUJ,CLT,2
PUJ,CVG,1
PUJ,DFW,1
PUJ,DME,1
PUJ,DTW,1
PUJ,DUS,2
PUJ,EWR,1
PUJ,EZE,1
PUJ,FLL,2
PUJ,FRA,1
PUJ,GRU,1
PUJ,HEL,1
PUJ,IAD,1
PUJ,IAH,1
PUJ,JFK,3
PUJ,LED,1
PUJ,LGW,2
PUJ,LIM,2
PUJ,LYS,1
PUJ,MAD,3
PUJ,MBJ,1
PUJ,MDW,1
PUJ,MIA,5
PUJ,MSP,2
PUJ,MUC,2
PUJ,NTE,1
PUJ,ORD,3
PUJ,PHL,3
PUJ,PIT,2
PUJ,POP,1
PUJ,PTY,1
PUJ,SCL,1
PUJ,SDQ,2
PUJ,SJU,2
PUJ,SLA,1
PUJ,STL,1
PUJ,SVO,2
PUJ,TLS,1
PUJ,TUC,1
PUJ,WAW,1
PUJ,YHZ,3
PUJ,YOW,1
PUJ,YQB,1
PUJ,YUL,3
PUJ,YYZ,3
PUJ,ZRH,2
PUK,REA,1
PUK,TKV,1
PUM,UPG,1
PUQ,BBA,1
PUQ,CCP,1
PUQ,PMC,3
PUQ,PNT,1
PUQ,RGL,1
PUQ,SCL,2
PUS,BKI,2
PUS,BKK,6
PUS,CAN,2
PUS,CEB,5
PUS,CJU,5
PUS,CRK,1
PUS,CSX,1
PUS,CTS,4
PUS,DAD,6
PUS,DYG,2
PUS,FSZ,1
PUS,FUK,4
PUS,GMP,4
PUS,GUM,4
PUS,HAN,4
PUS,HGH,2
PUS,HKG,4
PUS,HSG,1
PUS,ICN,2
PUS,KHH,1
PUS,KIX,9
PUS,KKJ,1
PUS,KLO,3
PUS,KUL,1
PUS,KWL,1
PUS,MFM,2
PUS,MNL,3
PUS,NGO,3
PUS,NKG,2
PUS,NRT,6
PUS,OIT,1
PUS,OKA,3
PUS,PEK,4
PUS,PVG,4
PUS,REP,2
PUS,RMQ,1
PUS,SGN,2
PUS,SHE,2
PUS,SIN,3
PUS,SJW,1
PUS,SPN,2
PUS,SYX,1
PUS,TAO,5
PUS,TPE,5
PUS,TXN,1
PUS,TYN,1
PUS,ULN,1
PUS,VTE,1
PUS,VVO,4
PUS,WUH,1
PUS,XIY,1
PUS,YNJ,2
PUU,BOG,2
PUU,CLO,1
PUU,IPI,1
PUU,LQM,1
PUW,LWS,1
PUW,SEA,1
PUY,AMS,1
PUY,ARN,1
PUY,BVA,1
PUY,CGN,2
PUY,CRL,1
PUY,DBV,1
PUY,DME,1
PUY,DUB,1
PUY,DUS,1
PUY,FRA,2
PUY,GVA,1
PUY,HHN,1
PUY,MAN,2
PUY,OSI,1
PUY,OSL,1
PUY,RYG,1
PUY,STN,1
PUY,STR,1
PUY,ZAD,1
PUY,ZAG,1
PUY,ZRH,1
PVA,ADZ,1
PVC,BOS,1
PVD,ATL,3
PVD,BGR,1
PVD,BWI,2
PVD,CAK,1
PVD,CLT,2
PVD,DCA,2
PVD,DTW,1
PVD,DUB,1
PVD,EWR,1
PVD,FLL,2
PVD,IAD,1
PVD,LAS,1
PVD,MCO,3
PVD,MDW,2
PVD,ORD,2
PVD,PHL,2
PVD,RSW,1
PVD,SAN,1
PVD,SLC,1
PVD,TPA,1
PVE,CZJ,1
PVG,ACX,2
PVG,ADD,1
PVG,AKL,3
PVG,AMS,5
PVG,ANC,5
PVG,AOG,2
PVG,ARN,1
PVG,ATL,1
PVG,AUH,2
PVG,AVA,1
PVG,BAV,2
PVG,BCN,1
PVG,BHY,3
PVG,BKI,3
PVG,BKK,7
PVG,BNE,1
PVG,BOM,1
PVG,BOS,1
PVG,BPE,1
PVG,BRU,1
PVG,BSD,1
PVG,BUD,1
PVG,BWN,1
PVG,CAN,8
PVG,CDG,3
PVG,CEB,2
PVG,CGK,2
PVG,CGO,5
PVG,CGQ,6
PVG,CIH,1
PVG,CJU,4
PVG,CKG,9
PVG,CMB,2
PVG,CNX,3
PVG,CPH,1
PVG,CRK,1
PVG,CSX,6
PVG,CTS,4
PVG,CTU,8
PVG,CXR,1
PVG,DAD,1
PVG,DAT,1
PVG,DAX,1
PVG,DDG,1
PVG,DEL,3
PVG,DFW,1
PVG,DLC,7
PVG,DOH,1
PVG,DOY,1
PVG,DPS,2
PVG,DQA,1
PVG,DSN,1
PVG,DTW,3
PVG,DXB,2
PVG,DYG,4
PVG,EWR,2
PVG,FCO,2
PVG,FOC,2
PVG,FRA,5
PVG,FRU,1
PVG,FSZ,2
PVG,FUK,3
PVG,FUO,1
PVG,GUM,1
PVG,GYS,1
PVG,HAK,6
PVG,HAN,2
PVG,HDG,1
PVG,HEL,3
PVG,HET,4
PVG,HFE,2
PVG,HIA,1
PVG,HIJ,2
PVG,HKG,8
PVG,HKT,4
PVG,HMI,1
PVG,HNA,1
PVG,HND,7
PVG,HNL,1
PVG,HNY,1
PVG,HRB,9
PVG,HSG,1
PVG,HSN,1
PVG,HUZ,1
PVG,HZG,1
PVG,IAH,1
PVG,IBR,1
PVG,ICN,8
PVG,IKA,1
PVG,INC,6
PVG,IQN,1
PVG,ISL,1
PVG,IST,2
PVG,JFK,2
PVG,JGS,1
PVG,JHG,2
PVG,JJN,5
PVG,JMU,1
PVG,JNG,1
PVG,JNZ,2
PVG,JZH,3
PVG,KHG,1
PVG,KHH,4
PVG,KHN,5
PVG,KIJ,2
PVG,KIX,10
PVG,KLO,1
PVG,KMG,8
PVG,KMQ,2
PVG,KOJ,2
PVG,KOS,1
PVG,KOW,1
PVG,KUL,5
PVG,KWE,7
PVG,KWL,8
PVG,LAX,6
PVG,LCX,1
PVG,LFQ,2
PVG,LGW,2
PVG,LHR,4
PVG,LHW,6
PVG,LLF,1
PVG,LLV,1
PVG,LPF,1
PVG,LUM,1
PVG,LYG,1
PVG,LYI,2
PVG,LZH,1
PVG,LZO,1
PVG,MAA,1
PVG,MAD,2
PVG,MDG,1
PVG,MEL,4
PVG,MEX,1
PVG,MFM,6
PVG,MIG,4
PVG,MLE,2
PVG,MNL,4
PVG,MRU,1
PVG,MUC,2
PVG,MWX,1
PVG,MXP,1
PVG,MXZ,1
PVG,MYJ,2
PVG,NAO,1
PVG,NBS,1
PVG,NDG,1
PVG,NGB,1
PVG,NGO,7
PVG,NGS,2
PVG,NKG,1
PVG,NNG,5
PVG,NNY,1
PVG,NRT,8
PVG,OKA,4
PVG,OKJ,2
PVG,ORD,6
PVG,PEK,6
PVG,PEN,1
PVG,PKX,2
PVG,PNH,3
PVG,PRG,1
PVG,PUS,4
PVG,REP,3
PVG,RGN,2
PVG,RIZ,1
PVG,RMQ,1
PVG,SDJ,2
PVG,SEA,3
PVG,SFO,4
PVG,SGN,3
PVG,SHE,5
PVG,SHP,2
PVG,SIN,5
PVG,SJW,4
PVG,SPN,1
PVG,SQJ,1
PVG,SVO,2
PVG,SWA,4
PVG,SYD,4
PVG,SYX,6
PVG,SZX,7
PVG,TAE,1
PVG,TAK,1
PVG,TAO,6
PVG,TCZ,1
PVG,TEN,2
PVG,TGO,2
PVG,TIJ,1
PVG,TLV,1
PVG,TNA,1
PVG,TOY,2
PVG,TPE,9
PVG,TSA,4
PVG,TSN,6
PVG,TVS,2
PVG,TYN,3
PVG,URC,2
PVG,UYN,1
PVG,VIE,1
PVG,VVO,1
PVG,WDS,1
PVG,WEF,1
PVG,WEH,2
PVG,WNZ,4
PVG,WUH,5
PVG,WUT,1
PVG,WXN,2
PVG,XFN,1
PVG,XIC,1
PVG,XIY,8
PVG,XMN,4
PVG,XNN,2
PVG,YBP,1
PVG,YCU,2
PVG,YGJ,1
PVG,YIH,2
PVG,YKH,1
PVG,YNJ,2
PVG,YNT,3
PVG,YNY,1
PVG,YUL,1
PVG,YVR,3
PVG,YYA,1
PVG,YYZ,3
PVG,ZAT,1
PVG,ZHA,3
PVG,ZQZ,1
PVG,ZRH,1
PVG,ZUH,6
PVG,ZYI,1
PVH,BSB,3
PVH,CGB,3
PVH,GRU,1
PVH,MAO,2
PVH,RBR,2
PVK,AMS,1
PVK,CFU,1
PVK,DUS,2
PVK,EFL,1
PVK,FRA,1
PVK,HAM,1
PVK,JSH,1
PVK,LGW,2
PVK,MAN,1
PVK,MUC,2
PVK,PRG,1
PVK,STR,1
PVK,VIE,3
PVR,AGU,1
PVR,ATL,4
PVR,BJX,1
PVR,CEN,1
PVR,DEN,2
PVR,DFW,2
PVR,EWR,1
PVR,GDL,1
PVR,IAH,1
PVR,LAP,1
PVR,LAX,5
PVR,MEX,4
PVR,MSP,1
PVR,MTY,2
PVR,ORD,4
PVR,PDX,1
PVR,PHX,2
PVR,PTY,1
PVR,QRO,1
PVR,SAN,3
PVR,SEA,2
PVR,SFO,5
PVR,SJD,1
PVR,SLC,2
PVR,SLP,1
PVR,STL,1
PVR,TIJ,1
PVR,TLC,1
PVR,YEG,2
PVR,YHM,1
PVR,YLW,1
PVR,YQQ,1
PVR,YQR,1
PVR,YUL,2
PVR,YVR,3
PVR,YWG,1
PVR,YXE,1
PVR,YXX,1
PVR,YYC,2
PVR,YYJ,1
PVR,YYZ,2
PVU,AZA,1
PVU,LAX,1
PVU,OAK,1
PWE,VKO,1
PWK,ASE,1
PWM,ALB,1
PWM,ATL,1
PWM,BWI,1
PWM,CLT,1
PWM,DCA,1
PWM,DTW,1
PWM,EWR,1
PWM,IAD,1
PWM,JFK,2
PWM,LGA,2
PWM,MIA,1
PWM,ORD,1
PWM,PHL,1
PWQ,ALA,1
PWQ,DME,1
PWQ,OVB,1
PWQ,TSE,1
PXM,MEX,3
PXO,FNC,1
PXO,LIS,3
PXU,DAD,1
PXU,HAN,1
PXU,SGN,1
PYC,ACU,1
PYH,CCS,1
PYJ,DME,1
PYJ,MJZ,1
PYJ,OVB,1
PYJ,YKS,2
PYY,CNX,1
PZB,JNB,2
PZH,DSK,1
PZH,UET,1
PZI,CKG,1
PZI,CTU,3
PZI,SZX,1
PZI,WUH,1
PZI,XIY,1
PZO,BLA,2
PZO,CAJ,1
PZO,CCS,4
PZO,GEO,1
PZO,PMV,2
PZO,SNV,1
PZU,CAI,1
PZU,JED,1
PZU,KRT,3
QBC,YAA,1
QBC,YVR,1
QFG,QOQ,1
QFN,JNN,1
QJH,JJU,1
QOQ,JJU,1
QOW,ABV,1
QOW,LOS,1
QRO,ACA,1
QRO,CUN,1
QRO,DFW,2
QRO,DTW,1
QRO,HUX,1
QRO,IAH,1
QRO,MEX,1
QRO,MID,1
QRO,MTY,2
QRO,OAX,1
QRO,PXM,1
QRO,TAM,1
QRO,TIJ,1
QRO,TRC,1
QRO,VER,1
QRO,ZIH,1
QRW,ABV,1
QRW,LOS,1
QSF,ALG,1
QSF,LYS,2
QSF,MLH,1
QSF,MRS,2
QSF,ORY,2
QSZ,XIY,1
QUB,TIP,1
QUO,LOS,1
QUV,QFN,1
QUW,JJU,1
QUW,JNN,1
RAB,BUA,2
RAB,CNS,1
RAB,HKN,2
RAB,KVG,2
RAB,LAE,1
RAB,LNV,2
RAB,MAS,1
RAB,NIS,1
RAB,POM,2
RAE,JED,1
RAE,RUH,1
RAH,JED,1
RAH,RUH,1
RAI,BJL,1
RAI,BOS,1
RAI,BVC,2
RAI,CDG,1
RAI,CMN,1
RAI,DKR,2
RAI,FOR,1
RAI,LIS,2
RAI,LPA,1
RAI,MMO,2
RAI,OXB,1
RAI,REC,1
RAI,SFL,2
RAI,SID,1
RAI,SNE,1
RAI,TMS,1
RAI,VXE,2
RAJ,BOM,3
RAJ,DEL,1
RAK,AGA,2
RAK,AGP,1
RAK,AMS,1
RAK,ATH,2
RAK,BCN,2
RAK,BGY,1
RAK,BHX,1
RAK,BOD,3
RAK,BRS,1
RAK,BRU,3
RAK,BSL,1
RAK,BUD,1
RAK,BVA,1
RAK,CDG,3
RAK,CGN,2
RAK,CIA,1
RAK,CMN,1
RAK,CPH,1
RAK,CRL,1
RAK,CTA,1
RAK,DLE,1
RAK,DUB,1
RAK,EIN,2
RAK,EUN,1
RAK,FEZ,1
RAK,FKB,1
RAK,FMM,1
RAK,FNI,1
RAK,FRA,2
RAK,GRO,1
RAK,GVA,2
RAK,HAM,1
RAK,HHN,1
RAK,IST,1
RAK,JED,1
RAK,LGW,6
RAK,LHR,1
RAK,LIL,1
RAK,LIS,1
RAK,LPA,1
RAK,LPL,1
RAK,LTN,1
RAK,LUX,1
RAK,LYS,3
RAK,MAD,4
RAK,MAN,4
RAK,MPL,2
RAK,MRS,3
RAK,MUC,2
RAK,MXP,2
RAK,NAP,1
RAK,NCE,2
RAK,NRN,1
RAK,NTE,2
RAK,NUE,1
RAK,ORY,2
RAK,OSL,1
RAK,OZG,1
RAK,OZZ,1
RAK,PGF,1
RAK,PRG,1
RAK,PSA,1
RAK,PUF,1
RAK,RBA,1
RAK,RTM,1
RAK,STN,2
RAK,STR,1
RAK,SVQ,1
RAK,SXB,1
RAK,SXF,2
RAK,TLS,3
RAK,TNG,1
RAK,TUF,1
RAK,VIE,2
RAK,VIL,1
RAK,XCR,1
RAK,ZRH,2
RAO,BPS,2
RAO,BSB,2
RAO,CGH,2
RAO,CNF,1
RAO,CWB,1
RAO,GIG,1
RAO,GRU,4
RAO,GYN,2
RAO,PLU,2
RAO,SDU,2
RAO,SJP,3
RAO,UDI,1
RAO,VCP,1
RAP,AZA,1
RAP,DEN,2
RAP,DFW,2
RAP,LAS,1
RAP,MSP,1
RAP,ORD,1
RAP,SLC,1
RAR,AIT,2
RAR,AIU,1
RAR,AKL,4
RAR,LAX,2
RAR,MGS,1
RAR,MOI,1
RAR,MUK,1
RAR,PPT,2
RAR,SYD,1
RAS,AWZ,1
RAS,BND,1
RAS,MED,1
RAS,MHD,3
RAS,PGU,1
RAS,SYZ,1
RAS,THR,2
RBA,AUH,1
RBA,BRU,1
RBA,BVA,1
RBA,CDG,1
RBA,CMN,1
RBA,CRL,1
RBA,DOH,1
RBA,GRO,1
RBA,LHR,1
RBA,MAD,2
RBA,MRS,2
RBA,ORY,4
RBA,STN,1
RBQ,LPB,1
RBQ,TDD,1
RBR,BSB,3
RBR,CZS,1
RBR,GRU,1
RBR,MAO,1
RBR,PVH,2
RBV,HIR,1
RBV,MUA,1
RBY,FAI,2
RBY,GAL,1
RBY,TAL,1
RCB,JNB,1
RCE,DHB,1
RCE,FBS,1
RCH,BOG,1
RCM,HGD,1
RCM,JCK,1
RCU,AEP,1
RCY,NAS,1
RDB,ANC,1
RDC,CDJ,1
RDD,SFO,1
RDM,DEN,1
RDM,LAX,2
RDM,PDX,2
RDM,PHX,1
RDM,SEA,2
RDM,SFO,1
RDM,SLC,1
RDN,SIN,1
RDN,SZB,1
RDP,DEL,1
RDP,HYD,1
RDU,ATL,9
RDU,AUS,1
RDU,BDL,1
RDU,BNA,3
RDU,BOS,3
RDU,BWI,3
RDU,CDG,1
RDU,CLE,1
RDU,CLT,2
RDU,CMH,1
RDU,CUN,2
RDU,CVG,1
RDU,DCA,3
RDU,DEN,2
RDU,DFW,2
RDU,DTW,1
RDU,EWR,2
RDU,FLL,3
RDU,GRR,1
RDU,HOU,1
RDU,IAD,1
RDU,IAH,1
RDU,IND,1
RDU,JAX,1
RDU,JFK,4
RDU,LAS,2
RDU,LAX,4
RDU,LGA,3
RDU,LHR,6
RDU,MCO,3
RDU,MDW,2
RDU,MEM,1
RDU,MIA,3
RDU,MSP,1
RDU,MSY,1
RDU,ORD,4
RDU,ORF,1
RDU,PHL,3
RDU,PHX,2
RDU,PIT,3
RDU,SEA,2
RDU,SFO,2
RDU,SJU,1
RDU,SLC,1
RDU,STL,1
RDU,TPA,3
RDU,TTN,1
RDU,XNA,1
RDU,YYZ,1
RDV,SLQ,1
RDZ,CRL,1
RDZ,DUB,1
RDZ,ORY,1
RDZ,STN,1
REC,AJU,2
REC,BSB,4
REC,CGH,1
REC,CNF,2
REC,COR,1
REC,CPV,1
REC,EZE,2
REC,FEN,2
REC,FLL,1
REC,FOR,4
REC,FRA,1
REC,GIG,4
REC,GRU,5
REC,JDO,2
REC,JPA,1
REC,LIS,1
REC,MAD,1
REC,MCO,1
REC,MCZ,2
REC,MIA,4
REC,MVD,1
REC,MVF,1
REC,NAT,1
REC,PNZ,3
REC,PTY,1
REC,RAO,1
REC,ROS,1
REC,SCL,1
REC,SSA,4
REC,THE,1
REC,UDI,1
REC,VCP,1
REC,VIX,1
REG,FCO,2
REG,LIN,2
REG,TRN,1
REG,VCE,1
REL,AEP,1
REL,BHI,1
REL,BRC,1
REL,COR,1
REL,CRD,2
REL,EQS,1
REL,EZE,1
REL,USH,1
REN,DME,1
REN,DYU,2
REN,KQT,1
REN,LBD,2
REN,LED,2
REN,SVO,1
REP,BAV,1
REP,BKK,3
REP,CAN,2
REP,CGO,1
REP,CKG,2
REP,CSX,1
REP,CTU,1
REP,DAD,5
REP,DMK,1
REP,HAN,3
REP,HFE,1
REP,HGH,1
REP,HKG,2
REP,ICN,5
REP,JHG,1
REP,KMG,2
REP,KOS,5
REP,KUL,2
REP,LPQ,2
REP,MNL,1
REP,NKG,1
REP,NNG,2
REP,PEK,1
REP,PKZ,1
REP,PNH,5
REP,PUS,2
REP,PVG,3
REP,SGN,2
REP,SIN,4
REP,SJW,1
REP,TNA,1
REP,TPE,1
REP,TYN,1
REP,WUH,1
REP,XIY,1
REP,XMN,1
RES,AEP,1
RES,COR,1
RES,PUJ,1
RET,BOO,1
RET,LKN,1
REU,BFS,1
REU,BHX,1
REU,BRS,2
REU,BRU,1
REU,CRL,1
REU,DUB,1
REU,EIN,1
REU,EMA,1
REU,HHN,1
REU,LPL,1
REU,LTN,1
REU,MAN,3
REU,NCL,1
REU,PIK,1
REU,PMI,1
REU,STN,1
REX,CUN,1
REX,GDL,1
REX,MEX,3
REX,PAZ,2
REX,VER,1
RFD,AZA,1
RFD,LAS,1
RFD,NFL,1
RFD,ORD,1
RFD,PGD,1
RFD,PIE,1
RFD,SFB,1
RFP,BOB,1
RFP,HUH,1
RFP,MAU,1
RFP,PPT,1
RGA,AEP,1
RGA,RGL,1
RGI,BOB,1
RGI,FAV,1
RGI,MVT,1
RGI,PPT,1
RGI,RKA,1
RGI,TIH,1
RGI,TKX,1
RGI,XMH,1
RGK,DME,1
RGK,VKO,1
RGL,AEP,2
RGL,CRD,1
RGL,MPN,1
RGL,PUQ,1
RGL,RGA,1
RGL,USH,1
RGN,AKY,8
RGN,BKK,6
RGN,CAN,2
RGN,CCU,2
RGN,CNX,2
RGN,CTU,1
RGN,DAC,1
RGN,DMK,2
RGN,DOH,1
RGN,GAY,1
RGN,HAN,1
RGN,HEH,8
RGN,HKG,3
RGN,ICN,3
RGN,KAW,1
RGN,KET,2
RGN,KMG,3
RGN,KMV,1
RGN,KUL,3
RGN,KYP,2
RGN,LIW,2
RGN,LSH,3
RGN,MDL,5
RGN,MGZ,3
RGN,MWQ,1
RGN,MYT,2
RGN,NNG,1
RGN,NRT,1
RGN,NYT,3
RGN,NYU,9
RGN,PEK,1
RGN,PNH,1
RGN,PVG,1
RGN,SGN,1
RGN,SIN,7
RGN,SNW,3
RGN,SZX,1
RGN,THL,3
RGN,TPE,1
RGN,TVY,4
RGN,VBP,1
RGN,WUH,1
RGN,XMN,1
RGS,BCN,1
RHD,AEP,1
RHI,IMT,1
RHI,MSP,1
RHO,AMS,1
RHO,AOK,3
RHO,ARN,1
RHO,ATH,4
RHO,BER,1
RHO,BGY,1
RHO,BOH,1
RHO,BRU,1
RHO,BSL,1
RHO,BTS,1
RHO,CDG,1
RHO,CGN,2
RHO,CPH,1
RHO,CRL,1
RHO,DME,3
RHO,DRS,1
RHO,DUS,5
RHO,EIN,1
RHO,EMA,3
RHO,FRA,4
RHO,GLA,1
RHO,GOT,1
RHO,GVA,1
RHO,HAJ,2
RHO,HAM,2
RHO,HER,2
RHO,JKH,1
RHO,KBP,1
RHO,KGS,3
RHO,KSC,1
RHO,KUN,1
RHO,KZS,2
RHO,LBA,1
RHO,LED,3
RHO,LEJ,2
RHO,LGG,1
RHO,LGW,3
RHO,LPL,2
RHO,LUX,1
RHO,LYS,1
RHO,MAN,3
RHO,MUC,5
RHO,NCL,2
RHO,NUE,2
RHO,NYO,1
RHO,PRG,2
RHO,RYG,1
RHO,SKG,2
RHO,SMI,1
RHO,STN,2
RHO,STR,3
RHO,SVO,1
RHO,SXF,1
RHO,TXL,1
RHO,VIE,4
RHO,ZRH,3
RIA,GEL,1
RIA,POA,2
RIA,URG,1
RIB,GYA,1
RIB,TDD,2
RIC,ALB,1
RIC,ATL,7
RIC,BOS,4
RIC,BTV,1
RIC,CLE,1
RIC,CLT,2
RIC,CVG,1
RIC,DEN,1
RIC,DFW,2
RIC,DTW,1
RIC,EWR,1
RIC,FLL,1
RIC,FPO,1
RIC,IAD,1
RIC,IAH,1
RIC,JFK,2
RIC,LGA,3
RIC,MCO,3
RIC,MIA,2
RIC,MSP,1
RIC,ORD,3
RIC,PHL,2
RIC,SBN,1
RIG,PET,2
RIG,POA,1
RIW,DEN,1
RIX,ABZ,1
RIX,AES,1
RIX,AGP,1
RIX,AMS,2
RIX,ARN,3
RIX,ATH,1
RIX,AUH,1
RIX,BCN,1
RIX,BGO,2
RIX,BGY,1
RIX,BLL,1
RIX,BRE,1
RIX,BRU,2
RIX,BUD,1
RIX,CDG,2
RIX,CPH,3
RIX,DME,2
RIX,DSA,1
RIX,DTM,1
RIX,DUB,2
RIX,DUS,2
RIX,EIN,1
RIX,EMA,1
RIX,FCO,2
RIX,FRA,3
RIX,GOT,1
RIX,GVA,1
RIX,GYD,2
RIX,HAM,2
RIX,HEL,2
RIX,HER,1
RIX,HHN,1
RIX,IEV,1
RIX,IST,1
RIX,JFK,1
RIX,KBP,2
RIX,KEF,1
RIX,KGD,1
RIX,KIV,1
RIX,KUT,1
RIX,LCA,1
RIX,LED,1
RIX,LGW,1
RIX,LPX,1
RIX,LTN,1
RIX,LWO,1
RIX,MAD,1
RIX,MAN,1
RIX,MLA,1
RIX,MSQ,2
RIX,MUC,2
RIX,MXP,2
RIX,NCE,1
RIX,NRN,1
RIX,OLB,2
RIX,OSL,3
RIX,PIK,1
RIX,PLQ,1
RIX,PRG,2
RIX,RYG,1
RIX,SAW,1
RIX,STN,1
RIX,STR,1
RIX,SVG,1
RIX,SVO,2
RIX,TAS,2
RIX,TBS,2
RIX,TFS,2
RIX,TKU,1
RIX,TLL,1
RIX,TLV,2
RIX,TMP,1
RIX,TRD,1
RIX,TRF,1
RIX,TXL,2
RIX,VCE,2
RIX,VIE,2
RIX,VKO,3
RIX,VNO,1
RIX,WAW,3
RIX,ZRH,1
RIY,ADE,2
RIY,AUH,1
RIY,CAI,1
RIY,DXB,1
RIY,JED,1
RIY,KWI,1
RIY,SAH,2
RIY,SCT,2
RIY,SHJ,1
RIZ,CAN,1
RIZ,CGQ,1
RIZ,DLC,2
RIZ,HAK,1
RIZ,HGH,1
RIZ,HRB,1
RIZ,KHN,1
RIZ,PKX,1
RIZ,PVG,1
RIZ,SZX,1
RIZ,WUH,1
RIZ,XMN,1
RJA,HYD,3
RJH,DAC,1
RJK,BER,1
RJK,CGN,2
RJK,DUS,1
RJK,HAM,2
RJK,LHR,1
RJK,MUC,2
RJK,NYO,1
RJK,SPU,1
RJK,STR,2
RJK,ZAG,1
RJL,MAD,1
RKA,KHZ,1
RKD,BOS,1
RKS,DEN,2
RKS,GCC,1
RKS,SLC,1
RKT,CAI,1
RKT,CCJ,1
RKT,ISB,1
RKT,JED,1
RKT,LHE,1
RKT,PEW,1
RKT,PRG,1
RKT,SLL,1
RKV,AEY,1
RKV,EGS,1
RKV,GOH,1
RKV,IFJ,1
RKV,KUS,1
RKZ,XIY,1
RLG,AYT,1
RLG,CGN,1
RLG,MUC,1
RLG,PMI,1
RLG,STR,1
RLK,CGO,1
RLK,HET,1
RLK,INC,1
RLK,PEK,2
RLK,PKX,1
RLK,XIY,1
RMA,BNE,2
RMA,CTL,1
RMF,AMS,1
RMF,BRU,1
RMF,CAI,1
RMF,DUS,1
RMF,FCO,1
RMF,GVA,1
RMF,KTW,1
RMF,LEJ,1
RMF,MUC,1
RMF,MXP,1
RMF,PRG,1
RMF,VIE,2
RMF,WAW,1
RMF,ZRH,4
RMI,DME,2
RMI,KRR,1
RMI,VKO,1
RMP,FAI,1
RMQ,CAN,2
RMQ,CGO,1
RMQ,CSX,1
RMQ,FOC,1
RMQ,HAN,1
RMQ,HGH,2
RMQ,HKG,4
RMQ,HUN,2
RMQ,ICN,2
RMQ,KIX,1
RMQ,KMG,1
RMQ,KNH,3
RMQ,LZN,2
RMQ,MFM,3
RMQ,MXZ,1
RMQ,MZG,3
RMQ,NGB,2
RMQ,NKG,2
RMQ,NNG,1
RMQ,NRT,1
RMQ,OKA,1
RMQ,PVG,1
RMQ,SGN,1
RMQ,SZX,2
RMQ,TAO,1
RMQ,TNA,1
RMQ,WUX,3
RMQ,XMN,2
RMT,PPT,1
RMT,RUR,1
RNA,HIR,1
RNA,IRA,1
RNB,ARN,2
RNB,BMA,2
RNB,KLR,1
RNL,BNY,1
RNL,HIR,1
RNN,CPH,1
RNO,BOI,1
RNO,DEN,3
RNO,DFW,2
RNO,LAS,2
RNO,LAX,5
RNO,MDW,2
RNO,ORD,3
RNO,PDX,2
RNO,PHX,3
RNO,SAN,1
RNO,SEA,2
RNO,SFO,1
RNO,SJC,1
RNO,SLC,1
RNS,AJA,1
RNS,AMS,1
RNS,BCN,2
RNS,BIA,1
RNS,BOD,1
RNS,CDG,2
RNS,EXT,2
RNS,FSC,1
RNS,LYS,2
RNS,MAD,2
RNS,MRS,2
RNS,NCE,2
RNS,SOU,2
RNS,SXB,1
RNS,TLS,2
ROA,ATL,4
ROA,CLT,2
ROA,DTW,1
ROA,IAD,1
ROA,LGA,2
ROA,ORD,1
ROA,PHL,2
ROA,PIE,1
ROA,SFB,1
ROB,ABJ,2
ROB,ACC,5
ROB,BJL,1
ROB,BRU,3
ROB,CKY,1
ROB,CMN,1
ROB,FNA,8
ROB,LOS,1
ROC,ATL,4
ROC,BOS,2
ROC,BUF,1
ROC,BWI,1
ROC,CLE,1
ROC,CLT,2
ROC,DCA,2
ROC,DTW,1
ROC,EWR,1
ROC,IAD,1
ROC,JFK,2
ROC,LGA,1
ROC,MCO,2
ROC,MDW,2
ROC,MSP,1
ROC,ORD,3
ROC,PHL,2
ROC,RIC,1
ROC,TPA,1
ROC,YYZ,1
ROI,DMK,1
ROK,BNE,3
ROK,GLT,1
ROK,MKY,1
ROO,CGB,1
ROP,GUM,1
ROP,SPN,1
ROR,GUM,1
ROR,ICN,2
ROR,MNL,1
ROR,NRT,3
ROR,TPE,2
ROR,YAP,1
ROS,AEP,2
ROS,BRC,1
ROS,COR,1
ROS,EZE,1
ROS,GIG,1
ROS,GRU,2
ROS,IGR,1
ROS,LIM,1
ROS,MDQ,1
ROS,MDZ,1
ROS,PDP,1
ROS,PTY,1
ROS,SLA,1
ROT,AKL,1
ROT,CHC,1
ROT,WLG,1
ROV,AER,1
ROV,AYT,1
ROV,BUD,1
ROV,DME,3
ROV,DXB,1
ROV,DYU,1
ROV,EGO,1
ROV,EVN,3
ROV,FRU,1
ROV,GOJ,1
ROV,GRV,1
ROV,IST,2
ROV,KBP,2
ROV,KUF,2
ROV,KZN,1
ROV,LBD,2
ROV,LED,5
ROV,MRV,1
ROV,NBC,1
ROV,OVB,1
ROV,PRG,2
ROV,SHJ,1
ROV,SIP,2
ROV,SKG,1
ROV,SVO,1
ROV,SVX,1
ROV,TAS,3
ROV,TBS,1
ROV,TJM,1
ROV,TLV,1
ROV,UFA,1
ROV,VIE,1
ROV,VKO,1
ROV,VOG,2
ROW,DFW,2
ROW,PHX,1
RPR,BHO,3
RPR,BOM,2
RPR,CCU,1
RPR,DEL,4
RPR,HYD,1
RPR,IDR,1
RPR,IXR,1
RPR,JRG,1
RPR,VTZ,1
RQA,IQM,1
RRG,MRU,1
RRR,AAA,1
RRS,OSL,1
RSA,AEP,1
RSA,AFA,1
RSD,NAS,2
RSH,ANI,2
RSH,BET,1
RSH,KLG,1
RST,ATL,1
RST,AZA,1
RST,MSP,1
RST,ORD,3
RSU,CJU,2
RSU,GMP,2
RSW,ACY,1
RSW,ATL,8
RSW,BDL,1
RSW,BOS,1
RSW,BWI,2
RSW,CLE,2
RSW,CLT,2
RSW,CMH,2
RSW,CVG,2
RSW,DCA,4
RSW,DEN,2
RSW,DFW,2
RSW,DTW,2
RSW,DUS,3
RSW,EWR,2
RSW,EYW,2
RSW,HPN,1
RSW,IAH,1
RSW,ILG,1
RSW,IND,2
RSW,JFK,1
RSW,LGA,2
RSW,MCO,2
RSW,MDW,2
RSW,MIA,1
RSW,MKE,1
RSW,MSP,2
RSW,ORD,4
RSW,PHL,3
RSW,PIT,1
RSW,PVD,1
RSW,STL,1
RSW,TTN,1
RSW,YOW,1
RSW,YUL,1
RSW,YYZ,2
RTB,ATL,1
RTB,BZE,1
RTB,DFW,2
RTB,GUA,2
RTB,IAH,1
RTB,LCE,1
RTB,MIA,2
RTB,SAL,1
RTB,SAP,2
RTB,TGU,2
RTM,ACE,1
RTM,AGP,1
RTM,AHU,1
RTM,ALC,1
RTM,AYT,1
RTM,BCN,1
RTM,BIO,1
RTM,BJV,1
RTM,BUD,1
RTM,EDI,1
RTM,EGC,1
RTM,EIN,1
RTM,FAO,1
RTM,FCO,1
RTM,FEZ,1
RTM,GNB,1
RTM,GRO,1
RTM,GVA,1
RTM,HER,1
RTM,IBZ,1
RTM,INN,1
RTM,IST,1
RTM,KLU,1
RTM,LCY,4
RTM,LHR,2
RTM,LIS,1
RTM,LPA,1
RTM,MAD,1
RTM,MPL,1
RTM,MUC,1
RTM,NCE,1
RTM,NDR,2
RTM,PMI,1
RTM,PRG,1
RTM,RAK,1
RTM,RHO,1
RTM,SAW,1
RTM,SPU,1
RTM,SZG,1
RTM,TFS,1
RTM,TLN,1
RTM,TNG,1
RTM,VIE,1
RTM,VLC,1
RTW,DME,1
RTW,EVN,1
RTW,MRV,1
RTW,PRG,1
RTW,SVX,1
RUA,EBB,1
RUH,ABT,1
RUH,ADD,2
RUH,AHB,4
RUH,AJF,1
RUH,AMM,3
RUH,AMS,1
RUH,AQI,1
RUH,ATH,1
RUH,ATZ,2
RUH,AUH,3
RUH,BAH,3
RUH,BEY,3
RUH,BHH,1
RUH,BLR,1
RUH,BOM,3
RUH,BUS,1
RUH,CAI,4
RUH,CAN,1
RUH,CCJ,4
RUH,CDG,2
RUH,CGK,1
RUH,CMB,3
RUH,CMN,2
RUH,CNN,1
RUH,COK,2
RUH,DAC,2
RUH,DEL,3
RUH,DMM,4
RUH,DOH,3
RUH,DWC,1
RUH,DWD,1
RUH,DXB,6
RUH,EAM,1
RUH,EJH,1
RUH,ELQ,2
RUH,FCO,2
RUH,FRA,2
RUH,GIZ,3
RUH,GVA,1
RUH,GYD,1
RUH,HAS,3
RUH,HBE,4
RUH,HKG,2
RUH,HMB,2
RUH,HOF,1
RUH,HTY,1
RUH,HYD,2
RUH,IAD,1
RUH,ICN,1
RUH,ISB,4
RUH,IST,2
RUH,JED,7
RUH,JFK,1
RUH,KHI,2
RUH,KRT,3
RUH,KUL,1
RUH,KWI,4
RUH,LHE,4
RUH,LHR,2
RUH,LKO,2
RUH,LXR,1
RUH,MAA,1
RUH,MCT,2
RUH,MED,3
RUH,MLE,1
RUH,MNL,2
RUH,MUC,2
RUH,MXP,2
RUH,NBO,1
RUH,PEW,3
RUH,RAE,1
RUH,RAH,1
RUH,SAH,2
RUH,SAW,1
RUH,SHJ,2
RUH,SHW,1
RUH,SIN,2
RUH,SKT,1
RUH,SSH,3
RUH,TAI,1
RUH,TBS,1
RUH,TIF,2
RUH,TRV,1
RUH,TUI,1
RUH,TUU,3
RUH,TZX,1
RUH,ULH,1
RUH,URY,1
RUH,WAE,1
RUH,YNB,2
RUN,BKK,1
RUN,CAN,1
RUN,CDG,1
RUN,DIE,1
RUN,DZA,1
RUN,FTU,1
RUN,HAH,1
RUN,JNB,1
RUN,MAA,1
RUN,MRS,2
RUN,MRU,4
RUN,NOS,1
RUN,ORY,3
RUN,RRG,1
RUN,SEZ,1
RUN,SMS,1
RUN,TLE,1
RUN,TMM,1
RUN,TNR,3
RUR,PPT,1
RUR,RMT,1
RUR,TUB,1
RUS,HIR,1
RUT,BOS,1
RVD,VCP,1
RVE,BGA,1
RVE,BOG,1
RVE,TME,1
RVK,MQN,1
RVK,OSY,1
RVK,TRD,1
RVN,AMS,1
RVN,HEL,2
RVT,PER,2
RVV,PPT,1
RVV,TUB,1
RXS,MNL,3
RYG,AGP,2
RYG,ALC,2
RYG,BCN,1
RYG,BGY,1
RYG,BLQ,1
RYG,BVA,1
RYG,BZR,1
RYG,CFU,1
RYG,CHQ,1
RYG,CIA,1
RYG,CRL,1
RYG,DUB,1
RYG,EDI,1
RYG,GDN,1
RYG,KGS,1
RYG,KRK,1
RYG,KUN,1
RYG,MAD,1
RYG,MAN,1
RYG,MLA,1
RYG,PMI,1
RYG,POZ,1
RYG,PUY,1
RYG,RHO,1
RYG,RIX,1
RYG,RZE,1
RYG,SKG,1
RYG,STN,1
RYG,SXF,1
RYG,TLL,1
RYG,TSF,1
RYG,VNO,1
RYG,WMI,1
RYG,WRO,1
RYG,ZAD,1
RYK,AUH,1
RYK,KHI,1
RYK,LHE,1
RZE,BRS,1
RZE,BVA,1
RZE,DUB,2
RZE,EMA,1
RZE,FCO,1
RZE,FRA,1
RZE,LTN,1
RZE,MAN,1
RZE,MUC,1
RZE,RYG,1
RZE,STN,1
RZE,TLV,1
RZE,WAW,1
RZR,MHD,1
RZR,THR,1
SAB,EUX,1
SAB,SXM,1
SAE,IKE,1
SAE,UMD,1
SAF,DEN,1
SAF,DFW,2
SAF,LAX,3
SAF,PHX,1
SAG,BOM,1
SAH,AAY,2
SAH,ADD,1
SAH,ADE,3
SAH,AMM,2
SAH,ASM,1
SAH,AUH,1
SAH,AXK,1
SAH,BAH,2
SAH,BEY,1
SAH,CAI,2
SAH,DOH,1
SAH,DXB,3
SAH,GXF,2
SAH,HOD,2
SAH,JED,2
SAH,JIB,1
SAH,KRT,1
SAH,KWI,2
SAH,NBO,1
SAH,RIY,2
SAH,RUH,2
SAH,TAI,2
SAL,ATL,1
SAL,BOG,1
SAL,BZE,1
SAL,CLO,1
SAL,CLT,1
SAL,CUN,2
SAL,DFW,4
SAL,EWR,3
SAL,FLL,1
SAL,GUA,3
SAL,GYE,1
SAL,HAV,2
SAL,IAD,4
SAL,IAH,3
SAL,JFK,5
SAL,LAX,4
SAL,LIM,1
SAL,LIR,1
SAL,MAD,2
SAL,MCO,3
SAL,MDE,1
SAL,MEX,3
SAL,MGA,4
SAL,MIA,4
SAL,ORD,1
SAL,PTY,2
SAL,RTB,1
SAL,SAP,1
SAL,SFO,3
SAL,SJO,2
SAL,TGU,1
SAL,TIJ,1
SAL,UIO,1
SAL,YYZ,1
SAN,ABQ,1
SAN,ATL,8
SAN,AUS,2
SAN,BLI,1
SAN,BNA,1
SAN,BOI,1
SAN,BOS,3
SAN,BWI,2
SAN,CLT,2
SAN,DCA,2
SAN,DEN,4
SAN,DFW,4
SAN,DTW,2
SAN,ELP,2
SAN,EWR,2
SAN,FAT,1
SAN,FRA,1
SAN,GEG,2
SAN,HDN,1
SAN,HNL,2
SAN,HOU,2
SAN,IAD,1
SAN,IAH,1
SAN,IPL,1
SAN,JFK,6
SAN,KOA,1
SAN,LAS,4
SAN,LAX,5
SAN,LHR,4
SAN,LIH,1
SAN,MCI,3
SAN,MCO,2
SAN,MDW,1
SAN,MEX,1
SAN,MIA,2
SAN,MRY,1
SAN,MSP,3
SAN,MSY,1
SAN,NRT,3
SAN,OAK,1
SAN,OGG,1
SAN,OMA,1
SAN,ORD,4
SAN,PAE,1
SAN,PDX,3
SAN,PHL,2
SAN,PHX,4
SAN,PVR,4
SAN,RDM,1
SAN,RNO,2
SAN,SAT,2
SAN,SBP,1
SAN,SDF,1
SAN,SEA,4
SAN,SFO,4
SAN,SJC,3
SAN,SJD,3
SAN,SLC,3
SAN,SMF,2
SAN,STL,1
SAN,STS,2
SAN,TUS,1
SAN,YVR,1
SAN,YYC,2
SAN,YYZ,1
SAN,ZRH,1
SAP,ATL,1
SAP,BZE,1
SAP,DFW,1
SAP,EWR,1
SAP,FLL,1
SAP,GUA,4
SAP,IAH,1
SAP,JFK,1
SAP,LCE,1
SAP,MAD,1
SAP,MEX,1
SAP,MIA,4
SAP,PTY,1
SAP,RTB,4
SAP,SAL,1
SAP,SJO,2
SAP,TGU,2
SAP,UII,1
SAT,ATL,7
SAT,BNA,1
SAT,BWI,2
SAT,CLT,2
SAT,CUN,1
SAT,DAL,2
SAT,DEN,3
SAT,DFW,2
SAT,DTW,1
SAT,ELP,1
SAT,EWR,1
SAT,GDL,2
SAT,HOU,2
SAT,HRL,1
SAT,IAD,1
SAT,IAH,1
SAT,JFK,2
SAT,LAS,2
SAT,LAX,5
SAT,MCO,3
SAT,MDW,2
SAT,MEM,1
SAT,MEX,4
SAT,MIA,1
SAT,MSP,1
SAT,MTY,3
SAT,ORD,3
SAT,PHL,2
SAT,PHX,4
SAT,SAN,1
SAT,SEA,1
SAT,SFO,1
SAT,SLC,1
SAT,SLP,1
SAT,STL,2
SAT,TLC,1
SAT,TPA,2
SAT,YYZ,1
SAV,ABE,1
SAV,ALB,1
SAV,ATL,6
SAV,BOS,1
SAV,BWI,1
SAV,CLE,1
SAV,CLT,2
SAV,DCA,2
SAV,DFW,2
SAV,DTW,1
SAV,EWR,2
SAV,GRR,1
SAV,IAD,1
SAV,IAH,1
SAV,JFK,2
SAV,LGA,2
SAV,MEM,1
SAV,MIA,1
SAV,MSP,1
SAV,ORD,1
SAV,PHL,2
SAV,PVD,1
SAV,YYZ,1
SAW,ADA,2
SAW,ADB,3
SAW,ADF,1
SAW,AJI,1
SAW,ALA,1
SAW,AMS,3
SAW,ARN,1
SAW,ASF,1
SAW,ASR,2
SAW,ATH,1
SAW,AUH,2
SAW,AYT,3
SAW,BAH,2
SAW,BAL,2
SAW,BCN,2
SAW,BEG,2
SAW,BER,1
SAW,BEY,1
SAW,BGG,1
SAW,BGW,2
SAW,BGY,1
SAW,BJV,2
SAW,BLQ,1
SAW,BRU,1
SAW,BSL,1
SAW,BUD,2
SAW,CDG,1
SAW,CGN,3
SAW,CMN,1
SAW,CPH,1
SAW,CRL,1
SAW,DIY,2
SAW,DLM,2
SAW,DME,1
SAW,DMM,1
SAW,DNZ,2
SAW,DOH,2
SAW,DOK,1
SAW,DTM,2
SAW,DUS,3
SAW,DXB,3
SAW,EBL,2
SAW,EBU,1
SAW,ECN,2
SAW,EDO,1
SAW,EIN,2
SAW,ERC,2
SAW,ERZ,2
SAW,ESB,2
SAW,EZS,2
SAW,FCO,2
SAW,FRA,2
SAW,FRU,1
SAW,GNY,2
SAW,GRV,1
SAW,GVA,1
SAW,GYD,3
SAW,GZP,1
SAW,GZT,2
SAW,HAJ,2
SAW,HAM,2
SAW,HRG,1
SAW,HRK,1
SAW,HTY,2
SAW,IGD,1
SAW,IKA,2
SAW,JED,3
SAW,KBP,2
SAW,KCM,1
SAW,KRR,2
SAW,KSY,2
SAW,KWI,4
SAW,KYA,2
SAW,LGW,1
SAW,LWO,1
SAW,LYS,1
SAW,MAD,1
SAW,MAN,1
SAW,MCT,1
SAW,MED,2
SAW,MLA,2
SAW,MLX,2
SAW,MQM,2
SAW,MRS,1
SAW,MRV,2
SAW,MSR,1
SAW,MUC,3
SAW,MXP,1
SAW,MZH,1
SAW,NAV,2
SAW,NKT,1
SAW,NOP,1
SAW,NUE,2
SAW,OGU,2
SAW,OMS,1
SAW,ORY,2
SAW,OSL,1
SAW,OTP,1
SAW,OZH,1
SAW,PRG,1
SAW,PRN,1
SAW,RIX,1
SAW,RTM,2
SAW,RUH,2
SAW,SHJ,2
SAW,SJJ,2
SAW,SKP,1
SAW,SSH,1
SAW,STN,1
SAW,STR,4
SAW,STW,1
SAW,SXF,2
SAW,SZF,2
SAW,TBS,2
SAW,TIA,1
SAW,TLV,2
SAW,TXL,2
SAW,TZX,2
SAW,VAN,2
SAW,VAS,2
SAW,VCE,1
SAW,VIE,2
SAW,VKO,1
SAW,ZRH,1
SAX,GHE,1
SBA,DEN,2
SBA,DFW,1
SBA,LAX,1
SBA,PDX,1
SBA,PHX,2
SBA,SEA,1
SBA,SFO,2
SBA,SLC,1
SBH,ANU,2
SBH,PTP,3
SBH,SAB,1
SBH,SFG,1
SBH,SJU,1
SBH,STT,1
SBH,SXM,3
SBN,ATL,3
SBN,AZA,1
SBN,CLT,1
SBN,DFW,1
SBN,DTW,1
SBN,LAS,1
SBN,LGA,1
SBN,MSP,1
SBN,ORD,2
SBN,PGD,1
SBN,PIE,1
SBN,RIC,1
SBN,SFB,1
SBP,DFW,1
SBP,LAX,1
SBP,PHX,2
SBP,SEA,1
SBP,SFO,2
SBR,GIC,1
SBR,XMY,1
SBW,BKI,1
SBW,BTU,1
SBW,JHB,1
SBW,KCH,2
SBW,KUL,3
SBW,MYY,1
SBY,CLT,2
SBY,PHL,2
SBZ,FKB,1
SBZ,MUC,2
SBZ,OTP,1
SBZ,STR,1
SBZ,VIE,2
SCC,ANC,1
SCC,BRW,1
SCC,BTI,1
SCC,FAI,1
SCC,NUI,1
SCE,DTW,1
SCE,IAD,1
SCE,ORD,2
SCE,PHL,2
SCK,LAS,1
SCL,AEP,2
SCL,AKL,2
SCL,AMS,1
SCL,ANF,5
SCL,ARI,3
SCL,ASU,2
SCL,ATL,2
SCL,BBA,3
SCL,BCN,1
SCL,BOG,2
SCL,BSB,1
SCL,CCP,3
SCL,CCS,1
SCL,CDG,2
SCL,CJC,3
SCL,COR,3
SCL,CPO,3
SCL,CUN,1
SCL,CUZ,1
SCL,DFW,3
SCL,EPA,1
SCL,EZE,6
SCL,FCO,1
SCL,FLN,1
SCL,GIG,3
SCL,GRU,4
SCL,GYE,1
SCL,IAH,1
SCL,IPC,1
SCL,IQQ,4
SCL,JFK,2
SCL,LAX,1
SCL,LHR,1
SCL,LIM,8
SCL,LPB,1
SCL,LSC,3
SCL,MAD,2
SCL,MDZ,3
SCL,MEL,1
SCL,MEX,2
SCL,MHC,1
SCL,MIA,3
SCL,MVD,3
SCL,NQN,1
SCL,PMC,4
SCL,PNT,1
SCL,POA,1
SCL,PTY,1
SCL,PUJ,1
SCL,PUQ,3
SCL,REC,1
SCL,ROS,1
SCL,SSA,2
SCL,SYD,2
SCL,TUC,1
SCL,UIO,2
SCL,USH,1
SCL,VVI,1
SCL,YYZ,1
SCL,ZAL,3
SCL,ZCO,3
SCL,ZOS,2
SCM,BET,1
SCN,AYT,1
SCN,BER,1
SCN,HAM,2
SCN,LUX,2
SCN,PMI,2
SCN,TXL,4
SCO,AKX,1
SCO,ALA,2
SCO,ASF,1
SCO,CIT,2
SCO,DME,1
SCO,EVN,1
SCO,GUW,2
SCO,GYD,2
SCO,IST,2
SCO,KOV,1
SCO,KRR,1
SCO,KZO,1
SCO,MCX,1
SCO,MRV,1
SCO,SVO,1
SCO,TBS,1
SCO,TSE,2
SCO,URA,2
SCO,VKO,2
SCQ,ACE,3
SCQ,AGP,3
SCQ,ALC,2
SCQ,AMS,1
SCQ,BCN,3
SCQ,BGY,1
SCQ,BIO,2
SCQ,BRU,2
SCQ,BSL,1
SCQ,CDG,2
SCQ,DUB,1
SCQ,FCO,1
SCQ,FRA,1
SCQ,FUE,1
SCQ,GVA,1
SCQ,HHN,1
SCQ,IBZ,1
SCQ,LGW,1
SCQ,LPA,3
SCQ,MAD,3
SCQ,PMI,4
SCQ,STN,1
SCQ,SVQ,1
SCQ,TFN,2
SCQ,TFS,2
SCQ,VLC,1
SCQ,ZRH,1
SCR,AAL,1
SCR,CPH,1
SCT,RIY,2
SCU,CCC,1
SCU,FCO,2
SCU,HAV,1
SCU,SDQ,1
SCU,YUL,1
SCV,BGY,1
SCV,BLQ,1
SCV,CIA,1
SCV,OTP,1
SCW,DME,1
SCW,INA,1
SCW,KSZ,1
SCW,KUF,1
SCW,LED,4
SCW,NNM,1
SCW,PEE,1
SCW,PEX,1
SCW,SVO,2
SCW,SVX,1
SCW,UCT,2
SCW,UFA,1
SCW,USK,1
SCW,UTS,2
SCW,VKT,2
SCY,GYE,6
SCZ,HIR,1
SDD,LAD,1
SDD,VPE,1
SDD,WDH,1
SDE,AEP,1
SDF,ATL,6
SDF,BWI,2
SDF,CLE,1
SDF,CLT,2
SDF,DCA,2
SDF,DEN,2
SDF,DFW,2
SDF,DTW,1
SDF,EWR,1
SDF,GSO,1
SDF,IAD,1
SDF,IAH,1
SDF,JFK,1
SDF,LAS,1
SDF,LAX,1
SDF,LEX,1
SDF,LGA,3
SDF,MCO,3
SDF,MDW,2
SDF,MIA,2
SDF,MSP,1
SDF,ORD,3
SDF,PHL,2
SDF,PHX,1
SDF,TPA,1
SDG,THR,1
SDJ,BKK,1
SDJ,CTS,7
SDJ,DLC,1
SDJ,FUK,4
SDJ,GUM,2
SDJ,HIJ,2
SDJ,ICN,2
SDJ,ITM,3
SDJ,IZO,1
SDJ,KIX,1
SDJ,KMQ,2
SDJ,NGO,2
SDJ,NRT,1
SDJ,OKA,1
SDJ,PVG,2
SDJ,TPE,4
SDJ,UKB,1
SDK,BKI,2
SDK,KUD,1
SDK,KUL,2
SDK,TWU,1
SDL,ARN,1
SDL,BMA,2
SDL,GOT,1
SDL,LLA,1
SDN,OSL,1
SDN,SOG,1
SDP,ANC,2
SDQ,ANU,1
SDQ,ATL,1
SDQ,BOG,2
SDQ,BOS,1
SDQ,CDG,2
SDQ,CLT,1
SDQ,CUR,2
SDQ,EWR,1
SDQ,FLL,2
SDQ,FRA,1
SDQ,GIG,2
SDQ,GRU,2
SDQ,HAV,1
SDQ,JFK,2
SDQ,KIN,1
SDQ,LIM,1
SDQ,MAD,2
SDQ,MCO,3
SDQ,MEX,1
SDQ,MIA,4
SDQ,ORY,1
SDQ,PAP,1
SDQ,PHL,2
SDQ,PLS,1
SDQ,PTP,3
SDQ,PTY,2
SDQ,SCU,1
SDQ,SJO,1
SDQ,SJU,2
SDQ,SXM,4
SDR,ACE,1
SDR,AGP,1
SDR,BCN,3
SDR,BGY,1
SDR,BUD,1
SDR,CIA,1
SDR,CRL,1
SDR,DUB,1
SDR,EDI,1
SDR,HHN,1
SDR,LPA,1
SDR,MAD,1
SDR,NRN,1
SDR,PMI,1
SDR,RAK,1
SDR,STN,1
SDR,SVQ,1
SDR,SXF,1
SDR,TFS,1
SDR,VLC,1
SDU,AJU,1
SDU,BPS,2
SDU,BSB,4
SDU,CAW,1
SDU,CFB,1
SDU,CGH,5
SDU,CNF,4
SDU,CWB,3
SDU,GRU,3
SDU,GYN,2
SDU,IGU,2
SDU,IOS,1
SDU,MEA,2
SDU,NVT,1
SDU,POA,3
SDU,RAO,2
SDU,SJK,2
SDU,SSA,3
SDU,VCP,1
SDU,VIX,4
SDV,ETH,2
SDV,HFA,1
SDY,BIL,1
SEA,ABQ,2
SEA,ALW,1
SEA,AMS,2
SEA,ANC,4
SEA,ATL,6
SEA,AUS,2
SEA,BIL,1
SEA,BLI,1
SEA,BNA,2
SEA,BOI,2
SEA,BOS,4
SEA,BUR,2
SEA,BWI,3
SEA,BZN,2
SEA,CDG,3
SEA,CHS,1
SEA,CLT,2
SEA,CMH,1
SEA,COS,1
SEA,CUN,1
SEA,CVG,1
SEA,DAL,1
SEA,DCA,1
SEA,DEN,7
SEA,DFW,3
SEA,DOH,1
SEA,DTW,2
SEA,DUB,1
SEA,DXB,2
SEA,EAT,1
SEA,ELP,1
SEA,EUG,2
SEA,EWR,3
SEA,FAI,2
SEA,FAT,1
SEA,FCA,1
SEA,FLL,1
SEA,FRA,3
SEA,GEG,2
SEA,GTF,1
SEA,HDN,1
SEA,HKG,1
SEA,HLN,1
SEA,HND,1
SEA,HNL,5
SEA,IAD,3
SEA,IAH,4
SEA,ICN,4
SEA,ICT,1
SEA,IND,2
SEA,JFK,5
SEA,JNU,2
SEA,KEF,1
SEA,KIX,1
SEA,KOA,2
SEA,KTN,3
SEA,LAS,4
SEA,LAX,7
SEA,LGB,3
SEA,LHR,8
SEA,LIH,2
SEA,LWS,1
SEA,MCI,3
SEA,MCO,3
SEA,MDW,2
SEA,MEX,1
SEA,MFR,2
SEA,MIA,2
SEA,MKE,4
SEA,MSO,1
SEA,MSP,3
SEA,MSY,1
SEA,NRT,4
SEA,OAK,4
SEA,OGG,3
SEA,OKC,1
SEA,OMA,1
SEA,ONT,2
SEA,ORD,6
SEA,PAE,1
SEA,PDX,3
SEA,PEK,5
SEA,PHL,3
SEA,PHX,6
SEA,PIT,1
SEA,PSC,2
SEA,PSP,1
SEA,PUW,1
SEA,PVG,2
SEA,PVR,2
SEA,RDM,2
SEA,RDU,2
SEA,RNO,2
SEA,SAN,4
SEA,SAT,1
SEA,SBA,1
SEA,SBP,1
SEA,SFO,5
SEA,SIN,1
SEA,SIT,1
SEA,SJC,4
SEA,SJD,1
SEA,SLC,4
SEA,SMF,5
SEA,SNA,3
SEA,STL,3
SEA,STS,1
SEA,SUN,1
SEA,TPA,2
SEA,TPE,3
SEA,TUS,2
SEA,WRG,1
SEA,YEG,1
SEA,YKM,1
SEA,YLW,1
SEA,YUL,1
SEA,YVR,5
SEA,YYC,2
SEA,YYJ,1
SEA,YYZ,1
SEN,AGP,1
SEN,ALC,1
SEN,AMS,1
SEN,BCN,1
SEN,CLJ,1
SEN,DUB,1
SEN,EDI,1
SEN,FAO,1
SEN,GVA,1
SEN,IBZ,1
SEN,JER,1
SEN,KRK,1
SEN,MLA,1
SEN,PMI,1
SEN,PRG,1
SEN,RMU,1
SEN,SXF,1
SEN,VCE,1
SEZ,ADD,1
SEZ,AUH,3
SEZ,BOM,1
SEZ,CDG,1
SEZ,CMB,2
SEZ,DOH,1
SEZ,DXB,1
SEZ,FRA,1
SEZ,IST,1
SEZ,JNB,2
SEZ,LHR,1
SEZ,MRU,1
SEZ,NBO,1
SEZ,PRI,1
SEZ,VKO,1
SEZ,ZRH,1
SFA,BEN,2
SFA,CDG,2
SFA,MRA,2
SFA,TIP,4
SFA,TUN,1
SFB,ABE,1
SFB,ALB,1
SFB,ATW,1
SFB,AUS,1
SFB,AVL,1
SFB,AVP,1
SFB,BGR,1
SFB,BIS,1
SFB,BLV,1
SFB,BMI,1
SFB,BTV,1
SFB,CHA,1
SFB,CID,1
SFB,CKB,1
SFB,CVG,1
SFB,DSM,1
SFB,ELM,1
SFB,EVV,1
SFB,FAR,1
SFB,FNT,1
SFB,FSD,1
SFB,FWA,1
SFB,GFK,1
SFB,GPT,1
SFB,GRR,1
SFB,GSO,1
SFB,GSP,1
SFB,HGR,1
SFB,HTS,1
SFB,IAG,1
SFB,IND,1
SFB,KEF,1
SFB,LAN,1
SFB,LCK,1
SFB,LEX,1
SFB,LIT,1
SFB,MDT,1
SFB,MEM,1
SFB,MIA,1
SFB,MLI,1
SFB,OGS,1
SFB,OKC,1
SFB,OMA,1
SFB,ORF,1
SFB,OWB,1
SFB,PBG,1
SFB,PHF,1
SFB,PIA,1
SFB,PIT,1
SFB,PSM,1
SFB,RDU,1
SFB,RFD,1
SFB,RIC,1
SFB,ROA,1
SFB,ROC,1
SFB,SBN,1
SFB,SCE,1
SFB,SDF,1
SFB,SGF,1
SFB,SJU,1
SFB,SPI,1
SFB,SWF,1
SFB,SYR,1
SFB,TOL,1
SFB,TRI,1
SFB,TUL,1
SFB,TVC,1
SFB,TYS,1
SFB,USA,1
SFB,XNA,1
SFB,YNG,1
SFG,PTP,3
SFG,SBH,1
SFJ,CPH,1
SFJ,GOH,1
SFJ,JAV,1
SFJ,JEG,1
SFJ,JHS,1
SFJ,JSU,1
SFJ,KUS,1
SFJ,UAK,1
SFL,RAI,1
SFN,AEP,2
SFO,ABQ,1
SFO,ACV,2
SFO,AKL,3
SFO,AMA,1
SFO,AMS,3
SFO,ANC,1
SFO,ATL,11
SFO,AUS,4
SFO,BCN,1
SFO,BFL,1
SFO,BJX,1
SFO,BLR,1
SFO,BNA,1
SFO,BNE,1
SFO,BOI,1
SFO,BOS,5
SFO,BUR,3
SFO,BWI,1
SFO,CAN,1
SFO,CDG,4
SFO,CEC,1
SFO,CIC,1
SFO,CLE,1
SFO,CLT,2
SFO,COS,1
SFO,CPH,1
SFO,CTU,1
SFO,CUN,2
SFO,CVG,2
SFO,DAL,1
SFO,DCA,3
SFO,DEL,2
SFO,DEN,5
SFO,DFW,5
SFO,DOH,1
SFO,DTW,2
SFO,DUB,1
SFO,DXB,2
SFO,EUG,1
SFO,EWR,3
SFO,FAT,2
SFO,FLL,4
SFO,FRA,3
SFO,GDL,3
SFO,GEG,1
SFO,GUM,1
SFO,HKG,6
SFO,HND,3
SFO,HNL,6
SFO,IAD,3
SFO,IAH,1
SFO,ICN,7
SFO,IND,1
SFO,IST,1
SFO,JFK,7
SFO,KIX,2
SFO,KOA,2
SFO,LAS,5
SFO,LAX,7
SFO,LGB,1
SFO,LHR,10
SFO,LIH,1
SFO,LIS,1
SFO,LMT,1
SFO,MCI,1
SFO,MCO,3
SFO,MDW,2
SFO,MEL,2
SFO,MEX,4
SFO,MFR,1
SFO,MIA,4
SFO,MKE,2
SFO,MLM,1
SFO,MMH,1
SFO,MNL,1
SFO,MOD,1
SFO,MRY,1
SFO,MSN,1
SFO,MSP,3
SFO,MSY,2
SFO,MUC,2
SFO,NGO,1
SFO,NRT,3
SFO,OAK,1
SFO,OGG,2
SFO,OKC,1
SFO,OMA,1
SFO,ONT,2
SFO,ORD,5
SFO,ORF,1
SFO,OTH,1
SFO,PAE,1
SFO,PDX,4
SFO,PEK,3
SFO,PHL,4
SFO,PHX,4
SFO,PIT,1
SFO,PPT,2
SFO,PSC,2
SFO,PSP,4
SFO,PTY,1
SFO,PVG,4
SFO,PVR,5
SFO,RDD,1
SFO,RDM,1
SFO,RDU,1
SFO,RNO,1
SFO,SAL,3
SFO,SAN,4
SFO,SAT,1
SFO,SBA,2
SFO,SBP,1
SFO,SEA,6
SFO,SIN,2
SFO,SJD,4
SFO,SLC,3
SFO,SMF,1
SFO,SNA,3
SFO,STL,2
SFO,STS,2
SFO,SYD,3
SFO,TAO,1
SFO,TLV,1
SFO,TPA,1
SFO,TPE,5
SFO,TUS,1
SFO,WUH,1
SFO,XNA,1
SFO,YEG,2
SFO,YUL,2
SFO,YVR,3
SFO,YYC,3
SFO,YYJ,2
SFO,YYZ,2
SFO,ZRH,2
SFT,ARN,1
SFT,GRO,1
SFT,STN,1
SGC,DME,1
SGC,DYU,1
SGC,EYK,1
SGC,FRU,2
SGC,KIV,1
SGC,LBD,2
SGC,LED,2
SGC,MCX,1
SGC,OMS,1
SGC,OSS,2
SGC,OVB,3
SGC,PEE,1
SGC,SVO,1
SGC,SVX,2
SGC,TJM,2
SGC,TOF,2
SGC,UFA,2
SGC,VKO,1
SGD,CPH,1
SGF,ATL,3
SGF,AZA,1
SGF,CLT,1
SGF,DEN,1
SGF,DFW,2
SGF,IAH,2
SGF,LAS,1
SGF,LGA,1
SGF,OKC,1
SGF,ORD,3
SGF,PGD,1
SGF,PIE,1
SGF,SFB,1
SGG,AGM,1
SGN,ALA,1
SGN,AUH,2
SGN,BKK,5
SGN,BMV,3
SGN,CAH,1
SGN,CAN,3
SGN,CDG,3
SGN,CGK,1
SGN,CMB,1
SGN,CNX,1
SGN,CXR,3
SGN,DAD,3
SGN,DLI,3
SGN,DME,2
SGN,DMK,2
SGN,DOH,1
SGN,DPS,1
SGN,DXB,1
SGN,FOC,1
SGN,FRA,2
SGN,FUK,2
SGN,HAK,1
SGN,HAN,5
SGN,HEL,1
SGN,HKG,6
SGN,HKT,2
SGN,HND,1
SGN,HPH,4
SGN,HUI,3
SGN,ICN,4
SGN,ISL,1
SGN,IST,1
SGN,KHH,4
SGN,KIX,2
SGN,KMG,1
SGN,KOS,1
SGN,KUL,4
SGN,LHR,1
SGN,MEL,3
SGN,MNL,3
SGN,NGO,1
SGN,NNG,1
SGN,NRT,4
SGN,PEK,1
SGN,PEN,1
SGN,PKZ,1
SGN,PNH,3
SGN,PQC,3
SGN,PUS,2
SGN,PVG,3
SGN,PXU,3
SGN,REP,2
SGN,RGN,1
SGN,RMQ,2
SGN,SIN,7
SGN,SVO,1
SGN,SYD,3
SGN,SZX,1
SGN,TBB,3
SGN,THD,4
SGN,TNN,1
SGN,TPE,4
SGN,UIH,4
SGN,VCL,3
SGN,VCS,1
SGN,VDH,3
SGN,VDO,3
SGN,VII,4
SGN,VKG,1
SGN,WUH,1
SGN,XMN,1
SGO,CMA,2
SGO,TWB,1
SGO,WTB,1
SGU,DEN,1
SGU,SLC,1
SGY,HNS,1
SGY,JNU,2
SHA,AQG,1
SHA,BAV,2
SHA,BFJ,1
SHA,BHY,2
SHA,CAN,7
SHA,CGD,1
SHA,CGO,3
SHA,CIH,1
SHA,CKG,8
SHA,CSX,6
SHA,CTU,7
SHA,DLU,1
SHA,DOY,1
SHA,ENH,1
SHA,FOC,4
SHA,FUG,2
SHA,GMP,4
SHA,HAK,2
SHA,HDG,1
SHA,HET,3
SHA,HIA,1
SHA,HJJ,1
SHA,HKG,5
SHA,HND,5
SHA,INC,3
SHA,JDZ,2
SHA,JGS,2
SHA,JIQ,1
SHA,JIU,1
SHA,JJN,3
SHA,JNG,2
SHA,JUH,1
SHA,KHN,2
SHA,KMG,5
SHA,KOW,1
SHA,KWE,6
SHA,KWL,2
SHA,LCX,1
SHA,LHW,3
SHA,LJG,1
SHA,LYA,1
SHA,LYG,2
SHA,LYI,2
SHA,LZH,1
SHA,MFM,4
SHA,NAY,2
SHA,NNG,4
SHA,NNY,1
SHA,PEK,7
SHA,PKX,2
SHA,SHE,2
SHA,SJW,5
SHA,SWA,4
SHA,SYX,4
SHA,SZX,8
SHA,TAO,6
SHA,TNA,3
SHA,TSA,6
SHA,TSN,9
SHA,TXN,2
SHA,TYN,4
SHA,URC,6
SHA,WDS,1
SHA,WEH,1
SHA,WMT,1
SHA,WNZ,3
SHA,WUH,4
SHA,WUS,1
SHA,XAI,1
SHA,XIY,5
SHA,XMN,7
SHA,XUZ,1
SHA,YIC,1
SHA,YIH,2
SHA,YNT,4
SHA,YNZ,2
SHA,ZQZ,1
SHA,ZUH,5
SHA,ZYI,1
SHB,CTS,1
SHB,HND,1
SHC,MQX,1
SHD,IAD,1
SHE,BAV,1
SHE,BHY,1
SHE,BKK,1
SHE,CAN,4
SHE,CGO,4
SHE,CGQ,1
SHE,CIF,1
SHE,CJJ,1
SHE,CJU,2
SHE,CKG,1
SHE,CSX,1
SHE,CTU,5
SHE,CXR,1
SHE,CZX,3
SHE,DAT,3
SHE,DQA,1
SHE,DSN,1
SHE,FNJ,1
SHE,FOC,2
SHE,FRA,2
SHE,FUK,1
SHE,HAK,1
SHE,HDG,1
SHE,HET,3
SHE,HFE,5
SHE,HGH,8
SHE,HIA,1
SHE,HKG,1
SHE,HLH,1
SHE,HUO,1
SHE,ICN,2
SHE,INC,1
SHE,JJN,2
SHE,JMU,2
SHE,JNG,1
SHE,JXA,1
SHE,KHN,2
SHE,KIX,2
SHE,KMG,1
SHE,KWE,1
SHE,KWL,1
SHE,LAX,1
SHE,LDS,1
SHE,LFQ,1
SHE,LHW,2
SHE,LYA,1
SHE,LYG,2
SHE,LYI,2
SHE,MDG,2
SHE,MFM,2
SHE,MIG,1
SHE,NBS,2
SHE,NDG,1
SHE,NGB,3
SHE,NGO,1
SHE,NKG,8
SHE,NNG,1
SHE,NRT,4
SHE,NTG,2
SHE,PEK,4
SHE,PKX,1
SHE,PUS,2
SHE,PVG,6
SHE,RIZ,2
SHE,SHA,2
SHE,SIN,1
SHE,SJW,4
SHE,SYX,1
SHE,SZX,4
SHE,TAO,9
SHE,TNA,5
SHE,TPE,5
SHE,TSN,1
SHE,TVS,2
SHE,TXN,1
SHE,TYN,6
SHE,URC,1
SHE,UYN,1
SHE,WEF,1
SHE,WEH,1
SHE,WNZ,3
SHE,WUH,6
SHE,WUT,2
SHE,WUX,3
SHE,XFN,2
SHE,XIY,6
SHE,XMN,3
SHE,XUZ,2
SHE,YCU,1
SHE,YIW,1
SHE,YNT,3
SHE,YNZ,2
SHE,YTY,1
SHE,YVR,1
SHE,ZQZ,1
SHE,ZUH,1
SHF,HMI,1
SHG,OBU,2
SHH,OME,2
SHH,WAA,1
SHJ,ADD,1
SHJ,ADE,1
SHJ,AHB,1
SHJ,AJF,1
SHJ,ALA,1
SHJ,AMD,1
SHJ,AMM,1
SHJ,AMS,1
SHJ,ASM,1
SHJ,ATZ,1
SHJ,AUH,1
SHJ,BAH,1
SHJ,BEG,1
SHJ,BEY,1
SHJ,BGW,1
SHJ,BLR,1
SHJ,BOM,2
SHJ,BRU,1
SHJ,BSR,1
SHJ,CAI,2
SHJ,CCJ,3
SHJ,CGP,1
SHJ,CIT,1
SHJ,CJB,1
SHJ,CMB,3
SHJ,CNN,1
SHJ,COK,4
SHJ,DAC,1
SHJ,DEA,1
SHJ,DEL,1
SHJ,DME,1
SHJ,DMM,1
SHJ,DOH,2
SHJ,DOK,1
SHJ,DYU,1
SHJ,EBL,1
SHJ,EDL,1
SHJ,ELQ,1
SHJ,EVN,1
SHJ,FRA,1
SHJ,FRU,1
SHJ,GIZ,1
SHJ,GOI,1
SHJ,GRV,1
SHJ,GYD,1
SHJ,HAS,1
SHJ,HBE,1
SHJ,HGA,2
SHJ,HKG,1
SHJ,HMB,1
SHJ,HOF,1
SHJ,HRK,1
SHJ,HYD,2
SHJ,IKA,1
SHJ,ISB,1
SHJ,IST,1
SHJ,IXC,1
SHJ,IXE,1
SHJ,JAI,2
SHJ,JED,1
SHJ,KBL,1
SHJ,KBP,1
SHJ,KHI,2
SHJ,KRT,1
SHJ,KTM,1
SHJ,KUL,1
SHJ,KWI,1
SHJ,KZN,1
SHJ,LHE,1
SHJ,LRR,1
SHJ,LYP,1
SHJ,MAA,2
SHJ,MCT,1
SHJ,MED,1
SHJ,MHD,1
SHJ,MUX,2
SHJ,NAG,1
SHJ,NBO,1
SHJ,NJF,1
SHJ,ODS,1
SHJ,OHS,1
SHJ,PEW,3
SHJ,PNQ,2
SHJ,PRG,1
SHJ,ROV,1
SHJ,RUH,1
SHJ,SAW,1
SHJ,SIN,1
SHJ,SKT,2
SHJ,SLL,1
SHJ,STV,1
SHJ,SVO,1
SHJ,SVX,2
SHJ,SYZ,1
SHJ,TAS,1
SHJ,TBS,1
SHJ,TIF,1
SHJ,TRV,3
SHJ,TRZ,1
SHJ,TSE,1
SHJ,TUK,1
SHJ,TUN,1
SHJ,UET,2
SHJ,UFA,1
SHJ,VIE,1
SHJ,VNS,1
SHJ,YNB,1
SHL,CCU,1
SHM,HND,1
SHP,DLC,1
SHP,PVG,2
SHP,SJW,3
SHP,TAO,1
SHR,DEN,1
SHV,ATL,3
SHV,CLT,1
SHV,DEN,1
SHV,DFW,2
SHV,IAH,1
SHV,LAS,1
SHV,MIA,1
SHW,JED,1
SHW,RUH,1
SHW,TIF,1
SHX,ANI,2
SHX,KGX,1
SIC,IST,1
SIC,PAC,1
SID,AMS,2
SID,BJL,1
SID,BOS,1
SID,BVC,3
SID,CDG,2
SID,CGN,1
SID,DSS,1
SID,FCO,1
SID,FOR,1
SID,FRA,1
SID,HAJ,1
SID,IAD,1
SID,LGW,2
SID,LIS,2
SID,LOS,1
SID,LPA,1
SID,LUX,1
SID,MAN,2
SID,MUC,1
SID,MXP,1
SID,POA,1
SID,RAI,2
SID,REC,1
SID,SNE,1
SID,SSA,1
SID,STR,1
SID,VXE,2
SIN,ADD,1
SIN,ADL,3
SIN,AKL,4
SIN,AMD,1
SIN,AMS,3
SIN,ATH,1
SIN,ATQ,1
SIN,AUH,6
SIN,BCN,1
SIN,BDO,5
SIN,BER,1
SIN,BKI,5
SIN,BKK,11
SIN,BLR,4
SIN,BNE,9
SIN,BOM,4
SIN,BPN,3
SIN,BWN,2
SIN,CAN,3
SIN,CBR,1
SIN,CCU,4
SIN,CDG,2
SIN,CEB,4
SIN,CGK,11
SIN,CGO,1
SIN,CHC,2
SIN,CJB,4
SIN,CKG,2
SIN,CMB,6
SIN,CNS,1
SIN,CNX,4
SIN,COK,3
SIN,CPH,2
SIN,CRK,4
SIN,CSX,4
SIN,CTU,3
SIN,DAC,4
SIN,DAD,4
SIN,DEL,4
SIN,DIL,1
SIN,DME,2
SIN,DMK,2
SIN,DOH,1
SIN,DPS,12
SIN,DRW,4
SIN,DUS,1
SIN,DVO,2
SIN,DXB,5
SIN,EWR,1
SIN,FCO,1
SIN,FOC,3
SIN,FRA,3
SIN,FUK,2
SIN,HAK,3
SIN,HAN,6
SIN,HDY,1
SIN,HEL,1
SIN,HGH,2
SIN,HIJ,1
SIN,HKG,10
SIN,HKT,6
SIN,HND,4
SIN,HRB,1
SIN,HYD,3
SIN,ICN,5
SIN,ILO,1
SIN,IPH,3
SIN,IST,3
SIN,IXM,1
SIN,JED,2
SIN,JFK,1
SIN,JJN,1
SIN,JNB,4
SIN,JOG,5
SIN,KBR,2
SIN,KBV,2
SIN,KCH,5
SIN,KHH,2
SIN,KHN,1
SIN,KIX,3
SIN,KLO,2
SIN,KMG,4
SIN,KNO,2
SIN,KTM,2
SIN,KUA,3
SIN,KUL,12
SIN,KWE,2
SIN,LAX,1
SIN,LGK,5
SIN,LHR,5
SIN,LJG,1
SIN,LOP,3
SIN,LPQ,1
SIN,MAA,8
SIN,MAN,1
SIN,MDC,3
SIN,MDL,1
SIN,MEL,8
SIN,MFM,1
SIN,MLE,3
SIN,MNL,6
SIN,MUC,5
SIN,MXP,1
SIN,MYY,1
SIN,NGB,1
SIN,NGO,2
SIN,NKG,2
SIN,NNG,2
SIN,NRT,8
SIN,OKA,1
SIN,OOL,2
SIN,PEK,2
SIN,PEN,9
SIN,PER,9
SIN,PKU,4
SIN,PLM,4
SIN,PNH,4
SIN,POM,1
SIN,PUS,2
SIN,PVG,4
SIN,RDN,1
SIN,REP,4
SIN,RGN,6
SIN,RUH,2
SIN,SEA,1
SIN,SFO,2
SIN,SGN,7
SIN,SHE,1
SIN,SHJ,1
SIN,SOC,3
SIN,SRG,4
SIN,SUB,8
SIN,SWA,1
SIN,SYD,10
SIN,SZB,2
SIN,SZX,5
SIN,TAO,2
SIN,TAS,2
SIN,TGG,1
SIN,TNA,1
SIN,TPE,7
SIN,TRV,3
SIN,TRZ,2
SIN,TSN,2
SIN,TXL,1
SIN,UPG,3
SIN,USM,4
SIN,VTE,2
SIN,VTZ,3
SIN,WAW,1
SIN,WUH,4
SIN,WUX,2
SIN,XIY,1
SIN,XMN,4
SIN,XUZ,1
SIN,ZRH,3
SIP,AER,1
SIP,DME,3
SIP,KBP,1
SIP,LED,2
SIP,OVB,1
SIP,ROV,1
SIP,SVO,2
SIS,JNB,1
SIT,JNU,2
SIT,KTN,1
SIT,SEA,1
SJC,ATL,2
SJC,AUS,2
SJC,BOI,1
SJC,BOS,1
SJC,BUR,1
SJC,DEN,3
SJC,DFW,2
SJC,DTW,1
SJC,EWR,1
SJC,GDL,4
SJC,GEG,1
SJC,HNL,3
SJC,IAH,1
SJC,JFK,3
SJC,KOA,2
SJC,LAS,3
SJC,LAX,9
SJC,LGB,1
SJC,LHR,1
SJC,LIH,2
SJC,MDW,1
SJC,MSP,1
SJC,NRT,2
SJC,OGG,4
SJC,ONT,1
SJC,ORD,3
SJC,PAE,1
SJC,PDX,3
SJC,PHX,3
SJC,PSP,1
SJC,RNO,2
SJC,SAN,3
SJC,SEA,4
SJC,SFO,1
SJC,SJD,2
SJC,SLC,3
SJC,SNA,2
SJC,STL,1
SJC,TUS,2
SJC,YVR,1
SJC,YYZ,1
SJD,ATL,5
SJD,CLT,2
SJD,CUL,2
SJD,DEN,3
SJD,DFW,3
SJD,DTW,1
SJD,EWR,1
SJD,GDL,4
SJD,IAH,1
SJD,JFK,1
SJD,LAX,6
SJD,MEX,3
SJD,MSP,1
SJD,MTY,2
SJD,ORD,4
SJD,PDX,1
SJD,PHX,2
SJD,SAN,2
SJD,SEA,1
SJD,SFO,4
SJD,SJC,2
SJD,SLC,2
SJD,SMF,1
SJD,SNA,1
SJD,TIJ,1
SJD,TLC,2
SJD,YEG,1
SJD,YLW,1
SJD,YVR,2
SJD,YYC,2
SJD,YYZ,1
SJE,BOG,2
SJI,MNL,1
SJJ,ARN,1
SJJ,BEG,2
SJJ,BNX,1
SJJ,CGN,2
SJJ,CPH,1
SJJ,DOH,1
SJJ,IST,2
SJJ,LJU,1
SJJ,MUC,1
SJJ,SAW,2
SJJ,STR,2
SJJ,TXL,1
SJJ,VIE,1
SJJ,ZAG,1
SJK,PLU,1
SJK,SDU,2
SJL,TFF,1
SJO,ATL,2
SJO,BOC,1
SJO,BOG,1
SJO,CDG,1
SJO,CLT,3
SJO,CUN,1
SJO,DAV,1
SJO,DEN,1
SJO,DFW,2
SJO,DRK,3
SJO,EWR,1
SJO,FLL,2
SJO,FON,3
SJO,FRA,1
SJO,GDL,1
SJO,GLF,3
SJO,GUA,5
SJO,IAD,1
SJO,IAH,1
SJO,JFK,3
SJO,LAX,2
SJO,LGW,1
SJO,LIM,2
SJO,LIR,3
SJO,MAD,1
SJO,MCO,1
SJO,MEX,4
SJO,MGA,4
SJO,MIA,4
SJO,NOB,1
SJO,ORD,1
SJO,PHX,1
SJO,PJM,3
SJO,PMZ,2
SJO,PTY,4
SJO,SAL,2
SJO,SAP,2
SJO,SDQ,1
SJO,TGU,3
SJO,TMU,3
SJO,TNO,3
SJO,TTQ,1
SJO,XQP,3
SJO,YUL,1
SJO,YYZ,2
SJO,ZRH,1
SJP,BPS,1
SJP,BSB,1
SJP,CGB,1
SJP,CGH,2
SJP,GRU,2
SJP,RAO,3
SJP,VCP,1
SJT,DFW,2
SJU,ANU,2
SJU,ATL,8
SJU,AXA,3
SJU,AZS,1
SJU,BDL,1
SJU,BOG,1
SJU,BOS,1
SJU,BWI,1
SJU,CCS,1
SJU,CLT,2
SJU,CPX,2
SJU,DCA,1
SJU,DFW,2
SJU,DOM,4
SJU,DTW,1
SJU,EIS,4
SJU,EWR,2
SJU,FDF,2
SJU,FLL,4
SJU,FRA,1
SJU,GEO,1
SJU,IAD,1
SJU,IAH,1
SJU,JAX,1
SJU,JFK,5
SJU,LRM,1
SJU,MAD,1
SJU,MAZ,1
SJU,MCO,4
SJU,MIA,2
SJU,NEV,4
SJU,ONT,1
SJU,ORD,4
SJU,PBI,1
SJU,PHL,2
SJU,PLS,1
SJU,POP,1
SJU,PTP,2
SJU,PTY,1
SJU,PUJ,2
SJU,SBH,1
SJU,SDQ,2
SJU,SKB,1
SJU,STI,2
SJU,STT,4
SJU,STX,3
SJU,SXM,3
SJU,TPA,2
SJU,VIJ,3
SJU,VQS,5
SJU,YUL,1
SJU,YYZ,2
SJW,BAR,1
SJW,BAV,4
SJW,BHY,3
SJW,BKK,1
SJW,BPE,1
SJW,CAN,4
SJW,CDE,3
SJW,CGQ,4
SJW,CIF,1
SJW,CKG,4
SJW,CSX,2
SJW,CTU,4
SJW,CXR,1
SJW,DLC,4
SJW,DLU,1
SJW,DSN,2
SJW,FOC,2
SJW,HAK,4
SJW,HET,4
SJW,HFE,1
SJW,HGH,9
SJW,HIA,1
SJW,HLD,1
SJW,HRB,6
SJW,ICN,1
SJW,INC,3
SJW,KHN,3
SJW,KMG,4
SJW,KRL,1
SJW,KWE,2
SJW,KWL,3
SJW,LHW,4
SJW,LJG,1
SJW,LYG,1
SJW,MDG,1
SJW,MIG,2
SJW,NGB,2
SJW,NKG,3
SJW,NNG,2
SJW,NTG,1
SJW,PVG,3
SJW,SHA,5
SJW,SHE,4
SJW,SHP,3
SJW,SYX,3
SJW,SZX,6
SJW,TAO,4
SJW,TEN,1
SJW,TPE,4
SJW,TVS,1
SJW,URC,5
SJW,WNZ,1
SJW,XIY,4
SJW,XMN,2
SJW,XNN,1
SJW,XUZ,1
SJW,YIH,1
SJW,YIW,1
SJW,YNT,2
SJW,YNZ,1
SJW,YTY,1
SJW,ZQZ,3
SJW,ZUH,3
SJW,ZYI,1
SJZ,PDL,1
SJZ,TER,1
SKB,ANU,4
SKB,CLT,1
SKB,EUX,1
SKB,EWR,1
SKB,JFK,2
SKB,MIA,2
SKB,NAS,1
SKB,NEV,2
SKB,SJU,1
SKB,SXM,2
SKB,YYZ,1
SKD,DME,3
SKD,IST,2
SKD,KJA,1
SKD,KZN,1
SKD,LED,3
SKD,SVO,1
SKD,SVX,1
SKD,TAS,1
SKE,BGO,1
SKG,AMS,1
SKG,ARN,2
SKG,ATH,6
SKG,BEG,1
SKG,BGY,1
SKG,BRE,1
SKG,BSL,1
SKG,BUD,2
SKG,BVA,1
SKG,CDG,1
SKG,CFU,2
SKG,CGN,2
SKG,CHQ,3
SKG,CIA,1
SKG,CPH,3
SKG,CRL,1
SKG,DME,3
SKG,DOH,1
SKG,DOK,1
SKG,DTM,1
SKG,DUS,5
SKG,FCO,2
SKG,FKB,1
SKG,FMM,1
SKG,FRA,2
SKG,GRO,1
SKG,GVA,1
SKG,HAJ,3
SKG,HAM,4
SKG,HER,4
SKG,HHN,1
SKG,IST,1
SKG,JKH,3
SKG,JSY,1
SKG,KGS,2
SKG,KLX,2
SKG,LCA,3
SKG,LED,2
SKG,LGW,2
SKG,LXS,3
SKG,MAN,2
SKG,MJT,4
SKG,MRV,1
SKG,MUC,5
SKG,NRN,1
SKG,NUE,3
SKG,NYO,1
SKG,OTP,1
SKG,PFO,1
SKG,PRG,1
SKG,PSA,1
SKG,RHO,2
SKG,ROV,1
SKG,RYG,1
SKG,SKU,1
SKG,SMI,3
SKG,STN,1
SKG,STR,5
SKG,SVO,1
SKG,SXF,2
SKG,TLV,2
SKG,TXL,1
SKG,VIE,3
SKG,VKO,1
SKG,WMI,1
SKK,KKA,2
SKK,OME,2
SKK,UNK,2
SKN,ANX,1
SKN,BOO,1
SKN,SVJ,1
SKN,TOS,1
SKO,ABV,1
SKP,BEG,1
SKP,BGY,1
SKP,BRE,1
SKP,BSL,1
SKP,BTS,1
SKP,CGN,1
SKP,CIA,1
SKP,CRL,1
SKP,DOH,1
SKP,DTM,1
SKP,DXB,1
SKP,EIN,1
SKP,FCO,1
SKP,FDH,1
SKP,FKB,1
SKP,FMM,1
SKP,GSE,1
SKP,HAJ,1
SKP,HAM,1
SKP,HHN,1
SKP,IST,1
SKP,LJU,1
SKP,LTN,1
SKP,MLA,1
SKP,MLH,1
SKP,MMX,1
SKP,MXP,1
SKP,NUE,1
SKP,NYO,1
SKP,SAW,1
SKP,SXF,2
SKP,TSF,1
SKP,VIE,1
SKP,WAW,1
SKP,ZAG,1
SKP,ZRH,3
SKT,BAH,1
SKT,BCN,1
SKT,CDG,1
SKT,DMM,1
SKT,DOH,1
SKT,DXB,2
SKT,ISB,1
SKT,JED,1
SKT,KWI,1
SKT,LHR,1
SKT,MCT,2
SKT,RUH,1
SKT,SHJ,3
SKU,ATH,2
SKU,SKG,1
SKX,DME,1
SKX,LED,2
SKX,SVO,1
SKZ,BHV,1
SKZ,ISB,2
SKZ,KHI,1
SKZ,LHE,1
SKZ,MJD,1
SLA,AEP,3
SLA,COR,1
SLA,EZE,1
SLA,IGR,2
SLA,IQQ,1
SLA,LIM,1
SLA,MDZ,1
SLA,PTY,1
SLA,ROS,1
SLC,ABQ,1
SLC,AMS,2
SLC,ANC,1
SLC,ASE,1
SLC,ATL,6
SLC,AUS,1
SLC,BIL,1
SLC,BNA,1
SLC,BOI,1
SLC,BOS,1
SLC,BTM,1
SLC,BUR,2
SLC,BWI,3
SLC,BZN,1
SLC,CDC,1
SLC,CDG,2
SLC,CLE,1
SLC,CLT,3
SLC,CMH,1
SLC,CNY,1
SLC,COD,1
SLC,COS,1
SLC,CPR,1
SLC,CUN,2
SLC,CVG,2
SLC,DCA,1
SLC,DEN,4
SLC,DFW,3
SLC,DSM,1
SLC,DTW,1
SLC,EKO,1
SLC,EUG,1
SLC,EWR,2
SLC,FAR,1
SLC,FAT,1
SLC,FCA,1
SLC,FLL,1
SLC,GCC,1
SLC,GDL,2
SLC,GEG,1
SLC,GJT,1
SLC,GTF,1
SLC,HLN,1
SLC,HNL,1
SLC,IAD,1
SLC,IAH,2
SLC,IDA,1
SLC,IND,1
SLC,JAC,1
SLC,JFK,2
SLC,LAS,3
SLC,LAX,7
SLC,LGB,2
SLC,LHR,1
SLC,LWS,1
SLC,MCI,1
SLC,MCO,1
SLC,MDW,2
SLC,MEM,1
SLC,MEX,1
SLC,MFR,1
SLC,MHT,1
SLC,MKE,1
SLC,MSN,1
SLC,MSO,1
SLC,MSP,1
SLC,MSY,2
SLC,OAK,3
SLC,OKC,1
SLC,OMA,1
SLC,ONT,1
SLC,ORD,4
SLC,PDX,4
SLC,PHL,3
SLC,PHX,4
SLC,PIH,1
SLC,PIT,1
SLC,PSC,1
SLC,PSP,1
SLC,PVR,2
SLC,RAP,1
SLC,RDM,1
SLC,RDU,1
SLC,RKS,1
SLC,RNO,1
SLC,SAN,2
SLC,SAT,1
SLC,SBA,1
SLC,SEA,4
SLC,SFO,3
SLC,SGU,1
SLC,SJC,2
SLC,SJD,2
SLC,SMF,2
SLC,SNA,1
SLC,STL,1
SLC,SUN,1
SLC,TPA,1
SLC,TUL,1
SLC,TUS,2
SLC,TWF,1
SLC,VEL,1
SLC,WYS,1
SLC,YVR,1
SLC,YYC,1
SLC,YYZ,1
SLH,MTV,1
SLH,SON,1
SLH,TOH,1
SLI,LUN,1
SLI,NLA,1
SLJ,KTA,1
SLJ,PER,1
SLK,BOS,1
SLL,CCJ,1
SLL,COK,1
SLL,DOH,1
SLL,DXB,2
SLL,JED,1
SLL,MCT,1
SLL,RKT,1
SLL,SHJ,1
SLM,BCN,1
SLN,DFW,1
SLN,HYS,2
SLN,MCI,1
SLN,ORD,1
SLP,CUN,1
SLP,DFW,2
SLP,IAH,1
SLP,MEX,2
SLP,MFE,1
SLP,MTY,1
SLP,TIJ,1
SLQ,ANI,1
SLQ,SRV,1
SLU,ANU,1
SLU,BGI,1
SLU,DOM,1
SLU,FDF,5
SLU,POS,2
SLU,SVD,1
SLW,IAH,1
SLW,MEX,1
SLX,GDT,1
SLY,DME,1
SLY,NOJ,1
SLY,NUX,1
SLY,NYM,1
SLY,OVB,1
SLY,SVO,1
SLY,SVX,1
SLY,TJM,1
SLY,TQL,1
SLZ,BEL,3
SLZ,BSB,3
SLZ,CNF,1
SLZ,FOR,4
SLZ,GIG,2
SLZ,GRU,3
SLZ,IMP,4
SLZ,REC,1
SLZ,THE,1
SMA,PDL,3
SMF,ACV,1
SMF,ATL,4
SMF,BOI,1
SMF,BUR,1
SMF,CLT,2
SMF,DEN,3
SMF,DFW,2
SMF,DTW,1
SMF,EWR,1
SMF,GDL,3
SMF,GEG,1
SMF,HNL,3
SMF,IAD,1
SMF,IAH,1
SMF,JFK,1
SMF,KOA,1
SMF,LAS,2
SMF,LAX,7
SMF,LGB,2
SMF,MDW,1
SMF,MSP,1
SMF,OGG,2
SMF,ONT,1
SMF,ORD,2
SMF,PDX,2
SMF,PHX,4
SMF,PSP,1
SMF,SAN,3
SMF,SEA,5
SMF,SFO,1
SMF,SJD,2
SMF,SLC,1
SMF,SNA,2
SMF,STL,1
SMF,YVR,1
SMI,ATH,2
SMI,DUS,3
SMI,FRA,1
SMI,HAM,1
SMI,MUC,2
SMI,NUE,1
SMI,PRG,1
SMI,RHO,2
SMI,SKG,2
SMI,TXL,1
SMI,VIE,1
SMI,ZRH,1
SMK,UNK,2
SMK,WBB,2
SML,NAS,2
SMQ,PKN,1
SMQ,PKY,1
SMR,ADZ,1
SMR,BGA,2
SMR,BOG,3
SMR,MDE,2
SMR,MIA,1
SMR,PEI,1
SMS,RUN,1
SMS,TMM,1
SMS,TNR,1
SMX,LAS,1
SMX,LAX,1
SNA,ATL,4
SNA,DEN,4
SNA,DFW,3
SNA,DTW,1
SNA,EWR,1
SNA,GDL,1
SNA,HOU,1
SNA,IAH,1
SNA,LAS,3
SNA,MEX,2
SNA,MSP,1
SNA,OAK,3
SNA,ORD,3
SNA,PAE,1
SNA,PDX,2
SNA,PHX,4
SNA,PSP,1
SNA,SEA,3
SNA,SFO,4
SNA,SJC,2
SNA,SJD,2
SNA,SLC,1
SNA,SMF,1
SNA,STS,1
SNA,TEX,1
SNA,YVR,2
SNE,SID,1
SNE,VXE,1
SNN,ACE,2
SNN,AGP,2
SNN,ALC,1
SNN,BHX,1
SNN,BOS,1
SNN,BRS,1
SNN,BVA,1
SNN,EDI,1
SNN,EWR,2
SNN,FAO,2
SNN,FMM,1
SNN,FRA,1
SNN,FUE,1
SNN,JFK,2
SNN,KRK,1
SNN,KUN,1
SNN,LGW,1
SNN,LHR,1
SNN,LPL,1
SNN,MAN,2
SNN,MUC,1
SNN,NCE,1
SNN,PIS,1
SNN,PMI,1
SNN,STN,1
SNN,SXF,1
SNN,TFS,1
SNN,WMI,1
SNN,WRO,1
SNO,DMK,1
SNP,ANC,2
SNP,STG,1
SNU,CCC,1
SNU,DUS,1
SNU,MUC,1
SNU,PTY,1
SNU,YHZ,1
SNU,YUL,3
SNU,YYZ,4
SNV,PZO,1
SNW,AKY,2
SNW,KYP,1
SNW,RGN,1
SOC,BDO,1
SOC,BTJ,1
SOC,CGK,4
SOC,HLP,1
SOC,KUL,2
SOC,PKN,1
SOC,SIN,3
SOF,AGP,1
SOF,ALC,1
SOF,AMS,1
SOF,ATH,4
SOF,BCN,2
SOF,BEG,1
SOF,BGY,1
SOF,BLQ,1
SOF,BOJ,1
SOF,BRI,1
SOF,BRU,1
SOF,BTS,1
SOF,BVA,1
SOF,CDG,2
SOF,CPH,1
SOF,CRL,1
SOF,DOH,1
SOF,DTM,1
SOF,DWC,1
SOF,EIN,1
SOF,FCO,3
SOF,FRA,4
SOF,GVA,1
SOF,HHN,1
SOF,IST,1
SOF,KBP,1
SOF,LCA,3
SOF,LGW,2
SOF,LHR,3
SOF,LIN,1
SOF,LTN,1
SOF,MAD,3
SOF,MAN,2
SOF,MLA,1
SOF,MUC,1
SOF,MXP,2
SOF,NCE,1
SOF,ODS,1
SOF,OTP,3
SOF,PFO,1
SOF,PMI,1
SOF,PRG,2
SOF,STN,1
SOF,SVO,2
SOF,SXF,1
SOF,TLV,4
SOF,TXL,3
SOF,VAR,1
SOF,VIE,2
SOF,VLC,1
SOF,WAW,2
SOF,ZRH,1
SOG,BGO,1
SOG,HOV,1
SOG,OSL,1
SOG,SDN,1
SOJ,HFT,1
SOJ,TOS,1
SOM,CCS,1
SON,BNE,2
SON,LNE,1
SON,LOD,1
SON,MTV,1
SON,MWF,1
SON,NUS,1
SON,SLH,1
SON,SSR,1
SON,TOH,1
SON,VLI,1
SON,WLH,1
SON,ZGU,1
SOQ,AMQ,3
SOQ,BXB,1
SOQ,CGK,1
SOQ,DJJ,2
SOQ,FKQ,3
SOQ,KNG,1
SOQ,MDC,3
SOQ,MKW,4
SOQ,RJM,1
SOQ,TIM,2
SOQ,UPG,2
SOU,ACI,1
SOU,AGP,1
SOU,ALC,1
SOU,AMS,1
SOU,BES,2
SOU,BHD,1
SOU,DUB,1
SOU,EDI,1
SOU,EGC,2
SOU,FAO,1
SOU,GCI,3
SOU,GLA,1
SOU,JER,2
SOU,LBA,1
SOU,LIG,2
SOU,LRH,2
SOU,MAN,2
SOU,NCE,2
SOU,NCL,2
SOU,NTE,2
SOU,ORY,2
SOU,PMI,1
SOU,RNS,2
SOW,FMN,3
SOW,PHX,3
SOY,KOI,1
SOY,NDY,1
SPB,SSB,1
SPC,AMS,1
SPC,BCN,1
SPC,DUS,2
SPC,FRA,1
SPC,HAM,1
SPC,LPA,2
SPC,MAD,2
SPC,MUC,1
SPC,TFN,2
SPC,ZRH,1
SPD,DAC,1
SPD,RJH,1
SPI,DFW,1
SPI,ORD,2
SPN,CAN,1
SPN,GUM,1
SPN,ICN,1
SPN,KIX,1
SPN,NGO,1
SPN,NRT,1
SPN,PEK,1
SPN,PUS,1
SPN,PVG,1
SPN,ROP,1
SPP,LAD,1
SPP,NOV,1
SPP,VPE,1
SPR,BCV,1
SPR,BZE,2
SPR,CUK,2
SPR,CZH,3
SPR,ORZ,1
SPR,SQS,1
SPR,TZA,2
SPS,DFW,2
SPU,AMS,1
SPU,ARN,2
SPU,ATH,1
SPU,BEG,1
SPU,BER,2
SPU,BHX,1
SPU,BSL,1
SPU,CDG,1
SPU,CGN,2
SPU,CPH,3
SPU,DBV,2
SPU,DTM,2
SPU,DUS,5
SPU,FCO,2
SPU,FRA,3
SPU,GOT,1
SPU,GVA,1
SPU,HAJ,2
SPU,HAM,2
SPU,HEL,1
SPU,KTW,1
SPU,LGW,3
SPU,LHR,1
SPU,LIL,1
SPU,LUZ,1
SPU,LYS,1
SPU,MAN,1
SPU,MUC,4
SPU,NUE,1
SPU,OSI,1
SPU,OSL,1
SPU,PRG,2
SPU,PUY,1
SPU,RJK,1
SPU,RTM,1
SPU,STR,2
SPU,SVO,1
SPU,TLL,1
SPU,TXL,2
SPU,VIE,2
SPU,WAW,2
SPU,ZAG,1
SPU,ZRH,4
SPY,ABJ,1
SQD,HRB,1
SQD,HSN,1
SQD,HUZ,1
SQD,KMG,1
SQD,PKX,1
SQD,SYX,1
SQD,SZX,1
SQD,TAO,1
SQD,TNA,1
SQJ,PKX,1
SQJ,PVG,1
SQN,TTE,1
SQS,BCV,1
SQS,BZE,1
SQS,SPR,1
SQS,TZA,1
SRA,GEL,1
SRE,CBB,1
SRE,LPB,2
SRE,TJA,1
SRE,VVI,2
SRG,BDJ,2
SRG,BDO,1
SRG,BPN,1
SRG,BTH,1
SRG,CGK,4
SRG,DPS,2
SRG,HLP,1
SRG,HYD,1
SRG,KTG,1
SRG,KUL,1
SRG,KWB,1
SRG,LOP,1
SRG,PKN,3
SRG,PLM,1
SRG,PNK,1
SRG,SIN,4
SRG,SMQ,1
SRG,SUB,3
SRG,UPG,1
SRI,BPN,1
SRI,CGK,2
SRI,DTD,1
SRI,LPU,1
SRK,NAQ,1
SRP,MOL,1
SRP,OSL,1
SRP,SVG,1
SRQ,ATL,5
SRQ,BNA,1
SRQ,BWI,1
SRQ,CLE,1
SRQ,CLT,2
SRQ,DCA,2
SRQ,DFW,1
SRQ,DTW,2
SRQ,EWR,1
SRQ,GRR,1
SRQ,JFK,1
SRQ,LCK,1
SRQ,LGA,2
SRQ,MDT,1
SRQ,ORD,2
SRQ,PHL,1
SRQ,PIT,1
SRQ,RIC,1
SRQ,SYR,1
SRQ,TYS,1
SRQ,YYZ,1
SRV,ANI,1
SRX,TIP,1
SRX,TUN,1
SRY,AWZ,2
SRY,BND,2
SRY,MHD,2
SRY,SYZ,1
SRZ,BYC,2
SRZ,LPB,1
SRZ,ORU,2
SRZ,TDD,2
SSA,AEP,1
SSA,AJU,4
SSA,BPS,2
SSA,BRA,3
SSA,BSB,4
SSA,CGB,1
SSA,CGH,5
SSA,CNF,3
SSA,COR,1
SSA,CPV,1
SSA,CWB,1
SSA,EZE,3
SSA,FEC,1
SSA,FOR,3
SSA,FRA,1
SSA,GIG,3
SSA,GRU,5
SSA,GYN,1
SSA,IGU,1
SSA,IOS,3
SSA,JPA,2
SSA,LAZ,1
SSA,LEC,1
SSA,LIS,1
SSA,MAD,1
SSA,MCZ,2
SSA,MIA,4
SSA,NAT,1
SSA,PAV,1
SSA,PNZ,2
SSA,PTY,1
SSA,REC,4
SSA,SCL,1
SSA,SDU,3
SSA,VCP,1
SSA,VDC,3
SSA,VIX,2
SSB,SPB,1
SSG,ABJ,1
SSG,ABV,1
SSG,ACC,1
SSG,ADD,2
SSG,BSG,3
SSG,BZV,1
SSG,CMN,1
SSG,COO,2
SSG,DLA,6
SSG,LBV,4
SSG,LFW,1
SSG,LOS,1
SSG,MAD,2
SSG,PHC,1
SSG,PNR,1
SSG,TMS,1
SSH,AMM,1
SSH,BGW,1
SSH,BGY,1
SSH,BHX,4
SSH,BLQ,1
SSH,BRI,1
SSH,CAI,3
SSH,DME,1
SSH,EVN,1
SSH,FCO,2
SSH,HBE,2
SSH,HRG,1
SSH,IST,2
SSH,JED,2
SSH,KTW,1
SSH,KWI,1
SSH,LGW,5
SSH,LTN,3
SSH,MAN,5
SSH,MXP,2
SSH,NAP,2
SSH,NCL,1
SSH,RUH,3
SSH,STN,2
SSH,SVO,1
SSH,SVX,1
SSH,TBS,1
SSH,VCE,1
SSH,VKO,1
SSH,WAW,1
SSJ,BNN,1
SSJ,BOO,1
SSJ,OSL,1
SSJ,TRD,1
SSR,SON,1
SSY,LAD,1
STC,AZA,1
STC,ORD,1
STD,CCS,3
STD,PMV,1
STG,ANC,2
STG,SNP,1
STI,BOS,1
STI,EWR,2
STI,FLL,1
STI,JFK,2
STI,MIA,2
STI,PLS,1
STI,PTY,1
STI,SJU,2
STL,ATL,8
STL,BDL,1
STL,BNA,2
STL,BOS,1
STL,BRL,1
STL,BWI,3
STL,CGI,1
STL,CLE,2
STL,CLT,2
STL,CMH,2
STL,CUN,2
STL,CVG,1
STL,DAL,2
STL,DAY,1
STL,DCA,3
STL,DEC,2
STL,DEN,4
STL,DFW,3
STL,DSM,1
STL,DTW,3
STL,ECP,1
STL,EWR,2
STL,FLL,2
STL,FOD,1
STL,GRR,2
STL,GSO,1
STL,HOU,1
STL,IAD,1
STL,IAH,1
STL,ICT,1
STL,IRK,1
STL,JBR,1
STL,JFK,1
STL,LAS,2
STL,LAX,5
STL,LGA,4
STL,LIT,1
STL,MBJ,1
STL,MCI,2
STL,MCO,1
STL,MDW,2
STL,MIA,2
STL,MKE,2
STL,MKL,1
STL,MSP,3
STL,MSY,2
STL,MTJ,1
STL,MWA,1
STL,OKC,2
STL,OMA,2
STL,ORD,3
STL,OWB,1
STL,PHL,4
STL,PHX,3
STL,PIT,3
STL,PUJ,1
STL,PVR,1
STL,RDU,2
STL,RSW,1
STL,SAN,1
STL,SAT,2
STL,SEA,2
STL,SFO,1
STL,SLC,1
STL,TBN,1
STL,TPA,2
STL,TUL,1
STL,UIN,1
STL,YYZ,2
STM,ATM,1
STM,BEL,3
STM,BSB,1
STM,ITB,2
STM,MAO,5
STM,MEU,1
STM,MTE,1
STM,ORX,1
STM,TMT,1
STN,AAL,1
STN,AAR,1
STN,ACE,4
STN,ADB,1
STN,AGP,3
STN,AHO,1
STN,AJA,1
STN,ALC,2
STN,AMS,2
STN,AOI,1
STN,ATH,1
STN,ATQ,1
STN,AYT,1
STN,BCN,1
STN,BDS,1
STN,BER,1
STN,BFS,2
STN,BGY,1
STN,BIA,1
STN,BIO,1
STN,BIQ,1
STN,BJV,1
STN,BLL,1
STN,BLQ,1
STN,BOD,1
STN,BRE,1
STN,BRI,1
STN,BRQ,1
STN,BRU,3
STN,BSL,2
STN,BTS,1
STN,BUD,1
STN,BVE,1
STN,BZG,1
STN,CAG,1
STN,CCF,1
STN,CDT,1
STN,CFU,1
STN,CGN,3
STN,CHQ,1
STN,CIA,1
STN,CIY,1
STN,CMF,1
STN,CPH,3
STN,DBV,1
STN,DLM,2
STN,DND,1
STN,DNR,1
STN,DOH,1
STN,DRS,1
STN,DTM,1
STN,DUB,1
STN,DUS,1
STN,EDI,1
STN,EFL,1
STN,EGC,1
STN,EIN,1
STN,ESU,1
STN,FAO,3
STN,FEZ,1
STN,FKB,1
STN,FMM,1
STN,FNC,1
STN,FRA,2
STN,FSC,1
STN,FUE,4
STN,GCI,1
STN,GDN,1
STN,GLA,1
STN,GOA,1
STN,GOT,1
STN,GRO,1
STN,GSE,1
STN,HAJ,1
STN,HAU,1
STN,HHN,1
STN,IBZ,3
STN,JER,1
STN,KBP,1
STN,KGS,2
STN,KIR,1
STN,KIV,1
STN,KRK,1
STN,KTW,1
STN,KUN,1
STN,LCA,1
STN,LDE,1
STN,LDY,1
STN,LEI,1
STN,LEJ,1
STN,LIG,1
STN,LIS,1
STN,LJU,1
STN,LNZ,1
STN,LPA,4
STN,LRH,1
STN,LUZ,1
STN,LWO,1
STN,LYS,1
STN,MAD,1
STN,MAH,1
STN,MJV,1
STN,MLA,2
STN,MMX,1
STN,MRS,1
STN,MST,1
STN,MUC,1
STN,MXP,1
STN,NAP,1
STN,NCE,1
STN,NOC,1
STN,NRN,1
STN,NTE,1
STN,NUE,1
STN,NYO,1
STN,OPO,1
STN,ORK,1
STN,OSI,1
STN,OSL,1
STN,OSR,1
STN,OTP,1
STN,OVD,1
STN,PDV,1
STN,PEG,1
STN,PFO,3
STN,PGF,1
STN,PIS,1
STN,PLQ,1
STN,PMF,1
STN,PMI,4
STN,PMO,1
STN,POZ,1
STN,PRG,2
STN,PSA,1
STN,PSR,1
STN,PUY,1
STN,RAK,2
STN,RBA,1
STN,RDZ,1
STN,REU,1
STN,RHO,2
STN,RIX,1
STN,RMU,1
STN,RYG,1
STN,RZE,1
STN,SAW,1
STN,SCQ,1
STN,SDR,1
STN,SFT,1
STN,SKG,1
STN,SNN,1
STN,SOF,2
STN,SSH,2
STN,STR,1
STN,SUF,1
STN,SVQ,1
STN,SXB,1
STN,SXF,1
STN,SZG,1
STN,SZY,1
STN,SZZ,1
STN,TFS,5
STN,TGD,1
STN,TLL,1
STN,TLN,1
STN,TMP,1
STN,TRF,1
STN,TRN,1
STN,TRS,1
STN,TSF,1
STN,TUF,1
STN,TXL,1
STN,VCE,1
STN,VLC,1
STN,VNO,1
STN,VST,1
STN,WMI,1
STN,WRO,1
STN,XRY,1
STN,ZAD,1
STN,ZAZ,1
STN,ZRH,1
STR,ACE,3
STR,ADA,1
STR,ADB,3
STR,AGP,3
STR,ALC,1
STR,AMS,2
STR,ASR,1
STR,ATH,3
STR,ATL,3
STR,AYT,5
STR,BCN,4
STR,BDS,2
STR,BEG,3
STR,BER,1
STR,BGY,1
STR,BHX,1
STR,BIA,2
STR,BIO,2
STR,BLQ,1
STR,BRE,2
STR,BRI,2
STR,BRU,2
STR,BUD,3
STR,BVC,1
STR,CAG,2
STR,CDG,2
STR,CFU,4
STR,CHQ,1
STR,CPH,2
STR,CTA,6
STR,DBV,2
STR,DLM,2
STR,DRS,2
STR,DUB,1
STR,DUS,2
STR,ESB,2
STR,EWR,2
STR,FAO,3
STR,FCO,2
STR,FLR,2
STR,FMO,1
STR,FNC,2
STR,FRA,1
STR,FUE,2
STR,GRZ,2
STR,GVA,1
STR,GWT,2
STR,GZT,1
STR,HAJ,3
STR,HAM,3
STR,HDF,2
STR,HEL,1
STR,HER,5
STR,HRG,3
STR,IBZ,3
STR,IST,1
STR,JER,1
STR,JSI,1
STR,JTR,1
STR,KGS,2
STR,KRK,3
STR,KVA,2
STR,LCA,1
STR,LEJ,2
STR,LHR,5
STR,LIN,1
STR,LIS,3
STR,LPA,3
STR,MAD,2
STR,MAH,1
STR,MUC,2
STR,MXP,2
STR,NAP,5
STR,NCE,1
STR,NQY,1
STR,OLB,4
STR,OSI,1
STR,PMI,7
STR,PMO,1
STR,PRN,2
STR,PSA,1
STR,PUY,1
STR,PVK,1
STR,RHO,3
STR,RJK,2
STR,RLG,1
STR,SAW,4
STR,SID,1
STR,SJJ,2
STR,SKG,5
STR,SPC,2
STR,SPU,2
STR,STN,1
STR,SUF,2
STR,SVO,1
STR,TFS,3
STR,TSF,1
STR,TXL,3
STR,VCE,3
STR,VIE,4
STR,VLC,1
STR,WAW,1
STR,XRY,2
STR,ZAD,2
STR,ZAG,2
STR,ZRH,2
STR,ZTH,1
STS,DFW,1
STS,LAX,2
STS,PDX,1
STS,PHX,1
STS,SAN,2
STS,SEA,1
STS,SNA,1
STT,ATL,3
STT,AXA,1
STT,CLT,2
STT,DFW,1
STT,DOM,1
STT,EIS,2
STT,EWR,1
STT,FLL,1
STT,IAD,1
STT,JFK,4
STT,MIA,3
STT,NEV,1
STT,ORD,2
STT,PHL,2
STT,SBH,1
STT,SJU,5
STT,STX,2
STT,SXM,2
STT,VIJ,1
STV,BOM,1
STV,DEL,2
STV,SHJ,1
STW,DME,2
STW,SAW,1
STW,SVO,1
STX,CLT,1
STX,MIA,2
STX,SJU,3
STX,STT,2
STX,SXM,1
STX,VQS,1
STZ,SXO,1
SUB,AAP,3
SUB,AMQ,2
SUB,BDJ,3
SUB,BDO,5
SUB,BPN,5
SUB,BTH,2
SUB,BTJ,1
SUB,BTW,1
SUB,BWN,2
SUB,BWX,2
SUB,CGK,6
SUB,DJJ,1
SUB,DMK,1
SUB,DPS,6
SUB,HKG,1
SUB,HLP,1
SUB,JBB,2
SUB,JED,2
SUB,JHB,2
SUB,JOG,4
SUB,KBU,1
SUB,KDI,1
SUB,KJT,2
SUB,KNO,1
SUB,KOE,4
SUB,KUL,4
SUB,LBJ,2
SUB,LOP,3
SUB,MDC,3
SUB,PDG,1
SUB,PEN,2
SUB,PKN,3
SUB,PKU,1
SUB,PKY,2
SUB,PLM,2
SUB,PNK,2
SUB,SIN,8
SUB,SMQ,3
SUB,SOC,1
SUB,SOQ,2
SUB,SRG,5
SUB,SUP,1
SUB,TKG,1
SUB,TPE,1
SUB,TRK,1
SUB,TTE,1
SUB,UPG,5
SUF,BGY,1
SUF,BLQ,1
SUF,CGN,2
SUF,CRL,1
SUF,CTA,1
SUF,DUS,3
SUF,FCO,2
SUF,FRA,1
SUF,HAJ,2
SUF,HHN,1
SUF,LIN,1
SUF,MUC,3
SUF,MXP,3
SUF,NRN,1
SUF,PRG,1
SUF,PSA,1
SUF,STN,1
SUF,STR,2
SUF,TRN,2
SUF,TSF,1
SUF,VCE,2
SUF,VIE,2
SUF,YYZ,1
SUF,ZRH,3
SUG,CEB,1
SUG,MNL,2
SUJ,OTP,2
SUK,YKS,1
SUN,SEA,1
SUN,SLC,1
SUR,WNN,1
SUR,YWP,1
SUR,YXL,1
SUS,ORD,1
SUV,AKL,1
SUV,APW,1
SUV,FUN,1
SUV,ICI,1
SUV,KDV,1
SUV,KXF,1
SUV,LBS,1
SUV,LKB,1
SUV,SVU,1
SUV,SYD,1
SUV,TBU,1
SUV,TVU,1
SUV,VBV,1
SUV,VLI,1
SUX,DFW,1
SUX,ORD,2
SVA,GAM,2
SVA,OME,2
SVB,DIE,1
SVB,TNR,1
SVB,WMN,1
SVC,PHX,1
SVD,BGI,1
SVD,GND,1
SVD,MIA,1
SVD,POS,1
SVD,SLU,1
SVG,AAL,1
SVG,ABZ,3
SVG,AGP,1
SVG,ALC,2
SVG,AMS,2
SVG,ARN,1
SVG,BCN,3
SVG,BGO,4
SVG,BLL,1
SVG,CDG,2
SVG,CPH,1
SVG,EBJ,1
SVG,EDI,1
SVG,EVE,1
SVG,FAE,1
SVG,FRA,2
SVG,FRO,1
SVG,GDN,1
SVG,GOT,1
SVG,KEF,1
SVG,KRK,1
SVG,KRS,1
SVG,KSU,2
SVG,KTW,1
SVG,LGW,1
SVG,LHR,3
SVG,LPA,1
SVG,MAN,1
SVG,NCL,3
SVG,OSL,3
SVG,RIX,1
SVG,SRP,1
SVG,SXF,1
SVG,SZZ,1
SVG,TFS,1
SVG,TOS,1
SVG,TRD,1
SVG,TRF,1
SVG,VNO,1
SVG,WAW,1
SVI,ACR,1
SVI,BOG,1
SVJ,BOO,1
SVJ,LKN,1
SVJ,SKN,1
SVK,DGA,1
SVK,INB,1
SVK,PLJ,1
SVL,HEL,2
SVO,AAQ,1
SVO,ABA,1
SVO,AER,3
SVO,AGP,2
SVO,AKX,1
SVO,ALA,2
SVO,ALC,1
SVO,ALG,1
SVO,AMS,3
SVO,ARH,2
SVO,ARN,2
SVO,ASF,1
SVO,ATH,1
SVO,AYT,3
SVO,BAX,1
SVO,BCN,2
SVO,BEG,2
SVO,BER,1
SVO,BEY,2
SVO,BHK,1
SVO,BKK,2
SVO,BLQ,2
SVO,BOJ,2
SVO,BQS,1
SVO,BRU,2
SVO,BUD,1
SVO,CAI,1
SVO,CAN,2
SVO,CDG,2
SVO,CEK,2
SVO,CIT,1
SVO,CMB,2
SVO,CMN,2
SVO,CPH,2
SVO,CSY,2
SVO,CTA,2
SVO,DEL,1
SVO,DNK,1
SVO,DOK,1
SVO,DPS,2
SVO,DRS,1
SVO,DUB,1
SVO,DUS,1
SVO,DWC,1
SVO,DXB,3
SVO,EGO,1
SVO,EVN,2
SVO,FCO,2
SVO,FEG,1
SVO,FRA,2
SVO,FRU,2
SVO,GDX,2
SVO,GDZ,1
SVO,GOJ,1
SVO,GOT,1
SVO,GRV,1
SVO,GSV,2
SVO,GUW,1
SVO,GVA,1
SVO,GYD,2
SVO,HAJ,1
SVO,HAM,1
SVO,HAN,2
SVO,HAV,2
SVO,HEL,2
SVO,HER,1
SVO,HKG,1
SVO,HKT,1
SVO,HMA,1
SVO,HND,2
SVO,HRG,1
SVO,HRK,1
SVO,HTA,1
SVO,IAD,2
SVO,ICN,2
SVO,IGT,1
SVO,IJK,1
SVO,IKA,2
SVO,IKT,1
SVO,IST,1
SVO,JFK,2
SVO,KBP,2
SVO,KEJ,1
SVO,KGD,1
SVO,KGF,1
SVO,KHV,3
SVO,KIV,1
SVO,KJA,2
SVO,KLV,2
SVO,KRK,1
SVO,KRR,4
SVO,KSN,1
SVO,KUF,3
SVO,KVK,1
SVO,KZN,3
SVO,KZO,1
SVO,LAX,2
SVO,LCA,2
SVO,LED,3
SVO,LHR,2
SVO,LIS,1
SVO,LJU,2
SVO,LYS,1
SVO,MAD,2
SVO,MCX,1
SVO,MIA,2
SVO,MLA,2
SVO,MLE,1
SVO,MMK,2
SVO,MQF,2
SVO,MRS,2
SVO,MRV,3
SVO,MSQ,1
SVO,MUC,1
SVO,MXP,2
SVO,NAL,1
SVO,NAP,1
SVO,NBC,3
SVO,NBE,1
SVO,NCE,1
SVO,NJC,1
SVO,NOZ,1
SVO,NRT,1
SVO,NUX,1
SVO,ODS,2
SVO,OGZ,1
SVO,OMS,1
SVO,ORY,1
SVO,OSL,2
SVO,OSS,1
SVO,OSW,1
SVO,OTP,2
SVO,OVB,2
SVO,PEE,2
SVO,PEK,4
SVO,PKC,1
SVO,PMI,1
SVO,PMO,2
SVO,PRG,2
SVO,PSA,2
SVO,PUJ,2
SVO,PVG,2
SVO,REN,3
SVO,RHO,1
SVO,RIX,2
SVO,ROV,2
SVO,RTW,1
SVO,SCO,1
SVO,SCW,2
SVO,SGC,1
SVO,SGN,1
SVO,SIP,4
SVO,SKD,1
SVO,SKG,1
SVO,SKX,2
SVO,SLY,1
SVO,SOF,2
SVO,SPU,1
SVO,SSH,1
SVO,STR,1
SVO,STW,1
SVO,SVX,3
SVO,SXF,1
SVO,SZX,1
SVO,TAS,2
SVO,TBS,1
SVO,TFS,1
SVO,TIV,1
SVO,TJM,1
SVO,TLL,2
SVO,TLV,1
SVO,TOF,1
SVO,TSE,2
SVO,TXL,2
SVO,UFA,2
SVO,ULN,2
SVO,ULV,1
SVO,URC,2
SVO,UUD,1
SVO,UUS,2
SVO,VAR,1
SVO,VCE,2
SVO,VIE,2
SVO,VLC,1
SVO,VNO,1
SVO,VOG,2
SVO,VOZ,1
SVO,VRA,1
SVO,VRN,1
SVO,VVO,2
SVO,WAW,2
SVO,WUH,1
SVO,YKS,1
SVO,YYZ,1
SVO,ZAG,1
SVO,ZRH,1
SVP,LAD,1
SVP,VPE,1
SVQ,ACE,2
SVQ,AMS,3
SVQ,BCN,3
SVQ,BGY,1
SVQ,BIO,3
SVQ,BLQ,1
SVQ,BOD,1
SVQ,BRI,1
SVQ,BRS,1
SVQ,BRU,1
SVQ,BSL,1
SVQ,BVA,1
SVQ,CAG,1
SVQ,CDG,1
SVQ,CGN,1
SVQ,CIA,1
SVQ,CRL,1
SVQ,CTA,1
SVQ,DUB,1
SVQ,EIN,2
SVQ,FCO,1
SVQ,FEZ,1
SVQ,FKB,1
SVQ,FRA,2
SVQ,FUE,2
SVQ,GVA,1
SVQ,HAM,1
SVQ,IBZ,2
SVQ,KRK,1
SVQ,LCG,2
SVQ,LEI,3
SVQ,LGW,3
SVQ,LIS,3
SVQ,LPA,4
SVQ,LUX,1
SVQ,LYS,3
SVQ,MAD,3
SVQ,MAN,1
SVQ,MLN,1
SVQ,MPL,1
SVQ,MRS,1
SVQ,MUC,1
SVQ,MXP,1
SVQ,NAP,1
SVQ,NTE,4
SVQ,ORY,3
SVQ,OVD,2
SVQ,PMI,5
SVQ,PMO,1
SVQ,PSA,1
SVQ,RAK,1
SVQ,RBA,1
SVQ,SCQ,1
SVQ,SDR,2
SVQ,STN,1
SVQ,SXF,1
SVQ,TFN,3
SVQ,TFS,1
SVQ,TLS,3
SVQ,TNG,1
SVQ,TSF,1
SVQ,VIT,1
SVQ,VLC,2
SVQ,ZRH,1
SVR,THU,1
SVS,FAI,1
SVS,WBQ,1
SVU,SUV,1
SVU,TVU,1
SVX,AER,3
SVX,BKK,1
SVX,BQS,1
SVX,CDG,1
SVX,DME,3
SVX,DWC,2
SVX,DXB,1
SVX,DYU,3
SVX,EVN,2
SVX,EYK,2
SVX,FCO,1
SVX,FRU,4
SVX,GOJ,1
SVX,GYD,2
SVX,HEL,2
SVX,HKT,1
SVX,HMA,1
SVX,HRB,1
SVX,HRG,1
SVX,HTA,1
SVX,IJK,1
SVX,IKT,1
SVX,IST,1
SVX,KBP,2
SVX,KGP,1
SVX,KHV,1
SVX,KJA,2
SVX,KLV,1
SVX,KQT,1
SVX,KRO,1
SVX,KRR,3
SVX,KUF,2
SVX,KZN,2
SVX,LBD,2
SVX,LCA,1
SVX,LED,4
SVX,LPK,1
SVX,MQF,1
SVX,MRV,4
SVX,MSQ,1
SVX,MUC,1
SVX,NBC,1
SVX,NJC,3
SVX,NMA,2
SVX,NOJ,2
SVX,NSK,2
SVX,NUX,2
SVX,NYA,1
SVX,NYM,1
SVX,OSS,3
SVX,OVB,7
SVX,OVS,1
SVX,PEK,2
SVX,PRG,2
SVX,ROV,3
SVX,RTW,1
SVX,SCW,1
SVX,SGC,1
SVX,SHJ,2
SVX,SIP,1
SVX,SKD,1
SVX,SLY,1
SVX,SSH,1
SVX,SVO,2
SVX,TAS,2
SVX,TBS,2
SVX,TJU,1
SVX,TLV,1
SVX,TOF,1
SVX,TSE,1
SVX,UFA,1
SVX,ULV,1
SVX,URJ,1
SVX,VKO,2
SVZ,CCS,1
SWA,BKK,1
SWA,CAN,1
SWA,CGO,2
SWA,CKG,2
SWA,CSX,4
SWA,CTU,3
SWA,DYG,1
SWA,HAK,3
SWA,HFE,4
SWA,HGH,2
SWA,HIA,1
SWA,HKG,1
SWA,HNY,1
SWA,HSN,1
SWA,JHG,1
SWA,KHN,2
SWA,KMG,4
SWA,KWE,1
SWA,KWL,3
SWA,LZH,1
SWA,LZO,1
SWA,MFM,2
SWA,NGB,4
SWA,NKG,5
SWA,NNG,1
SWA,NNY,1
SWA,PEK,3
SWA,PKX,1
SWA,PNH,1
SWA,PVG,2
SWA,SHA,4
SWA,SIN,1
SWA,SJW,1
SWA,SYX,1
SWA,TAO,2
SWA,TPE,1
SWA,TXN,1
SWA,TYN,1
SWA,WNZ,1
SWA,WUH,2
SWA,XAI,1
SWA,XIY,1
SWA,YIH,1
SWA,YIW,2
SWA,YNT,1
SWA,YTY,1
SWA,ZHA,2
SWA,ZUH,1
SWF,DTW,1
SWF,FLL,1
SWF,MCO,1
SWF,PHL,2
SWF,PIE,1
SWJ,NUS,1
SWJ,VLI,1
SXB,ADB,1
SXB,AJA,2
SXB,AMS,3
SXB,BIA,2
SXB,BIQ,1
SXB,BOD,2
SXB,BRU,1
SXB,CLY,1
SXB,CMN,1
SXB,DJE,1
SXB,FCO,3
SXB,IST,1
SXB,LGW,1
SXB,LIL,2
SXB,LYS,2
SXB,MAD,1
SXB,MPL,2
SXB,MRS,3
SXB,MUC,1
SXB,MXP,1
SXB,NCE,3
SXB,NTE,4
SXB,OPO,1
SXB,ORY,1
SXB,PGF,1
SXB,PMO,1
SXB,PRG,2
SXB,RAK,1
SXB,RNS,1
SXB,STN,1
SXB,TLN,1
SXB,TLS,2
SXB,TUN,1
SXF,ACE,1
SXF,AGA,1
SXF,AGP,1
SXF,AMS,1
SXF,ARN,1
SXF,ATH,1
SXF,AYT,2
SXF,BCN,2
SXF,BEY,1
SXF,BFS,1
SXF,BGO,1
SXF,BGY,1
SXF,BLL,1
SXF,BNX,1
SXF,BOD,1
SXF,BRQ,1
SXF,BRS,1
SXF,BRU,1
SXF,BSL,1
SXF,BUD,1
SXF,CAG,1
SXF,CAI,1
SXF,CFU,1
SXF,CPH,2
SXF,DJE,1
SXF,DLM,1
SXF,DUB,2
SXF,EDI,1
SXF,EMA,1
SXF,FCO,1
SXF,FUE,1
SXF,GLA,1
SXF,GVA,1
SXF,HER,2
SXF,INI,1
SXF,KBP,1
SXF,KEF,2
SXF,KGS,1
SXF,LCA,2
SXF,LED,1
SXF,LGW,1
SXF,LIS,2
SXF,LJU,1
SXF,LPA,2
SXF,LPL,1
SXF,LPP,1
SXF,LTN,1
SXF,LUX,1
SXF,LYS,1
SXF,MAD,1
SXF,MAN,1
SXF,MRS,1
SXF,MSQ,1
SXF,MXP,1
SXF,NAP,1
SXF,NBE,1
SXF,NCE,1
SXF,OLB,1
SXF,ORY,1
SXF,OSL,1
SXF,OTP,1
SXF,PMI,2
SXF,PRN,1
SXF,PSA,1
SXF,RAK,1
SXF,RHO,1
SXF,RIX,1
SXF,RYG,1
SXF,SAW,2
SXF,SEN,1
SXF,SKG,1
SXF,SKP,1
SXF,SNN,1
SXF,SOF,2
SXF,STN,1
SXF,SVG,1
SXF,SVO,1
SXF,SZG,1
SXF,TFS,3
SXF,TGD,1
SXF,TLS,1
SXF,TLV,3
SXF,TRD,1
SXF,TRN,1
SXF,VCE,1
SXF,VIE,1
SXF,VNO,1
SXF,XRY,1
SXI,SYZ,1
SXK,LUV,1
SXM,AMS,1
SXM,ANU,2
SXM,ATL,1
SXM,AUA,1
SXM,AXA,2
SXM,BGI,1
SXM,BOS,1
SXM,CDG,2
SXM,CLT,2
SXM,CUR,3
SXM,DOM,5
SXM,EIS,4
SXM,EUX,1
SXM,EWR,1
SXM,FLL,1
SXM,IAD,1
SXM,JFK,4
SXM,KIN,1
SXM,MIA,2
SXM,NEV,1
SXM,ORD,1
SXM,ORY,2
SXM,PAP,2
SXM,PHL,2
SXM,PTP,1
SXM,PTY,1
SXM,SAB,1
SXM,SBH,3
SXM,SDQ,3
SXM,SJU,4
SXM,SKB,2
SXM,SLU,1
SXM,STT,2
SXM,STX,1
SXM,YUL,1
SXM,YYZ,3
SXO,GRP,1
SXP,AUK,1
SXP,KSM,1
SXR,ATQ,2
SXR,BOM,1
SXR,DEL,6
SXR,IXC,3
SXR,IXJ,4
SXR,IXL,1
SXX,OIA,1
SYB,KPR,1
SYD,ABX,3
SYD,ADL,5
SYD,AKL,13
SYD,APW,1
SYD,ARM,2
SYD,ASP,3
SYD,AUH,3
SYD,AVV,1
SYD,AYQ,2
SYD,BHQ,1
SYD,BHS,1
SYD,BKK,4
SYD,BME,1
SYD,BNE,5
SYD,BNK,3
SYD,CAN,1
SYD,CBR,5
SYD,CFS,3
SYD,CGK,2
SYD,CHC,7
SYD,CKG,2
SYD,CMB,1
SYD,CNS,5
SYD,CTS,1
SYD,CTU,1
SYD,DBO,2
SYD,DEL,1
SYD,DFW,2
SYD,DOH,1
SYD,DPS,4
SYD,DRW,4
SYD,DXB,2
SYD,FOC,1
SYD,GFF,1
SYD,GFN,1
SYD,GLT,1
SYD,HAN,1
SYD,HBA,3
SYD,HGH,1
SYD,HKG,5
SYD,HKT,1
SYD,HND,3
SYD,HNL,5
SYD,HTI,3
SYD,HVB,1
SYD,IAH,1
SYD,ICN,4
SYD,JNB,2
SYD,KIX,1
SYD,KMG,1
SYD,KTA,1
SYD,KUL,2
SYD,LAX,6
SYD,LDH,1
SYD,LST,2
SYD,LSY,1
SYD,MCY,3
SYD,MEL,10
SYD,MIM,1
SYD,MKY,1
SYD,MNL,2
SYD,MQL,1
SYD,MRZ,1
SYD,MYA,1
SYD,NAA,1
SYD,NKG,2
SYD,NLK,1
SYD,NOU,2
SYD,NRA,1
SYD,NRT,2
SYD,NTL,1
SYD,OAG,1
SYD,OOL,4
SYD,OOM,1
SYD,PEK,2
SYD,PER,5
SYD,PKE,1
SYD,POM,2
SYD,PPP,2
SYD,PQQ,3
SYD,PVG,4
SYD,RAR,1
SYD,SCL,2
SYD,SFO,3
SYD,SGN,3
SYD,SIN,10
SYD,SUV,1
SYD,SZX,1
SYD,TBU,1
SYD,TMW,2
SYD,TPE,1
SYD,TRO,1
SYD,TSV,2
SYD,TWB,1
SYD,VLI,2
SYD,WGA,2
SYD,WLG,5
SYD,WTB,1
SYD,WUH,1
SYD,XMN,1
SYD,YVR,2
SYD,ZQN,5
SYM,KMG,3
SYO,HND,1
SYQ,LIR,1
SYQ,TMU,1
SYR,ATL,4
SYR,BOS,2
SYR,CLE,1
SYR,CLT,2
SYR,DCA,2
SYR,DTW,1
SYR,EWR,1
SYR,IAD,1
SYR,JFK,2
SYR,LGA,1
SYR,MCO,1
SYR,MSP,1
SYR,ORD,3
SYR,PHL,2
SYR,PIE,1
SYR,SAV,1
SYR,YYZ,1
SYX,CAN,3
SYX,CGO,7
SYX,CGQ,1
SYX,CKG,6
SYX,CSX,6
SYX,CTU,7
SYX,DME,1
SYX,FOC,3
SYX,HFE,2
SYX,HGH,9
SYX,HKG,3
SYX,HNY,1
SYX,HRB,1
SYX,JJN,1
SYX,KHN,2
SYX,KMG,3
SYX,KWE,5
SYX,KWL,2
SYX,LHR,1
SYX,LHW,1
SYX,LYI,1
SYX,LZH,1
SYX,MFM,1
SYX,MIG,1
SYX,NAO,1
SYX,NGB,2
SYX,NKG,6
SYX,NNG,4
SYX,PEK,5
SYX,PKX,2
SYX,PNH,1
SYX,PUS,1
SYX,PVG,6
SYX,SHA,4
SYX,SHE,1
SYX,SJW,3
SYX,SQD,1
SYX,SWA,1
SYX,SZX,4
SYX,TAE,1
SYX,TNA,4
SYX,TPE,1
SYX,TSN,4
SYX,TYN,4
SYX,UTP,1
SYX,WMT,1
SYX,WNZ,3
SYX,WUH,5
SYX,WUX,4
SYX,XIY,4
SYX,XMN,5
SYX,YBP,1
SYX,YCU,2
SYX,YIC,1
SYX,YIH,2
SYX,YTY,1
SYX,ZHA,2
SYX,ZUH,3
SYX,ZYI,1
SYY,ABZ,1
SYY,BEB,2
SYY,EDI,2
SYY,GLA,2
SYY,INV,1
SYZ,ABD,2
SYZ,AWZ,4
SYZ,BDH,1
SYZ,BND,2
SYZ,BUZ,1
SYZ,DOH,2
SYZ,DXB,2
SYZ,GSM,3
SYZ,IFN,1
SYZ,IST,1
SYZ,KER,2
SYZ,KHK,1
SYZ,KIH,4
SYZ,KWI,3
SYZ,LFM,2
SYZ,LRR,1
SYZ,LVP,1
SYZ,MCT,2
SYZ,MED,1
SYZ,MHD,3
SYZ,MRX,1
SYZ,NSH,1
SYZ,PGU,2
SYZ,RAS,1
SYZ,SHJ,1
SYZ,SRY,1
SYZ,SXI,1
SYZ,TBZ,1
SYZ,THR,3
SYZ,ZAH,1
SZA,CAB,1
SZA,LAD,2
SZB,AOR,3
SZB,BTH,3
SZB,JHB,3
SZB,KBR,3
SZB,KTE,3
SZB,LGK,3
SZB,PEN,3
SZB,PKU,2
SZB,RDN,1
SZB,SIN,2
SZB,TGG,3
SZB,USM,2
SZB,XSP,1
SZE,ADD,1
SZE,MQX,1
SZF,ADB,1
SZF,AYT,1
SZF,ESB,1
SZF,IST,1
SZF,SAW,1
SZG,ACE,2
SZG,AMS,1
SZG,AYT,2
SZG,CGN,2
SZG,CLY,2
SZG,DME,1
SZG,DUS,3
SZG,EIN,1
SZG,FRA,2
SZG,HAM,2
SZG,HER,2
SZG,HRG,1
SZG,IST,1
SZG,LGW,2
SZG,LHR,1
SZG,LPA,2
SZG,MAN,1
SZG,PMI,2
SZG,RTM,1
SZG,STN,1
SZG,SXF,1
SZG,TFS,2
SZG,TXL,2
SZG,VIE,3
SZG,ZRH,1
SZI,UKK,1
SZK,ASS,1
SZK,JNB,1
SZK,LDZ,1
SZK,NGL,1
SZK,ULX,1
SZX,ACX,1
SZX,AEB,1
SZX,AKL,1
SZX,BFJ,1
SZX,BHY,2
SZX,BKI,2
SZX,BKK,4
SZX,BNE,1
SZX,BRU,1
SZX,CDG,1
SZX,CGD,1
SZX,CGK,2
SZX,CGO,5
SZX,CGQ,3
SZX,CIH,1
SZX,CJU,1
SZX,CKG,9
SZX,CNS,1
SZX,CNX,1
SZX,CSX,2
SZX,CTU,8
SZX,CXR,1
SZX,CZX,4
SZX,DAD,1
SZX,DAX,2
SZX,DLC,3
SZX,DMK,1
SZX,DOY,1
SZX,DPS,1
SZX,DRW,1
SZX,DXB,1
SZX,DYG,1
SZX,ENH,1
SZX,ENY,1
SZX,FCO,1
SZX,FOC,4
SZX,FRA,1
SZX,FUG,1
SZX,GYS,3
SZX,HAK,7
SZX,HAN,2
SZX,HDG,1
SZX,HET,1
SZX,HFE,5
SZX,HGH,9
SZX,HIA,1
SZX,HJJ,1
SZX,HKT,2
SZX,HLH,1
SZX,HPH,1
SZX,HRB,3
SZX,HSN,1
SZX,HYN,2
SZX,HZG,1
SZX,ICN,4
SZX,INC,2
SZX,IQN,1
SZX,JDZ,2
SZX,JGS,1
SZX,JJN,4
SZX,JNB,1
SZX,JNG,2
SZX,JUH,1
SZX,JUZ,2
SZX,KHH,1
SZX,KHN,7
SZX,KIX,2
SZX,KMG,7
SZX,KOS,1
SZX,KOW,1
SZX,KUL,2
SZX,KWE,5
SZX,KWL,3
SZX,LAX,1
SZX,LHR,1
SZX,LHW,4
SZX,LJG,3
SZX,LLF,1
SZX,LNL,1
SZX,LPQ,1
SZX,LYA,1
SZX,LYG,1
SZX,LYI,2
SZX,LZH,2
SZX,LZO,1
SZX,LZY,1
SZX,MAD,1
SZX,MDL,1
SZX,MEL,1
SZX,MIG,4
SZX,MXZ,1
SZX,NAO,1
SZX,NAY,2
SZX,NGB,5
SZX,NGO,1
SZX,NKG,6
SZX,NNG,5
SZX,NNY,1
SZX,NRT,2
SZX,NTG,3
SZX,NYT,1
SZX,PEK,6
SZX,PKX,3
SZX,PNH,3
SZX,PVG,6
SZX,PZI,1
SZX,RGN,1
SZX,RIZ,1
SZX,RMQ,2
SZX,SGN,1
SZX,SHA,8
SZX,SHE,4
SZX,SIN,5
SZX,SJW,5
SZX,SQD,1
SZX,SQJ,1
SZX,SVO,1
SZX,SYD,1
SZX,SYX,4
SZX,TAO,4
SZX,TCZ,1
SZX,TEN,2
SZX,TLV,1
SZX,TNA,5
SZX,TPE,5
SZX,TSN,6
SZX,TXN,1
SZX,TYN,4
SZX,URC,3
SZX,UYN,1
SZX,VDO,1
SZX,VIE,1
SZX,VTE,1
SZX,WDS,1
SZX,WGN,1
SZX,WMT,1
SZX,WNZ,6
SZX,WUH,4
SZX,WUX,5
SZX,WXN,2
SZX,XFN,3
SZX,XIY,6
SZX,XMN,5
SZX,XNN,1
SZX,XUZ,2
SZX,YBP,2
SZX,YCU,2
SZX,YIC,2
SZX,YIH,5
SZX,YIW,2
SZX,YNT,3
SZX,YNZ,2
SZX,YTY,1
SZX,YVR,1
SZX,ZAT,1
SZX,ZHA,3
SZX,ZQZ,1
SZX,ZRH,1
SZX,ZYI,3
SZY,KRK,1
SZZ,BGO,1
SZZ,CPH,1
SZZ,DUB,1
SZZ,KRK,1
SZZ,LPL,1
SZZ,OSL,1
SZZ,STN,1
SZZ,SVG,1
SZZ,TRF,1
SZZ,WAW,1
TAB,ANU,1
TAB,BGI,1
TAB,JFK,1
TAB,POS,1
TAB,UVF,1
TAC,CEB,1
TAC,MNL,4
TAE,BKI,1
TAE,BKK,1
TAE,CEB,1
TAE,CJU,4
TAE,CTS,2
TAE,CXR,1
TAE,DAD,3
TAE,FUK,2
TAE,HAN,1
TAE,HSG,1
TAE,ICN,1
TAE,KIX,2
TAE,KKJ,1
TAE,KMJ,1
TAE,MFM,1
TAE,NRT,3
TAE,OKA,1
TAE,PEK,2
TAE,PVG,1
TAE,SYX,1
TAE,TPE,4
TAE,VVO,1
TAE,WEH,1
TAG,MNL,3
TAH,AUY,1
TAH,AWD,1
TAH,FTA,1
TAH,IPA,1
TAH,VLI,1
TAI,CAI,1
TAI,DMM,1
TAI,JED,1
TAI,JIB,1
TAI,RUH,1
TAI,SAH,2
TAK,HND,2
TAK,ICN,3
TAK,NRT,1
TAK,OKA,1
TAK,PVG,1
TAK,TPE,1
TAL,FAI,2
TAL,HSL,2
TAL,HUS,2
TAL,RBY,2
TAM,CME,1
TAM,CUN,1
TAM,IAH,1
TAM,MEX,2
TAM,MTY,2
TAM,VER,2
TAO,AQG,1
TAO,BKK,1
TAO,CAN,6
TAO,CDG,1
TAO,CGD,1
TAO,CGO,6
TAO,CGQ,7
TAO,CKG,3
TAO,CSX,7
TAO,CTU,8
TAO,CXR,1
TAO,CZX,1
TAO,DAT,1
TAO,DDG,2
TAO,DLC,5
TAO,DQA,3
TAO,DSN,1
TAO,DXB,1
TAO,DYG,1
TAO,ENH,1
TAO,ENY,1
TAO,FOC,5
TAO,FRA,1
TAO,FUG,1
TAO,FUK,2
TAO,HET,1
TAO,HFE,4
TAO,HGH,9
TAO,HIA,2
TAO,HJJ,1
TAO,HKG,2
TAO,HNY,1
TAO,HRB,8
TAO,HSN,1
TAO,ICN,7
TAO,INC,2
TAO,JDZ,1
TAO,JJN,2
TAO,JMU,3
TAO,JNG,1
TAO,JNZ,2
TAO,JUZ,1
TAO,JXA,2
TAO,KHH,1
TAO,KHN,6
TAO,KIX,5
TAO,KMG,4
TAO,KOW,1
TAO,KWE,2
TAO,LAX,1
TAO,LHR,1
TAO,LHW,1
TAO,LLV,1
TAO,LYA,1
TAO,LZO,1
TAO,MDG,3
TAO,MEL,1
TAO,MFM,1
TAO,NBS,2
TAO,NDG,2
TAO,NGB,6
TAO,NGO,3
TAO,NKG,6
TAO,NNG,1
TAO,NRT,3
TAO,NTG,1
TAO,PEK,5
TAO,PKX,1
TAO,PUS,5
TAO,PVG,6
TAO,RMQ,1
TAO,SFO,1
TAO,SHA,6
TAO,SHE,11
TAO,SHP,1
TAO,SIN,2
TAO,SJW,4
TAO,SQD,1
TAO,SVO,1
TAO,SYD,1
TAO,SZX,4
TAO,TNH,1
TAO,TPE,5
TAO,TSN,4
TAO,TXN,2
TAO,TYN,4
TAO,URC,1
TAO,WDS,1
TAO,WMT,1
TAO,WNZ,4
TAO,WUH,6
TAO,WUS,2
TAO,WUT,1
TAO,WUX,2
TAO,XAI,1
TAO,XFN,3
TAO,XIY,7
TAO,XMN,5
TAO,XNN,2
TAO,YBP,1
TAO,YCU,3
TAO,YIC,1
TAO,YIW,1
TAO,YNJ,3
TAO,YVR,1
TAO,ZUH,1
TAP,GUA,1
TAP,MEX,1
TAS,AER,2
TAS,ALA,2
TAS,ATQ,1
TAS,AZN,1
TAS,BHK,1
TAS,BKK,1
TAS,BOM,1
TAS,CDG,1
TAS,CEK,1
TAS,CGK,1
TAS,DEL,1
TAS,DME,2
TAS,DXB,1
TAS,DYU,1
TAS,FCO,1
TAS,FEG,1
TAS,FRA,1
TAS,FRU,2
TAS,GOJ,1
TAS,GYD,1
TAS,ICN,3
TAS,IKA,1
TAS,IKT,1
TAS,ISL,1
TAS,IST,2
TAS,JFK,1
TAS,KBP,1
TAS,KGD,2
TAS,KIX,1
TAS,KJA,2
TAS,KRR,3
TAS,KSQ,1
TAS,KUF,2
TAS,KUL,2
TAS,KZN,1
TAS,LED,3
TAS,LHE,1
TAS,LHR,1
TAS,MRV,2
TAS,MSQ,1
TAS,MXP,1
TAS,NCU,1
TAS,NMA,1
TAS,NRT,1
TAS,NVI,1
TAS,OMS,1
TAS,OVB,2
TAS,PEK,2
TAS,PRG,2
TAS,RIX,2
TAS,ROV,2
TAS,SHJ,1
TAS,SIN,2
TAS,SKD,1
TAS,SVO,2
TAS,SVX,2
TAS,TBS,1
TAS,TJM,1
TAS,TLV,1
TAS,TMJ,1
TAS,TSE,2
TAS,UFA,1
TAS,UGC,1
TAS,URC,2
TAS,VKO,2
TAS,VOG,1
TAS,VOZ,1
TAS,VVO,1
TAY,HEL,2
TAZ,BKN,1
TAZ,CRZ,1
TAZ,MYP,1
TBB,HAN,1
TBB,SGN,2
TBG,HGU,1
TBG,POM,2
TBG,UNG,2
TBI,ATC,1
TBI,NAS,2
TBN,STL,1
TBO,TKQ,1
TBP,LIM,1
TBS,ALA,1
TBS,AMM,1
TBS,AMS,2
TBS,ATH,1
TBS,AUH,1
TBS,BCN,1
TBS,BGW,1
TBS,BLQ,1
TBS,BRU,1
TBS,BUS,1
TBS,CDG,2
TBS,DME,1
TBS,DNK,1
TBS,DOH,1
TBS,DXB,1
TBS,EBL,1
TBS,ESB,1
TBS,EVN,1
TBS,FCO,1
TBS,GYD,2
TBS,IST,2
TBS,KBP,3
TBS,KZN,1
TBS,LGW,1
TBS,MSQ,1
TBS,MUC,1
TBS,OTP,1
TBS,PEE,1
TBS,PRG,1
TBS,RIX,2
TBS,ROV,1
TBS,SAW,2
TBS,SCO,1
TBS,SSH,1
TBS,SXF,1
TBS,TLV,4
TBS,URC,1
TBS,VIE,2
TBS,VKO,1
TBS,WAW,1
TBT,MAO,1
TBU,AKL,2
TBU,SUV,1
TBU,SYD,1
TBW,VKO,1
TBZ,AWZ,1
TBZ,BND,2
TBZ,DXB,1
TBZ,GYD,1
TBZ,HAM,1
TBZ,IFN,1
TBZ,IST,3
TBZ,MED,1
TBZ,MHD,3
TBZ,SYZ,2
TBZ,THR,4
TCA,ASP,1
TCA,KTR,1
TCB,FLL,2
TCD,LET,1
TCG,AAT,1
TCG,BPL,1
TCG,HMI,1
TCG,URC,2
TCO,BOG,1
TCO,CLO,1
TCP,CAI,1
TCP,VNO,1
TCP,WRO,1
TCQ,AQP,1
TCQ,LIM,1
TCR,MAA,1
TCT,TLJ,1
TCZ,CAN,1
TCZ,CGO,2
TCZ,CSX,1
TCZ,CTU,2
TCZ,HGH,1
TCZ,JHG,1
TCZ,KMG,3
TCZ,KWE,1
TCZ,LJG,1
TCZ,NKG,1
TCZ,PVG,1
TCZ,SZX,1
TCZ,TYN,1
TCZ,WUH,1
TCZ,XIY,2
TCZ,ZUH,1
TDD,CBB,1
TDD,CIJ,2
TDD,GYA,2
TDD,LPB,2
TDD,RBQ,1
TDD,RIB,2
TDD,SRZ,2
TDD,VVI,1
TDW,DEN,1
TDW,IAH,1
TDX,BKK,1
TEB,ACK,1
TEB,PWK,1
TEB,TPA,1
TEE,ALG,1
TEN,CAN,1
TEN,CGO,1
TEN,CSX,1
TEN,FOC,1
TEN,KWE,2
TEN,KWL,1
TEN,NKG,1
TEN,NNG,2
TEN,PEK,1
TEN,PKX,2
TEN,PVG,1
TEN,SYX,1
TEN,SZX,1
TEN,TNA,1
TEN,WUX,1
TEN,XMN,1
TEQ,ESB,1
TER,BOS,1
TER,FLW,1
TER,GRW,1
TER,HOR,1
TER,LIS,2
TER,OPO,2
TER,PDL,1
TER,PIX,1
TER,SJZ,1
TET,APL,2
TET,BEW,2
TET,JNB,3
TET,MPM,2
TET,UEL,1
TET,VPY,1
TET,VXC,2
TEX,LAS,1
TEZ,GAU,1
TFF,ERN,2
TFF,IRZ,1
TFF,MAO,1
TFF,OLC,1
TFF,SJL,1
TFI,PNP,1
TFN,ACE,2
TFN,AGP,3
TFN,ALC,1
TFN,BCN,4
TFN,BIO,4
TFN,CCS,1
TFN,CMN,1
TFN,DKR,1
TFN,FNC,1
TFN,FUE,2
TFN,GMZ,1
TFN,GRX,1
TFN,LCG,1
TFN,LIS,2
TFN,LPA,3
TFN,MAD,6
TFN,ORY,1
TFN,OVD,2
TFN,PMI,1
TFN,SCQ,3
TFN,SPC,3
TFN,SVQ,3
TFN,VDE,2
TFN,VGO,1
TFN,VLC,2
TFN,ZAZ,1
TFS,ALC,1
TFS,AMS,1
TFS,BCN,3
TFS,BFS,3
TFS,BGO,1
TFS,BGY,1
TFS,BHX,5
TFS,BLK,1
TFS,BLL,1
TFS,BLQ,1
TFS,BOD,1
TFS,BOH,2
TFS,BRE,2
TFS,BRS,5
TFS,BRU,2
TFS,BSL,3
TFS,BVA,1
TFS,CDG,1
TFS,CGN,4
TFS,CPH,1
TFS,CRL,1
TFS,CWL,3
TFS,DME,2
TFS,DRS,1
TFS,DUB,2
TFS,DUS,4
TFS,EDI,3
TFS,EIN,2
TFS,EMA,6
TFS,ERF,1
TFS,FCO,2
TFS,FKB,1
TFS,FMM,1
TFS,FRA,4
TFS,GDN,1
TFS,GLA,4
TFS,GOT,1
TFS,GRZ,2
TFS,GVA,2
TFS,HAJ,1
TFS,HAM,4
TFS,HEL,1
TFS,HHN,1
TFS,KBP,1
TFS,KEF,1
TFS,KRK,1
TFS,LBA,4
TFS,LED,1
TFS,LEJ,2
TFS,LGW,8
TFS,LHR,1
TFS,LIL,1
TFS,LIS,1
TFS,LPA,3
TFS,LPL,1
TFS,LTN,3
TFS,LUX,1
TFS,MAD,3
TFS,MAN,7
TFS,MST,1
TFS,MUC,5
TFS,MXP,2
TFS,NCL,5
TFS,NOC,1
TFS,NRN,1
TFS,NTE,2
TFS,NUE,2
TFS,OPO,1
TFS,ORK,2
TFS,ORY,3
TFS,OSL,2
TFS,OVD,1
TFS,PAD,1
TFS,PIK,1
TFS,PRG,1
TFS,PSA,1
TFS,RIX,2
TFS,RTM,1
TFS,SCQ,2
TFS,SDR,1
TFS,SNN,1
TFS,STN,3
TFS,STR,2
TFS,SVG,1
TFS,SVO,1
TFS,SVQ,1
TFS,SXF,4
TFS,SZG,2
TFS,TSF,1
TFS,TXL,1
TFS,VDE,1
TFS,VGO,1
TFS,VIE,3
TFS,VIT,1
TFS,VLC,1
TFS,WMI,1
TFS,ZQW,1
TFS,ZRH,4
TGC,KCH,1
TGD,BEG,2
TGD,CDG,1
TGD,CRL,1
TGD,DME,1
TGD,DUS,1
TGD,FCO,2
TGD,FRA,1
TGD,IST,1
TGD,LJU,2
TGD,STN,1
TGD,VIE,2
TGD,WAW,1
TGD,ZRH,1
TGG,KUL,2
TGG,MYY,1
TGG,SIN,1
TGG,SZB,3
TGH,VLI,1
TGI,LIM,1
TGJ,GEA,1
TGJ,LIF,1
TGK,DME,1
TGM,BVA,1
TGM,DTM,1
TGM,LTN,1
TGM,OTP,2
TGO,ERL,1
TGO,HET,3
TGO,HGH,1
TGO,HLD,1
TGO,HRB,2
TGO,HUO,1
TGO,NKG,1
TGO,PEK,3
TGO,PKX,1
TGO,PVG,2
TGO,TNA,1
TGO,YNT,1
TGP,KJA,1
TGR,ALG,1
TGU,ATL,1
TGU,DFW,1
TGU,GUA,4
TGU,IAH,1
TGU,LCE,2
TGU,MIA,2
TGU,PEU,1
TGU,PTY,1
TGU,RTB,2
TGU,SAL,1
TGU,SAP,2
TGU,SJO,3
TGZ,CUN,1
TGZ,GDL,2
TGZ,MEX,3
TGZ,MTY,1
TGZ,TIJ,1
THD,SGN,2
THE,BSB,3
THE,FOR,4
THE,GRU,3
THE,PHB,1
THE,REC,1
THE,SLZ,1
THE,VCP,1
THL,HEH,2
THL,KET,1
THL,LSH,4
THL,MDL,1
THL,RGN,1
THN,BMA,1
THQ,NKG,1
THR,ABD,6
THR,ACZ,1
THR,ADU,2
THR,AFZ,3
THR,AJK,1
THR,AWZ,9
THR,AZD,3
THR,BJB,3
THR,BND,6
THR,BUZ,4
THR,BXR,2
THR,CQD,1
THR,DEF,3
THR,GBT,2
THR,GCH,2
THR,GSM,5
THR,HDM,1
THR,IFN,6
THR,IIL,3
THR,JAR,1
THR,JYR,1
THR,KER,2
THR,KHD,2
THR,KHK,1
THR,KHY,2
THR,KIH,10
THR,KSH,6
THR,LFM,1
THR,LRR,1
THR,LVP,1
THR,MED,1
THR,MHD,8
THR,MRX,3
THR,NSH,2
THR,OMH,4
THR,PFQ,2
THR,PGU,5
THR,RAS,3
THR,RJN,1
THR,RZR,2
THR,SDG,3
THR,SRY,2
THR,SYJ,1
THR,SYZ,11
THR,TBZ,6
THR,TCX,1
THR,XBJ,3
THR,YES,2
THR,ZAH,5
THR,ZBR,2
THS,BKK,1
THU,NAQ,1
THU,SVR,1
THX,KJA,1
TIA,AOI,1
TIA,ATH,2
TIA,BGY,1
TIA,BLQ,5
TIA,BRI,2
TIA,CGN,1
TIA,DUS,1
TIA,FCO,3
TIA,FLR,1
TIA,FRA,2
TIA,GOA,3
TIA,IST,2
TIA,LGW,1
TIA,LJU,1
TIA,MUC,1
TIA,MXP,6
TIA,ORY,1
TIA,PEG,1
TIA,PRG,1
TIA,PSA,4
TIA,RMI,1
TIA,SAW,1
TIA,STN,1
TIA,TRN,2
TIA,VCE,4
TIA,VIE,1
TIA,VRN,5
TIA,WAW,1
TIA,ZRH,1
TID,ALG,1
TIF,AHB,1
TIF,CAI,3
TIF,DMM,2
TIF,DOH,1
TIF,DXB,1
TIF,ELQ,1
TIF,GIZ,1
TIF,IST,1
TIF,JED,1
TIF,KWI,1
TIF,RUH,2
TIF,SHJ,1
TIF,SHW,1
TIH,PPT,1
TIH,RGI,1
TIJ,ACA,1
TIJ,AGU,1
TIJ,BJX,3
TIJ,CEN,1
TIJ,CJS,2
TIJ,CLQ,1
TIJ,CUL,4
TIJ,CUN,1
TIJ,CUU,1
TIJ,DGO,2
TIJ,GDL,3
TIJ,HMO,2
TIJ,LAP,1
TIJ,LMM,1
TIJ,MEX,3
TIJ,MLM,1
TIJ,MTY,1
TIJ,MZT,1
TIJ,NRT,2
TIJ,OAX,1
TIJ,PBC,1
TIJ,PVG,1
TIJ,PVR,1
TIJ,QRO,1
TIJ,SJD,1
TIJ,SLP,1
TIJ,TGZ,1
TIJ,TLC,1
TIJ,TPQ,1
TIJ,TRC,1
TIJ,UPN,1
TIJ,VER,1
TIJ,ZCL,1
TIJ,ZIH,1
TIJ,ZLO,1
TIM,DJJ,2
TIM,DPS,1
TIM,NBX,1
TIM,SOQ,1
TIM,UPG,2
TIP,AKF,1
TIP,ALG,2
TIP,AMM,3
TIP,BEN,2
TIP,CAI,3
TIP,CMN,3
TIP,DJE,1
TIP,DXB,1
TIP,FCO,2
TIP,GHT,1
TIP,HBE,2
TIP,IST,3
TIP,JED,1
TIP,LAQ,1
TIP,LHR,2
TIP,LTD,1
TIP,MAD,1
TIP,MAN,1
TIP,MIR,2
TIP,MLA,2
TIP,QUB,1
TIP,SFA,4
TIP,SRX,1
TIP,TOB,2
TIP,TUN,5
TIR,BPM,1
TIR,HYD,2
TIR,VGA,2
TIU,WLG,1
TIV,BEG,2
TIV,BRU,1
TIV,CDG,1
TIV,DME,5
TIV,DUS,1
TIV,FRA,1
TIV,LED,2
TIV,LGW,1
TIV,MUC,1
TIV,SVO,1
TIV,VKO,1
TIZ,HGU,1
TIZ,MXH,1
TIZ,POM,1
TJA,BYC,3
TJA,CBB,1
TJA,LPB,2
TJA,SRE,2
TJA,VVI,2
TJM,AER,1
TJM,DME,2
TJM,EVN,1
TJM,EYK,2
TJM,EZV,1
TJM,HMA,2
TJM,IRM,1
TJM,KJA,1
TJM,LBD,1
TJM,LED,3
TJM,MRV,1
TJM,NJC,2
TJM,NOJ,1
TJM,NUX,2
TJM,NYA,3
TJM,NYM,1
TJM,OVB,2
TJM,OVS,2
TJM,SGC,1
TJM,SLY,1
TJM,SVO,1
TJM,TAS,1
TJM,UFA,1
TJM,URJ,2
TJM,VKO,1
TJQ,CGK,3
TJQ,HLP,1
TJQ,PGK,2
TJU,CIT,1
TJU,DME,3
TJU,LED,1
TJU,SVX,2
TKD,ACC,2
TKE,JNU,1
TKG,BDO,1
TKG,BKS,1
TKG,BTH,2
TKG,CGK,3
TKG,HLP,1
TKG,JOG,1
TKG,PLM,2
TKG,YIA,1
TKJ,CKX,1
TKK,GUM,1
TKK,PNI,2
TKN,KOJ,1
TKP,TKX,1
TKQ,BJM,1
TKS,FUK,1
TKS,HKG,1
TKS,HND,2
TKU,ALC,1
TKU,ARN,3
TKU,CPH,1
TKU,GDN,1
TKU,HEL,1
TKU,MHQ,2
TKU,RIX,1
TKX,AHE,1
TKX,PPT,1
TKX,TKP,1
TKX,XMH,1
TLA,KTS,2
TLA,OME,1
TLC,ACA,2
TLC,CUN,2
TLC,FLL,1
TLC,GDL,1
TLC,LAS,1
TLC,MTY,2
TLC,PVR,1
TLC,SAT,1
TLC,SJD,1
TLC,ZIH,1
TLE,FTU,2
TLE,MOQ,1
TLE,TNR,1
TLH,ATL,3
TLH,CLT,2
TLH,DCA,2
TLH,DFW,2
TLH,MCO,2
TLH,MIA,2
TLH,TPA,3
TLJ,MCG,1
TLK,OVB,1
TLL,AMS,3
TLL,ARN,5
TLL,BGY,1
TLL,BRE,1
TLL,BRU,5
TLL,CDG,1
TLL,CPH,4
TLL,FRA,1
TLL,GRO,1
TLL,HEL,1
TLL,HER,1
TLL,IST,1
TLL,KBP,2
TLL,LED,1
TLL,LGW,2
TLL,MAN,1
TLL,NCE,1
TLL,OSL,4
TLL,PJA,1
TLL,RIX,1
TLL,RYG,1
TLL,SPU,1
TLL,STN,1
TLL,SVO,2
TLL,TRD,2
TLL,TXL,1
TLL,TYF,1
TLL,URE,1
TLL,VIE,2
TLL,VNO,4
TLL,WAW,2
TLM,ALG,1
TLM,LYS,1
TLM,MRS,2
TLM,ORY,2
TLN,CDG,1
TLN,GVA,1
TLN,LIL,1
TLN,NTE,1
TLN,ORY,1
TLN,RTM,1
TLN,STN,1
TLN,SXB,1
TLQ,AKU,1
TLQ,BPL,1
TLQ,CGO,1
TLQ,CSX,1
TLQ,TCG,1
TLQ,XIY,1
TLS,AGP,2
TLS,AJA,3
TLS,ALG,2
TLS,AMS,2
TLS,ATH,2
TLS,BCN,2
TLS,BES,1
TLS,BIA,2
TLS,BRE,1
TLS,BRS,2
TLS,BRU,2
TLS,BSL,1
TLS,CDG,4
TLS,CEG,1
TLS,CFR,1
TLS,CLY,1
TLS,CMN,3
TLS,DIJ,1
TLS,DUB,1
TLS,ETZ,1
TLS,FCO,3
TLS,FDH,2
TLS,FRA,2
TLS,FSC,1
TLS,GVA,2
TLS,HAM,2
TLS,HER,1
TLS,IST,1
TLS,LGW,1
TLS,LHR,2
TLS,LIL,3
TLS,LIS,1
TLS,LTN,1
TLS,LYS,4
TLS,MAD,1
TLS,MAN,1
TLS,MLA,1
TLS,MRS,2
TLS,MUC,1
TLS,MXP,1
TLS,NCE,2
TLS,NTE,4
TLS,ORN,2
TLS,ORY,2
TLS,PMI,2
TLS,PRG,1
TLS,RAK,3
TLS,RNS,2
TLS,SNR,1
TLS,SVQ,2
TLS,SXB,3
TLS,TFS,1
TLS,TLV,1
TLS,TUN,1
TLS,VCE,3
TLS,XFW,1
TLS,YUL,2
TLT,AKI,1
TLT,BET,2
TLV,ADD,1
TLV,AMM,2
TLV,AMS,4
TLV,ARN,1
TLV,ATH,3
TLV,BCN,4
TLV,BEG,2
TLV,BKK,3
TLV,BOM,1
TLV,BOS,1
TLV,BRU,2
TLV,BSL,1
TLV,BUD,2
TLV,CAI,1
TLV,CDG,3
TLV,CGN,1
TLV,CLJ,1
TLV,COK,1
TLV,CPH,2
TLV,DEL,1
TLV,DME,2
TLV,DNK,1
TLV,DOK,1
TLV,DUS,1
TLV,EIN,1
TLV,ETH,2
TLV,ETM,2
TLV,EWR,2
TLV,FCO,5
TLV,FRA,2
TLV,GRU,1
TLV,GVA,3
TLV,GYD,1
TLV,HEL,1
TLV,HER,1
TLV,HKG,2
TLV,IAS,1
TLV,ICN,1
TLV,IST,2
TLV,JFK,2
TLV,JNB,1
TLV,KBP,2
TLV,KRK,2
TLV,KRR,1
TLV,KTW,1
TLV,LAS,1
TLV,LAX,1
TLV,LCA,5
TLV,LED,3
TLV,LGW,1
TLV,LHR,3
TLV,LIS,2
TLV,LTN,2
TLV,LUZ,1
TLV,LWO,1
TLV,LYS,1
TLV,MAD,3
TLV,MAN,2
TLV,MIA,1
TLV,MRS,2
TLV,MRV,1
TLV,MSQ,1
TLV,MUC,3
TLV,MXP,3
TLV,NAP,1
TLV,NCE,3
TLV,ODS,1
TLV,ORY,1
TLV,OTP,4
TLV,PEK,2
TLV,PHL,2
TLV,PRG,4
TLV,RIX,1
TLV,ROV,1
TLV,SAW,2
TLV,SBZ,1
TLV,SFO,2
TLV,SKG,1
TLV,SOF,2
TLV,STN,1
TLV,SVO,1
TLV,SVX,1
TLV,SXF,3
TLV,TAS,1
TLV,TBS,3
TLV,TXL,2
TLV,VCE,1
TLV,VIE,3
TLV,VIN,2
TLV,VKO,1
TLV,VNO,1
TLV,WAW,3
TLV,WRO,1
TLV,YUL,1
TLV,YYZ,2
TLV,ZAG,1
TLV,ZRH,2
TMC,DPS,2
TMC,KOE,1
TME,BOG,1
TME,RVE,1
TMI,BIR,1
TMI,KTM,1
TMJ,DME,1
TMJ,TAS,1
TML,ACC,3
TMM,ANM,1
TMM,FTU,1
TMM,RUN,2
TMM,SMS,2
TMM,SVB,1
TMM,TNR,1
TMM,WMN,2
TMM,WMR,1
TMP,AGP,1
TMP,ALC,1
TMP,ARN,4
TMP,BGY,1
TMP,BRE,1
TMP,BUD,1
TMP,GRO,1
TMP,HEL,1
TMP,HHN,1
TMP,STN,1
TMR,ALG,1
TMR,BMW,1
TMR,DJG,1
TMR,ELG,1
TMR,GHA,1
TMR,INF,1
TMR,INZ,1
TMR,OGX,1
TMR,VVZ,1
TMS,ACC,1
TMS,LAD,1
TMS,LBV,1
TMS,LIS,1
TMS,RAI,1
TMT,PIN,1
TMT,STM,2
TMU,SJO,3
TMW,SYD,2
TNA,BAR,1
TNA,BKK,1
TNA,CAN,5
TNA,CGD,1
TNA,CGO,2
TNA,CGQ,9
TNA,CKG,5
TNA,CSX,5
TNA,CTU,7
TNA,DLC,6
TNA,DSN,1
TNA,ENY,1
TNA,FOC,5
TNA,HAK,1
TNA,HEL,1
TNA,HET,4
TNA,HGH,4
TNA,HJJ,1
TNA,HKG,3
TNA,HNY,1
TNA,HRB,10
TNA,HSN,1
TNA,HUN,1
TNA,HUZ,1
TNA,HYN,1
TNA,ICN,6
TNA,INC,3
TNA,JJN,2
TNA,JMU,2
TNA,JUZ,1
TNA,KHH,1
TNA,KHN,7
TNA,KIX,3
TNA,KMG,8
TNA,KOW,1
TNA,KWE,4
TNA,KWL,3
TNA,LAX,1
TNA,LHW,4
TNA,LJG,1
TNA,LYA,1
TNA,LZO,1
TNA,MFM,1
TNA,MIG,2
TNA,NAO,1
TNA,NBS,1
TNA,NDG,1
TNA,NGB,1
TNA,NGO,1
TNA,NNG,3
TNA,PEK,2
TNA,PVG,1
TNA,RIZ,1
TNA,RMQ,1
TNA,SHA,3
TNA,SHE,6
TNA,SIN,2
TNA,SQD,1
TNA,SWA,2
TNA,SYX,4
TNA,SZX,5
TNA,TEN,1
TNA,TGO,1
TNA,TPE,2
TNA,TYN,2
TNA,URC,4
TNA,UYN,1
TNA,WDS,1
TNA,WEH,1
TNA,WNZ,2
TNA,WUH,5
TNA,WUS,1
TNA,XAI,1
TNA,XFN,1
TNA,XIY,7
TNA,XMN,5
TNA,YCU,1
TNA,YIH,1
TNA,YNJ,1
TNA,YNT,2
TNA,ZHA,1
TNA,ZUH,2
TNC,WAA,1
TNE,KOJ,1
TNG,AGP,1
TNG,AHU,1
TNG,AMS,2
TNG,BCN,4
TNG,BRU,2
TNG,BVA,1
TNG,CDG,1
TNG,CMN,1
TNG,CRL,1
TNG,GIB,1
TNG,LGW,1
TNG,LHR,1
TNG,LIS,1
TNG,MAD,4
TNG,MED,1
TNG,MPL,1
TNG,MRS,1
TNG,NDR,1
TNG,ORY,2
TNG,RTM,1
TNH,DLC,1
TNH,PEK,1
TNH,TSN,1
TNJ,CGK,3
TNJ,MWK,1
TNJ,NTX,1
TNK,WWT,2
TNN,HKG,1
TNN,KIX,1
TNN,KNH,2
TNN,MZG,2
TNO,LIR,1
TNO,SJO,3
TNR,ADD,1
TNR,ANM,1
TNR,BKK,2
TNR,CDG,2
TNR,DIE,2
TNR,DZA,1
TNR,FTU,2
TNR,HAH,1
TNR,JNB,2
TNR,MJN,2
TNR,MOQ,2
TNR,MRS,1
TNR,MRU,4
TNR,NBO,1
TNR,NOS,2
TNR,ORY,2
TNR,RUN,2
TNR,SMS,2
TNR,SVB,2
TNR,TLE,2
TNR,TMM,2
TNR,WMN,1
TNW,UIO,1
TOB,HBE,1
TOB,TIP,1
TOB,TUN,2
TOE,CDG,1
TOE,ORY,1
TOE,TUN,1
TOF,DME,2
TOF,KJA,1
TOF,OVB,1
TOF,SGC,1
TOF,SVO,1
TOF,VKO,1
TOG,DLG,1
TOG,KWN,1
TOH,MTV,1
TOH,SLH,1
TOH,ZGU,1
TOL,CLT,1
TOL,ORD,2
TOL,PGD,1
TOL,PIE,1
TOL,SFB,1
TOS,ALC,1
TOS,ALF,4
TOS,AMS,1
TOS,ANX,1
TOS,ARN,1
TOS,BGO,1
TOS,BOO,2
TOS,CPH,1
TOS,EVE,1
TOS,FRA,1
TOS,HAA,1
TOS,HFT,1
TOS,KKN,1
TOS,LGW,1
TOS,LKL,1
TOS,LKN,1
TOS,LYR,1
TOS,MMK,1
TOS,OSL,2
TOS,SKN,1
TOS,SOJ,1
TOS,SVG,1
TOS,TRD,2
TOS,VDS,1
TOS,ZRH,1
TOU,GEA,1
TOY,CTS,2
TOY,DLC,1
TOY,HND,1
TOY,ICN,2
TOY,PVG,2
TOY,TPE,1
TPA,ACY,1
TPA,ALB,2
TPA,AMS,1
TPA,ATL,8
TPA,AUS,1
TPA,BDL,3
TPA,BHM,2
TPA,BNA,2
TPA,BOS,2
TPA,BUF,2
TPA,BWI,2
TPA,CAK,2
TPA,CLE,4
TPA,CLT,2
TPA,CMH,3
TPA,CVG,3
TPA,DAY,2
TPA,DCA,3
TPA,DEN,3
TPA,DFW,3
TPA,DTW,2
TPA,EWR,3
TPA,EYW,4
TPA,FLL,5
TPA,FNT,1
TPA,FRA,1
TPA,GCM,1
TPA,GNV,2
TPA,GRR,1
TPA,HAV,1
TPA,HOU,2
TPA,HPN,1
TPA,IAD,1
TPA,IAH,1
TPA,ILG,1
TPA,IND,4
TPA,ISP,3
TPA,JAX,2
TPA,JFK,4
TPA,LAS,2
TPA,LAX,1
TPA,LGA,3
TPA,LGW,4
TPA,MCI,2
TPA,MDW,2
TPA,MEM,1
TPA,MHH,1
TPA,MHT,1
TPA,MIA,2
TPA,MKE,3
TPA,MSP,1
TPA,MSY,2
TPA,NAS,1
TPA,ORD,5
TPA,PBI,2
TPA,PDX,1
TPA,PHL,3
TPA,PHX,4
TPA,PIT,2
TPA,PNS,2
TPA,PTY,1
TPA,PVD,2
TPA,RDU,3
TPA,RIC,1
TPA,ROC,1
TPA,RSW,1
TPA,SAN,1
TPA,SAT,2
TPA,SDF,1
TPA,SEA,2
TPA,SFO,1
TPA,SJU,4
TPA,SLC,1
TPA,STL,2
TPA,TLH,2
TPA,TTN,1
TPA,YHM,1
TPA,YHZ,1
TPA,YOW,1
TPA,YUL,1
TPA,YYZ,2
TPA,ZRH,2
TPE,AKJ,4
TPE,AKL,1
TPE,AMS,3
TPE,ANC,2
TPE,AOJ,1
TPE,BKI,2
TPE,BKK,6
TPE,BNE,2
TPE,BOM,1
TPE,CAN,4
TPE,CDG,2
TPE,CEB,2
TPE,CGK,3
TPE,CGO,3
TPE,CGQ,2
TPE,CJU,2
TPE,CKG,4
TPE,CNX,2
TPE,CSX,5
TPE,CTS,6
TPE,CTU,3
TPE,CZX,1
TPE,DAD,2
TPE,DEL,2
TPE,DLC,5
TPE,DMK,1
TPE,DPS,3
TPE,DWC,1
TPE,DXB,1
TPE,DYG,2
TPE,FCO,1
TPE,FOC,3
TPE,FRA,1
TPE,FSZ,1
TPE,FUK,6
TPE,GUM,3
TPE,HAK,2
TPE,HAN,3
TPE,HET,2
TPE,HFE,2
TPE,HGH,3
TPE,HIA,1
TPE,HIJ,1
TPE,HKD,4
TPE,HKG,7
TPE,HNA,1
TPE,HND,3
TPE,HNL,2
TPE,HRB,2
TPE,HSG,1
TPE,IAH,1
TPE,IBR,1
TPE,ICN,12
TPE,INC,2
TPE,ISG,2
TPE,IST,1
TPE,JFK,2
TPE,JJN,2
TPE,KHN,3
TPE,KIX,9
TPE,KLO,3
TPE,KMG,2
TPE,KMI,1
TPE,KMQ,3
TPE,KOJ,1
TPE,KUH,1
TPE,KUL,4
TPE,KWE,2
TPE,KWL,2
TPE,LAX,4
TPE,LGW,1
TPE,LHR,1
TPE,LHW,2
TPE,LJG,2
TPE,MEL,1
TPE,MFM,5
TPE,MNL,6
TPE,MYJ,1
TPE,NGB,3
TPE,NGO,5
TPE,NKG,5
TPE,NNG,2
TPE,NRT,13
TPE,NTG,1
TPE,OKA,7
TPE,OKJ,3
TPE,ONT,1
TPE,ORD,1
TPE,PEK,4
TPE,PEN,3
TPE,PNH,2
TPE,PPS,1
TPE,PUS,4
TPE,PVG,9
TPE,REP,1
TPE,RGN,1
TPE,ROR,2
TPE,SDJ,4
TPE,SEA,2
TPE,SFO,5
TPE,SGN,4
TPE,SHE,5
TPE,SIN,7
TPE,SJW,3
TPE,SUB,1
TPE,SWA,1
TPE,SYD,1
TPE,SYX,1
TPE,SZX,5
TPE,TAE,2
TPE,TAK,1
TPE,TAO,5
TPE,TNA,2
TPE,TOY,1
TPE,TSN,1
TPE,TXN,2
TPE,TYN,2
TPE,URC,2
TPE,VIE,2
TPE,WEH,1
TPE,WNZ,1
TPE,WUH,3
TPE,WUX,5
TPE,XIY,5
TPE,XMN,3
TPE,XUZ,3
TPE,YIW,1
TPE,YNT,1
TPE,YNZ,3
TPE,YTY,1
TPE,YVR,3
TPE,YYZ,1
TPP,IQT,2
TPP,LIM,3
TPP,PCL,1
TPQ,MEX,2
TPQ,TIJ,1
TPS,AOI,1
TPS,BGY,1
TPS,BLQ,1
TPS,BTS,1
TPS,BVA,1
TPS,CAG,1
TPS,CIA,1
TPS,CRL,1
TPS,CUF,1
TPS,EIN,1
TPS,FCO,1
TPS,FKB,1
TPS,FMM,1
TPS,GOA,1
TPS,GRO,1
TPS,HHN,1
TPS,KRK,1
TPS,KUN,1
TPS,LIN,1
TPS,MAN,1
TPS,MLA,1
TPS,MST,1
TPS,PEG,1
TPS,PMF,1
TPS,PNL,2
TPS,PSA,1
TPS,TRN,1
TPS,TRS,1
TPS,TSF,1
TPS,WMI,1
TQA,IUI,1
TQA,JUV,1
TQI,AGM,1
TQL,SLY,1
TRC,CJS,1
TRC,CUN,1
TRC,CUU,1
TRC,DFW,2
TRC,GDL,2
TRC,IAH,1
TRC,MEX,3
TRD,AES,1
TRD,AGP,1
TRD,ALC,2
TRD,AMS,2
TRD,ARN,2
TRD,AYT,1
TRD,BCN,1
TRD,BGO,2
TRD,BNN,1
TRD,BOO,2
TRD,CPH,4
TRD,DBV,1
TRD,EVE,2
TRD,GDN,1
TRD,KEF,1
TRD,KRK,1
TRD,KRS,1
TRD,KSU,1
TRD,LGW,1
TRD,LPA,1
TRD,MJF,1
TRD,MQN,1
TRD,NCE,1
TRD,OSL,2
TRD,OSY,1
TRD,RIX,1
TRD,RVK,1
TRD,SSJ,1
TRD,SVG,1
TRD,SXF,1
TRD,TLL,2
TRD,TOS,2
TRD,TRF,3
TRE,GLA,1
TRF,AGP,2
TRF,AHO,1
TRF,ALC,2
TRF,AMS,2
TRF,ARN,1
TRF,AYT,1
TRF,BCN,1
TRF,BEG,1
TRF,BGO,2
TRF,BGY,1
TRF,CPH,2
TRF,DBV,1
TRF,GDN,2
TRF,HAM,1
TRF,KRK,1
TRF,KTW,1
TRF,LGW,1
TRF,LPA,1
TRF,LPL,1
TRF,LUZ,1
TRF,MAN,1
TRF,NCE,1
TRF,OTP,1
TRF,PMI,1
TRF,POZ,2
TRF,PSA,1
TRF,RIX,1
TRF,SKP,1
TRF,STN,1
TRF,SVG,2
TRF,SZZ,1
TRF,TRD,2
TRF,VNO,1
TRF,WAW,1
TRF,WMI,1
TRF,WRO,2
TRG,AKL,1
TRG,CHC,1
TRG,WLG,1
TRI,ATL,3
TRI,CLT,2
TRI,DAY,1
TRI,DFW,1
TRI,GSP,1
TRI,ORD,1
TRI,PIE,1
TRI,SFB,1
TRK,AAP,1
TRK,BPN,3
TRK,CGK,1
TRK,SUB,1
TRK,TWU,1
TRK,UPG,1
TRN,AHO,2
TRN,AMS,2
TRN,BCN,3
TRN,BDS,1
TRN,BRI,2
TRN,BRU,2
TRN,CAG,2
TRN,CDG,2
TRN,CMN,1
TRN,CRL,1
TRN,CTA,5
TRN,DME,1
TRN,DUS,1
TRN,FCO,3
TRN,FRA,2
TRN,IAS,2
TRN,IST,1
TRN,LGW,1
TRN,MAD,1
TRN,MLA,1
TRN,MUC,2
TRN,NAP,3
TRN,OLB,1
TRN,PMO,3
TRN,REG,1
TRN,STN,1
TRN,SUF,3
TRN,SVQ,1
TRN,TIA,1
TRN,TPS,1
TRN,ZRH,1
TRO,GFN,1
TRO,SYD,1
TRR,GIU,1
TRS,AHO,1
TRS,BRI,1
TRS,BVA,1
TRS,CRL,1
TRS,FCO,1
TRS,FRA,1
TRS,LIN,1
TRS,MUC,1
TRS,NAP,1
TRS,STN,1
TRS,TPS,1
TRS,VLC,1
TRU,CIX,1
TRU,LIM,1
TRV,AUH,3
TRV,BAH,1
TRV,BLR,4
TRV,BOM,6
TRV,CCJ,1
TRV,CMB,2
TRV,COK,3
TRV,DEL,1
TRV,DMM,1
TRV,DOH,1
TRV,DXB,3
TRV,HAQ,1
TRV,KWI,1
TRV,MAA,4
TRV,MCT,3
TRV,MLE,2
TRV,RUH,1
TRV,SHJ,4
TRV,SIN,3
TRW,INU,1
TRW,MAJ,1
TRZ,CJB,1
TRZ,CMB,2
TRZ,DXB,1
TRZ,IXM,1
TRZ,KUL,2
TRZ,MAA,4
TRZ,SHJ,1
TRZ,SIN,2
TSA,CKG,4
TSA,CTU,1
TSA,FOC,3
TSA,GMP,4
TSA,HFE,1
TSA,HGH,3
TSA,HND,4
TSA,HUN,2
TSA,KNH,4
TSA,LZN,2
TSA,MFK,1
TSA,MZG,4
TSA,NNG,1
TSA,PVG,4
TSA,SHA,6
TSA,TSN,4
TSA,TTT,2
TSA,TYN,1
TSA,WNZ,1
TSA,WUH,2
TSA,XMN,3
TSE,AKX,4
TSE,ALA,6
TSE,AUH,2
TSE,CDG,1
TSE,CIT,4
TSE,DMB,1
TSE,DME,2
TSE,DXB,1
TSE,DYU,1
TSE,DZN,2
TSE,EVN,1
TSE,FRA,3
TSE,FRU,1
TSE,GUW,4
TSE,GYD,1
TSE,ICN,1
TSE,IST,2
TSE,KBP,2
TSE,KRR,1
TSE,KSN,1
TSE,KZN,1
TSE,KZO,2
TSE,LED,2
TSE,LHR,1
TSE,MRV,1
TSE,MSQ,1
TSE,NRT,1
TSE,OMS,1
TSE,OVB,1
TSE,PEK,1
TSE,PLX,2
TSE,PPK,1
TSE,PRG,1
TSE,PWQ,3
TSE,SCO,3
TSE,SHJ,1
TSE,SSH,1
TSE,SVO,1
TSE,SVX,1
TSE,TAS,2
TSE,TBS,1
TSE,TDK,1
TSE,UKK,4
TSE,ULN,1
TSE,URA,2
TSE,URC,2
TSE,USJ,1
TSE,VIE,2
TSE,VKO,1
TSE,VNO,1
TSF,AGP,1
TSF,AHO,1
TSF,BCN,1
TSF,BDS,1
TSF,BLL,1
TSF,BRE,1
TSF,BRI,1
TSF,BRS,1
TSF,BRU,1
TSF,BUD,1
TSF,BVA,1
TSF,CAG,1
TSF,CGN,1
TSF,CHQ,1
TSF,CLJ,1
TSF,CMN,1
TSF,CRL,1
TSF,CTA,1
TSF,DUB,1
TSF,EIN,1
TSF,EMA,1
TSF,FRA,1
TSF,HAM,1
TSF,HHN,1
TSF,IEV,1
TSF,KIV,1
TSF,KRK,1
TSF,LBA,1
TSF,LWO,1
TSF,MAN,1
TSF,MLA,1
TSF,NRN,1
TSF,NYO,1
TSF,OTP,1
TSF,PMO,1
TSF,PRG,1
TSF,RAK,1
TSF,RYG,1
TSF,SEN,1
TSF,SKP,1
TSF,SOF,1
TSF,STN,1
TSF,SUF,1
TSF,SXF,1
TSF,TPS,1
TSF,TSR,1
TSF,VKO,1
TSF,VLC,1
TSH,FIH,1
TSH,KGA,1
TSJ,FUK,1
TSJ,NGS,2
TSN,BAV,6
TSN,BKK,1
TSN,BSD,1
TSN,CAN,7
TSN,CDE,1
TSN,CGD,1
TSN,CGO,4
TSN,CGQ,6
TSN,CHG,1
TSN,CIF,2
TSN,CIH,2
TSN,CJU,3
TSN,CKG,7
TSN,CSX,6
TSN,CTS,1
TSN,CTU,7
TSN,CXR,1
TSN,DAT,1
TSN,DBC,1
TSN,DLC,8
TSN,DOY,2
TSN,DQA,1
TSN,DSN,1
TSN,DYG,1
TSN,ENH,1
TSN,ENY,1
TSN,FOC,3
TSN,FUG,1
TSN,GYU,1
TSN,HAK,3
TSN,HET,6
TSN,HFE,1
TSN,HGH,6
TSN,HIA,1
TSN,HJJ,1
TSN,HKG,3
TSN,HLD,5
TSN,HLH,2
TSN,HND,2
TSN,HNY,1
TSN,HRB,11
TSN,HSN,1
TSN,HUZ,1
TSN,ICN,4
TSN,INC,1
TSN,IQN,1
TSN,JDZ,1
TSN,JJN,3
TSN,JNG,1
TSN,JUH,1
TSN,KHH,1
TSN,KHN,5
TSN,KIX,4
TSN,KLO,1
TSN,KMG,5
TSN,KWE,3
TSN,KWL,4
TSN,LHW,3
TSN,LJG,1
TSN,LLV,1
TSN,LYG,2
TSN,LYI,1
TSN,LZO,1
TSN,MDL,1
TSN,MFM,1
TSN,MWX,1
TSN,NAO,1
TSN,NBS,2
TSN,NDG,2
TSN,NGB,3
TSN,NGO,2
TSN,NNG,2
TSN,NNY,2
TSN,NRT,1
TSN,NTG,3
TSN,NZL,1
TSN,OKA,1
TSN,PKX,1
TSN,PVG,6
TSN,RIZ,1
TSN,SHA,9
TSN,SHE,1
TSN,SIN,2
TSN,SJW,1
TSN,SWA,1
TSN,SYX,4
TSN,SZX,6
TSN,TAO,3
TSN,TGO,1
TSN,THQ,1
TSN,TNH,1
TSN,TPE,1
TSN,TSA,4
TSN,TXN,1
TSN,TYN,2
TSN,URC,3
TSN,UYN,1
TSN,WMT,1
TSN,WNZ,2
TSN,WUH,5
TSN,WUT,1
TSN,XFN,1
TSN,XIL,1
TSN,XIY,8
TSN,XMN,6
TSN,XNN,3
TSN,YCU,3
TSN,YIC,1
TSN,YIH,1
TSN,YIW,1
TSN,YNT,3
TSN,YNZ,2
TSN,YTY,1
TSN,ZUH,3
TSN,ZYI,1
TSR,BCN,1
TSR,BGY,1
TSR,BLQ,1
TSR,BRI,1
TSR,BVA,1
TSR,CIA,1
TSR,DTM,1
TSR,FRA,1
TSR,HHN,1
TSR,IAS,1
TSR,LTN,1
TSR,MAD,1
TSR,MUC,1
TSR,OTP,2
TSR,TLV,1
TSR,TSF,1
TSR,VLC,1
TST,DMK,2
TSV,BNE,4
TSV,CNJ,3
TSV,CNS,2
TSV,DPS,1
TSV,DRW,2
TSV,HGD,1
TSV,ISA,2
TSV,MEL,1
TSV,MKY,1
TSV,MOV,1
TSV,OOL,1
TSV,OSO,1
TSV,PHQ,1
TSV,SYD,2
TSV,TQP,1
TSV,WIN,1
TTA,CMN,1
TTA,GLN,1
TTE,AMQ,1
TTE,CGK,2
TTE,LAH,1
TTE,MDC,3
TTE,OTI,1
TTE,SUB,1
TTE,UPG,3
TTJ,HND,1
TTN,ATL,1
TTN,BNA,1
TTN,CLE,1
TTN,CLT,1
TTN,CVG,1
TTN,DTW,1
TTN,FLL,1
TTN,IND,1
TTN,MCO,1
TTN,MDW,1
TTN,PBI,1
TTN,RDU,1
TTN,RSW,1
TTN,TPA,1
TTN,UST,1
TTQ,SJO,1
TTT,GNI,1
TTT,KYD,1
TTT,TSA,1
TTU,AHU,1
TTU,CMN,1
TUB,PPT,1
TUB,RUR,1
TUB,RVV,1
TUC,AEP,2
TUC,COR,1
TUC,EZE,1
TUC,LIM,1
TUC,PUJ,1
TUF,DUB,1
TUF,FSC,1
TUF,MRS,1
TUF,OPO,1
TUF,RAK,1
TUF,STN,1
TUG,MNL,3
TUI,DMM,1
TUI,JED,1
TUI,RUH,1
TUK,DBA,1
TUK,GWD,1
TUK,KHI,1
TUK,MCT,1
TUK,SHJ,1
TUK,UET,1
TUL,ATL,4
TUL,CLT,1
TUL,DAL,1
TUL,DEN,3
TUL,DFW,2
TUL,DTW,1
TUL,EWR,1
TUL,HOU,1
TUL,IAD,1
TUL,IAH,1
TUL,JFK,1
TUL,JLN,1
TUL,LAS,1
TUL,LAX,1
TUL,MDW,1
TUL,MIA,2
TUL,MSP,1
TUL,ORD,3
TUL,PHX,1
TUL,SFB,1
TUL,SLC,1
TUL,STL,1
TUL,XNA,1
TUN,ABJ,1
TUN,ALG,3
TUN,AMM,1
TUN,AMS,1
TUN,BCN,1
TUN,BEG,1
TUN,BEN,3
TUN,BEY,2
TUN,BKO,1
TUN,BLQ,1
TUN,BOD,1
TUN,BRU,1
TUN,CAI,2
TUN,CDG,3
TUN,CGN,2
TUN,CKY,1
TUN,CMN,2
TUN,COO,1
TUN,CZL,1
TUN,DJE,2
TUN,DKR,1
TUN,DME,1
TUN,DOH,1
TUN,DSS,1
TUN,DUS,1
TUN,DXB,2
TUN,FCO,2
TUN,FRA,2
TUN,GAE,1
TUN,GAF,1
TUN,GVA,1
TUN,IST,3
TUN,JED,2
TUN,KWI,1
TUN,LAQ,2
TUN,LGW,1
TUN,LHR,1
TUN,LIS,1
TUN,LYS,3
TUN,MAD,2
TUN,MED,2
TUN,MIR,2
TUN,MLA,1
TUN,MPL,1
TUN,MRA,3
TUN,MRS,2
TUN,MUC,2
TUN,MXP,2
TUN,NAP,1
TUN,NCE,2
TUN,NIM,1
TUN,NKC,1
TUN,NTE,3
TUN,ORN,1
TUN,ORY,2
TUN,OUA,1
TUN,PMO,1
TUN,PRG,1
TUN,SFA,1
TUN,SRX,1
TUN,SXB,1
TUN,TIP,4
TUN,TLS,2
TUN,TNG,1
TUN,TOB,2
TUN,TOE,1
TUN,VCE,1
TUN,VIE,1
TUN,YUL,1
TUN,ZRH,1
TUO,AKL,1
TUO,WLG,1
TUP,ATL,1
TUP,GLH,1
TUR,BEL,1
TUS,ATL,5
TUS,COS,1
TUS,DEN,3
TUS,DFW,2
TUS,IAH,1
TUS,LAS,2
TUS,LAX,7
TUS,MDW,2
TUS,MEX,1
TUS,MSP,1
TUS,ORD,3
TUS,PDX,1
TUS,PHX,2
TUS,SAN,1
TUS,SEA,1
TUS,SFO,2
TUS,SJC,2
TUS,SLC,2
TUU,AHB,1
TUU,CAI,3
TUU,DMM,1
TUU,DXB,1
TUU,GIZ,1
TUU,JED,2
TUU,MED,1
TUU,RUH,2
TVC,DTW,1
TVC,MSP,1
TVC,ORD,3
TVF,GFK,1
TVS,CAN,1
TVS,DLC,1
TVS,PVG,2
TVS,SJW,1
TVS,SQJ,1
TVS,TYN,1
TVU,SUV,1
TVU,SVU,1
TVY,KAW,2
TVY,MGZ,1
TVY,RGN,1
TWB,BNE,1
TWB,CTL,1
TWB,SGO,1
TWB,SYD,1
TWF,SLC,1
TWU,BKI,2
TWU,JHB,1
TWU,KUL,2
TWU,SDK,1
TWU,TRK,1
TXK,DFW,2
TXL,ACE,2
TXL,ADB,1
TXL,AGP,2
TXL,ALC,2
TXL,AMM,2
TXL,AMS,2
TXL,AOI,1
TXL,ARN,6
TXL,ATH,3
TXL,AUH,2
TXL,AYT,3
TXL,BCN,4
TXL,BEG,3
TXL,BHX,1
TXL,BIA,1
TXL,BIO,2
TXL,BLQ,1
TXL,BRI,3
TXL,BRN,1
TXL,BRU,4
TXL,BSL,1
TXL,BUD,2
TXL,CDG,4
TXL,CFU,1
TXL,CGN,5
TXL,CPH,7
TXL,CTA,7
TXL,DBV,2
TXL,DME,2
TXL,DOH,1
TXL,DUS,5
TXL,EIN,1
TXL,EWR,2
TXL,FAO,2
TXL,FCO,3
TXL,FDH,1
TXL,FKB,2
TXL,FLR,2
TXL,FMM,1
TXL,FNC,1
TXL,FRA,5
TXL,FUE,3
TXL,GDN,2
TXL,GOT,4
TXL,GRX,1
TXL,GRZ,2
TXL,GWT,1
TXL,HEL,4
TXL,HER,3
TXL,HRG,2
TXL,IBZ,2
TXL,INN,1
TXL,IST,1
TXL,JFK,2
TXL,KBP,1
TXL,KGD,2
TXL,KGS,1
TXL,KLU,2
TXL,KRK,1
TXL,LED,1
TXL,LGW,1
TXL,LHR,4
TXL,LIN,1
TXL,LPA,2
TXL,LUX,3
TXL,MAD,3
TXL,MAH,1
TXL,MAN,1
TXL,MHG,2
TXL,MIA,2
TXL,MLA,1
TXL,MRS,1
TXL,MUC,4
TXL,MXP,2
TXL,NAP,3
TXL,NBE,1
TXL,NCE,2
TXL,NTE,2
TXL,NUE,3
TXL,ODS,1
TXL,OLB,2
TXL,ORD,2
TXL,ORY,2
TXL,OSL,5
TXL,OTP,2
TXL,PEK,2
TXL,PFO,2
TXL,PMI,4
TXL,PMO,2
TXL,PRG,2
TXL,PRN,1
TXL,PSA,3
TXL,RHO,1
TXL,RIX,2
TXL,RMF,1
TXL,SAW,1
TXL,SCN,4
TXL,SJJ,1
TXL,SKG,1
TXL,SMI,1
TXL,SOF,3
TXL,SPU,2
TXL,STR,5
TXL,SVO,2
TXL,SZG,3
TXL,TFS,2
TXL,TLS,1
TXL,TLV,4
TXL,UME,1
TXL,VCE,3
TXL,VIE,6
TXL,VKO,1
TXL,VNO,1
TXL,VRN,1
TXL,WAW,1
TXL,ZAD,1
TXL,ZAG,3
TXL,ZRH,4
TXN,CAN,1
TXN,CKG,2
TXN,CSX,1
TXN,CTU,2
TXN,DLC,1
TXN,HAK,1
TXN,HET,1
TXN,HFE,1
TXN,HIA,1
TXN,ICN,2
TXN,PEK,2
TXN,PUS,1
TXN,SHA,2
TXN,SWA,1
TXN,SZX,1
TXN,TAO,1
TXN,TPE,2
TXN,TSN,1
TXN,TYN,2
TXN,WUH,1
TXN,XIY,1
TXN,XMN,3
TXN,YIH,1
TXN,ZHA,1
TYF,HFS,1
TYF,TLL,1
TYL,LIM,1
TYN,BAR,2
TYN,BAV,2
TYN,BKK,1
TYN,CAN,3
TYN,CGQ,4
TYN,CIH,4
TYN,CKG,5
TYN,CSX,6
TYN,CTU,7
TYN,CZX,3
TYN,DAT,5
TYN,DLC,6
TYN,DSN,2
TYN,DYG,1
TYN,FOC,3
TYN,HAK,4
TYN,HET,2
TYN,HFE,4
TYN,HGH,6
TYN,HIA,1
TYN,HKG,2
TYN,HKT,1
TYN,HNY,1
TYN,HRB,4
TYN,INC,5
TYN,JNG,1
TYN,KHN,2
TYN,KMG,6
TYN,KWE,5
TYN,KWL,4
TYN,LHW,4
TYN,LJG,1
TYN,LYI,1
TYN,MFM,2
TYN,NGB,1
TYN,NKG,6
TYN,NNG,2
TYN,NTG,1
TYN,PEK,3
TYN,PUS,1
TYN,PVG,2
TYN,RIZ,1
TYN,SHA,4
TYN,SHE,5
TYN,SWA,1
TYN,SYX,4
TYN,SZX,4
TYN,TAO,5
TYN,TCZ,1
TYN,TNA,2
TYN,TPE,2
TYN,TSA,1
TYN,TSN,2
TYN,TVS,1
TYN,TXN,2
TYN,URC,4
TYN,WNZ,2
TYN,WUA,1
TYN,WUH,4
TYN,WUX,1
TYN,XIY,2
TYN,XMN,4
TYN,XNN,1
TYN,YCU,1
TYN,YIH,1
TYN,YIW,1
TYN,YKH,1
TYN,YNT,2
TYN,ZHA,1
TYN,ZUH,3
TYR,DFW,2
TYR,IAH,1
TYS,ATL,6
TYS,CAK,1
TYS,CLT,2
TYS,DCA,3
TYS,DEN,2
TYS,DFW,2
TYS,DTW,1
TYS,EWR,1
TYS,FLL,1
TYS,IAD,1
TYS,IAH,1
TYS,LGA,3
TYS,MIA,1
TYS,MSP,1
TYS,ORD,3
TYS,PGD,1
TYS,PHL,2
TYS,PIE,1
TYS,RST,1
TYS,SFB,1
TZA,BCV,1
TZA,BZE,2
TZA,CUK,1
TZA,DGA,3
TZA,IAH,1
TZA,PLJ,1
TZA,PND,1
TZA,SPR,3
TZA,SQS,1
TZL,BSL,1
TZL,CGN,1
TZL,FDH,1
TZL,GSE,1
TZL,HHN,1
TZL,MLH,1
TZL,MMX,1
TZL,SXF,1
TZL,VIE,1
TZX,ADA,1
TZX,ADB,2
TZX,AER,1
TZX,AYT,1
TZX,BAH,1
TZX,DUS,1
TZX,ESB,1
TZX,IST,2
TZX,SAW,2
TZX,YEI,1
UAH,AUQ,1
UAH,NHV,1
UAH,UAP,1
UAK,GOH,1
UAK,JFR,1
UAK,JJU,1
UAK,JNS,1
UAK,SFJ,1
UAP,AUQ,1
UAP,NHV,1
UAP,UAH,1
UAQ,AEP,1
UAQ,EZE,1
UAQ,MDZ,1
UAS,JJM,1
UAS,KEU,2
UAS,KTJ,2
UAS,MRE,2
UAS,NYK,2
UAS,OLX,2
UAS,WIL,1
UBA,CNF,1
UBA,GRU,1
UBA,UDI,1
UBA,VCP,1
UBJ,HND,2
UBJ,ICN,1
UBP,BKK,2
UBP,CNX,1
UBP,DMK,2
UCB,CGO,1
UCB,PEK,1
UCT,LED,1
UCT,SCW,1
UCT,USK,1
UCT,VKO,1
UDI,BSB,2
UDI,CGH,3
UDI,CNF,2
UDI,GRU,4
UDI,GYN,2
UDI,PLU,1
UDI,RAO,1
UDI,UBA,1
UDI,VCP,1
UDJ,IEV,1
UDR,BOM,3
UDR,DEL,4
UDR,IXU,1
UDR,JAI,1
UEL,BEW,2
UEL,MPM,2
UEL,TET,1
UEO,OKA,1
UET,ISB,4
UET,KHI,3
UET,LHE,4
UET,MHD,1
UET,MUX,1
UET,PZH,1
UET,SHJ,1
UET,TUK,1
UFA,AER,1
UFA,DME,4
UFA,DWC,1
UFA,DYU,1
UFA,GYD,1
UFA,IST,1
UFA,KUF,1
UFA,KZN,2
UFA,LBD,1
UFA,LED,3
UFA,NJC,2
UFA,NOJ,1
UFA,NSK,1
UFA,NUX,2
UFA,NYM,1
UFA,OVB,1
UFA,PRG,1
UFA,SGC,2
UFA,SHJ,1
UFA,SLY,1
UFA,SVO,1
UFA,SVX,2
UFA,TAS,1
UFA,TJM,1
UFA,VKO,1
UGB,PTH,1
UGC,BHK,1
UGC,CDG,1
UGC,DME,2
UGC,LED,2
UGC,MXP,1
UGC,NCU,1
UGC,TAS,1
UGC,VOG,1
UGI,KWP,1
UIB,APO,1
UIB,BOG,3
UIB,CLO,1
UIB,EOH,2
UIH,HAN,1
UIH,SGN,3
UII,RTB,1
UIN,STL,1
UIO,ATL,1
UIO,BOG,4
UIO,CDG,1
UIO,CLO,1
UIO,CUE,3
UIO,DFW,1
UIO,ESM,1
UIO,ETR,1
UIO,GPS,4
UIO,GRU,1
UIO,GYE,10
UIO,HAV,1
UIO,IAH,1
UIO,JFK,1
UIO,LGQ,1
UIO,LIM,3
UIO,LOH,1
UIO,MAD,2
UIO,MDE,1
UIO,MEC,3
UIO,MEX,1
UIO,MIA,7
UIO,OCC,3
UIO,PTY,2
UIO,SAL,1
UIO,SCL,1
UIO,TUA,1
UIO,XMS,1
UIP,FSC,1
UIP,NCE,1
UIP,ORY,1
UKA,NBO,1
UKA,WIL,3
UKB,CTS,3
UKB,HND,2
UKB,IBR,1
UKB,KOJ,1
UKB,NGS,1
UKB,OKA,2
UKB,SDJ,1
UKB,YGJ,1
UKK,ALA,2
UKK,DME,1
UKK,KGF,1
UKK,OVB,1
UKK,PLX,1
UKK,SZI,1
UKK,TSE,2
UKS,DME,1
UKS,KBP,1
UKX,IKT,2
ULB,CCV,1
ULB,PBJ,1
ULB,VLI,1
ULG,HVD,1
ULG,ULN,1
ULG,ULO,1
ULH,JED,1
ULH,MED,1
ULH,RUH,1
ULK,IKT,3
ULK,YKS,4
ULN,BKK,1
ULN,BYN,1
ULN,CAN,1
ULN,COQ,2
ULN,DLZ,1
ULN,FRU,1
ULN,HET,2
ULN,HKG,3
ULN,HVD,2
ULN,ICN,3
ULN,IKT,1
ULN,MXV,2
ULN,NRT,1
ULN,PEK,2
ULN,PUS,2
ULN,SVO,2
ULN,ULG,1
ULN,ULO,3
ULN,ULZ,1
ULN,UUD,1
ULO,ULN,1
ULP,CTL,2
ULP,WNR,2
ULV,DME,1
ULV,SVO,1
ULV,SVX,1
ULV,VKO,1
ULX,NGL,1
ULZ,ULN,1
UMD,IKE,1
UMD,IOT,1
UMD,JQA,1
UMD,JUK,1
UMD,JUU,1
UMD,NIQ,1
UMD,SAE,1
UME,ALC,1
UME,ARN,3
UME,BMA,2
UME,GOT,1
UME,LCA,1
UME,LLA,1
UME,OSD,1
UME,TXL,1
UNA,CGH,1
UNG,DAU,1
UNG,HGU,1
UNG,POM,2
UNG,TBG,1
UNK,ANC,3
UNK,ELI,1
UNK,OME,1
UNK,SKK,2
UNK,SMK,2
UNN,DMK,1
UPG,AAP,1
UPG,AMQ,4
UPG,BDJ,2
UPG,BIK,2
UPG,BMU,1
UPG,BPN,4
UPG,BTW,1
UPG,BUW,2
UPG,CGK,4
UPG,DJJ,5
UPG,DPS,4
UPG,GTO,4
UPG,HLP,1
UPG,JOG,4
UPG,KAZ,1
UPG,KBU,2
UPG,KDI,6
UPG,KJT,1
UPG,KNO,1
UPG,KOE,1
UPG,KSR,2
UPG,KUL,1
UPG,LBJ,1
UPG,LLO,1
UPG,LOP,2
UPG,LUV,1
UPG,LUW,4
UPG,MDC,3
UPG,MJU,3
UPG,MKQ,2
UPG,MKW,2
UPG,MOF,2
UPG,MOH,2
UPG,PLW,5
UPG,PNK,1
UPG,PSJ,2
UPG,PUM,3
UPG,RAQ,1
UPG,SIN,3
UPG,SOC,1
UPG,SOQ,3
UPG,SRG,1
UPG,SUB,6
UPG,TIM,2
UPG,TRK,1
UPG,TTE,4
UPG,YIA,3
UPK,JUV,1
UPK,KGQ,1
UPN,LAX,1
UPN,TIJ,1
URA,DME,1
URA,FRA,1
URA,GUW,1
URA,SCO,1
URA,TSE,1
URC,AAT,2
URC,AKU,4
URC,ALA,2
URC,ASB,1
URC,BAV,1
URC,BKK,1
URC,BPL,2
URC,CAN,4
URC,CGO,11
URC,CKG,6
URC,CSX,3
URC,CTU,6
URC,DAT,1
URC,DNH,3
URC,DSN,1
URC,DXB,1
URC,DYU,3
URC,FRU,3
URC,FYN,1
URC,GYD,1
URC,HET,2
URC,HFE,3
URC,HGH,3
URC,HIA,1
URC,HMI,4
URC,HTN,7
URC,HZG,1
URC,IKA,1
URC,INC,6
URC,ISB,1
URC,IST,1
URC,KCA,2
URC,KHG,11
URC,KJI,1
URC,KMG,1
URC,KRL,4
URC,KRY,2
URC,KWE,3
URC,LBD,1
URC,LHE,1
URC,LHW,12
URC,LYA,1
URC,MIG,2
URC,NAO,1
URC,NKG,1
URC,NLT,2
URC,NNY,1
URC,OSS,2
URC,OVB,3
URC,PEK,4
URC,PKX,1
URC,PVG,2
URC,QSZ,1
URC,RQA,1
URC,SHA,6
URC,SHE,1
URC,SHF,1
URC,SJW,4
URC,SVO,2
URC,SYX,1
URC,SZX,1
URC,TAO,1
URC,TAS,2
URC,TBS,1
URC,TCG,2
URC,TNA,5
URC,TPE,2
URC,TSE,2
URC,TSN,2
URC,TWC,1
URC,TYN,5
URC,VIE,1
URC,WDS,1
URC,WUH,7
URC,XFN,1
URC,XIY,12
URC,XNN,2
URC,YCU,2
URC,YIH,1
URC,YIN,5
URC,YIW,1
URC,ZHY,1
URE,TLL,1
URG,RIA,1
URJ,HMA,1
URJ,SVX,1
URJ,TJM,1
URO,BIA,1
URO,FSC,1
URS,VKO,1
URT,BKK,2
URT,DMK,2
URT,KUL,1
URY,JED,1
URY,RUH,1
USH,AEP,2
USH,COR,1
USH,EZE,2
USH,FTE,2
USH,REL,1
USH,SCL,1
USK,ARH,1
USK,LED,1
USK,TJM,1
USK,UCT,2
USK,UFA,1
USM,BKK,2
USM,CKG,1
USM,CNX,1
USM,CTU,1
USM,HKG,2
USM,HKT,1
USM,KBV,1
USM,KUL,2
USM,PEN,2
USM,SIN,4
USM,SZB,2
USM,UTP,1
USN,CJU,2
USN,GMP,3
USQ,IST,1
UST,TTN,1
USU,CEB,1
USU,MNL,2
UTH,BKK,3
UTH,CNX,1
UTH,DMK,2
UTH,HKT,1
UTN,CPT,2
UTN,JNB,2
UTP,CTU,1
UTP,HAK,2
UTP,HKT,1
UTP,KKC,1
UTP,NNG,1
UTP,USM,1
UTP,UTH,1
UTS,SCW,1
UTT,CPT,1
UTT,JNB,2
UUA,DME,1
UUA,LED,1
UUA,NJC,3
UUA,NOJ,1
UUA,NUX,1
UUA,SGC,1
UUA,USK,1
UUD,BQS,1
UUD,DME,2
UUD,HTA,1
UUD,IKT,1
UUD,KHV,3
UUD,KJA,1
UUD,NZH,2
UUD,OVB,1
UUD,PEK,1
UUD,SVO,1
UUD,VKO,1
UUD,YKS,1
UUS,BQS,1
UUS,BVV,1
UUS,CTS,1
UUS,DEE,1
UUS,DME,1
UUS,EKS,1
UUS,HRB,2
UUS,ICN,3
UUS,ITU,1
UUS,KHV,3
UUS,KXK,1
UUS,NGK,1
UUS,NRT,1
UUS,OHH,1
UUS,OVB,1
UUS,PKC,1
UUS,SVO,2
UUS,VVO,3
UVE,GEA,1
UVE,LIF,1
UVF,ANU,1
UVF,ATL,1
UVF,BGI,1
UVF,CLT,2
UVF,EWR,1
UVF,GND,3
UVF,JFK,1
UVF,LGW,3
UVF,LHR,1
UVF,MIA,2
UVF,ORD,2
UVF,PHL,1
UVF,POS,2
UVF,TAB,1
UVF,YUL,1
UVF,YYZ,2
UYL,KRT,2
UYN,BAV,1
UYN,CGO,1
UYN,CTU,3
UYN,DLC,1
UYN,HRB,1
UYN,INC,1
UYN,JIC,1
UYN,KMG,2
UYN,NAY,2
UYN,NKG,1
UYN,PEK,1
UYN,PKX,1
UYN,PVG,1
UYN,SJW,1
UYN,SZX,1
UYN,TSN,1
UYN,WUA,1
UYN,WUH,1
UYN,XIY,4
UYU,LPB,1
VAA,ARN,5
VAA,HEL,1
VAI,MAG,1
VAI,POM,1
VAI,WWK,2
VAK,HPB,1
VAK,KUK,1
VAK,SCM,1
VAN,ADA,1
VAN,ADB,1
VAN,ESB,1
VAN,IST,1
VAN,SAW,2
VAO,HIR,1
VAR,BEG,1
VAR,BOJ,1
VAR,BRU,1
VAR,DME,1
VAR,HAM,1
VAR,IST,1
VAR,LCA,1
VAR,LPL,1
VAR,LTN,1
VAR,LUX,1
VAR,PRG,1
VAR,SOF,1
VAR,SVO,1
VAR,VIE,2
VAR,WAW,1
VAR,ZRH,1
VAS,ADB,1
VAS,IST,1
VAS,SAW,2
VAW,BJF,1
VAW,KKN,1
VAW,VDS,1
VBP,MGZ,1
VBS,MUC,1
VBS,VRN,1
VBV,SUV,1
VBY,ARN,3
VBY,BMA,2
VBY,GSE,2
VBY,MMX,2
VCA,DAD,1
VCA,HAN,1
VCA,ICN,1
VCA,PQC,1
VCA,SGN,1
VCA,TPE,1
VCA,VCS,1
VCE,AMS,3
VCE,ARN,1
VCE,ATH,4
VCE,BCN,2
VCE,BHX,1
VCE,BIO,1
VCE,BOD,1
VCE,BRI,2
VCE,BRS,1
VCE,BRU,3
VCE,BSL,1
VCE,CDG,4
VCE,CGN,2
VCE,CMN,1
VCE,CPH,5
VCE,CTA,5
VCE,DBV,1
VCE,DOH,2
VCE,DUB,1
VCE,DUS,4
VCE,DXB,1
VCE,EDI,2
VCE,EIN,1
VCE,EWR,1
VCE,FCO,1
VCE,FRA,1
VCE,GVA,1
VCE,HAJ,1
VCE,HAM,3
VCE,ICN,1
VCE,IST,1
VCE,JFK,2
VCE,JTR,1
VCE,KIV,2
VCE,LBA,1
VCE,LCY,1
VCE,LED,2
VCE,LGW,4
VCE,LHR,2
VCE,LIL,1
VCE,LIS,2
VCE,LMP,1
VCE,LTN,1
VCE,LYS,3
VCE,MAD,2
VCE,MAN,4
VCE,MRS,3
VCE,MUC,2
VCE,NAP,2
VCE,NCE,3
VCE,NCL,1
VCE,NRT,1
VCE,NTE,2
VCE,OLB,1
VCE,ORY,2
VCE,OSL,1
VCE,PHL,2
VCE,PMO,3
VCE,PNL,1
VCE,PRG,4
VCE,REG,1
VCE,RIX,2
VCE,SEN,1
VCE,STR,3
VCE,SUF,2
VCE,SVO,2
VCE,SVQ,1
VCE,SXF,1
VCE,TIA,3
VCE,TLS,3
VCE,TLV,1
VCE,TUN,1
VCE,TXL,2
VCE,VIE,1
VCE,VKO,1
VCE,WAW,1
VCE,YUL,1
VCE,YYZ,1
VCE,ZRH,1
VCL,HAN,1
VCL,SGN,2
VCP,AJU,1
VCP,AQA,1
VCP,ARU,1
VCP,ASU,1
VCP,BEL,1
VCP,BOG,1
VCP,BPS,2
VCP,BSB,4
VCP,BYO,1
VCP,CAC,1
VCP,CCM,1
VCP,CCS,1
VCP,CFB,1
VCP,CGB,1
VCP,CGR,1
VCP,CLV,1
VCP,CMG,1
VCP,CNF,2
VCP,CWB,2
VCP,CXJ,1
VCP,DOU,1
VCP,DSS,1
VCP,EZE,3
VCP,FLL,1
VCP,FLN,1
VCP,FOR,1
VCP,FRA,1
VCP,GIG,3
VCP,GYN,1
VCP,IGU,1
VCP,IOS,1
VCP,IZA,1
VCP,JDO,1
VCP,JJD,1
VCP,JJG,1
VCP,JOI,1
VCP,JPA,1
VCP,JTC,1
VCP,LAJ,1
VCP,LDB,1
VCP,LIM,1
VCP,LIS,2
VCP,MAO,1
VCP,MCO,1
VCP,MCZ,2
VCP,MEA,1
VCP,MGF,1
VCP,MII,1
VCP,MVD,1
VCP,NAT,2
VCP,NVT,1
VCP,PFB,1
VCP,PGZ,1
VCP,PHB,1
VCP,PLU,1
VCP,PNZ,1
VCP,POA,1
VCP,PPB,1
VCP,RAO,1
VCP,REC,1
VCP,ROO,1
VCP,RVD,1
VCP,SCL,3
VCP,SDU,1
VCP,SJP,1
VCP,SSA,1
VCP,THE,1
VCP,TJL,1
VCP,UBA,1
VCP,UDI,1
VCP,VIX,1
VCP,XAP,1
VCS,SGN,1
VCS,VCA,1
VCT,IAH,1
VCV,HND,1
VDA,CDG,1
VDB,OSL,1
VDC,CNF,1
VDC,GRU,2
VDC,PLU,1
VDC,SSA,3
VDE,LPA,1
VDE,TFN,1
VDE,TFS,1
VDH,HAN,1
VDH,SGN,2
VDM,AEP,1
VDM,REL,1
VDO,DAD,1
VDO,SGN,1
VDS,ALF,1
VDS,BJF,1
VDS,HFT,1
VDS,KKN,1
VDS,MEH,1
VDS,TOS,1
VDS,VAW,1
VDZ,ANC,2
VEE,ARC,1
VEE,FYU,1
VEL,SLC,1
VER,CME,1
VER,CUN,2
VER,GDL,2
VER,IAH,1
VER,MEX,3
VER,MID,2
VER,MTY,3
VER,REX,1
VER,TAM,1
VER,TIJ,1
VER,VSA,2
VFA,BUQ,1
VFA,CPT,1
VFA,GBE,1
VFA,HRE,1
VFA,JNB,4
VFA,MUB,1
VFA,NBO,1
VFA,WDH,1
VGA,BLR,1
VGA,BOM,1
VGA,DEL,1
VGA,HYD,3
VGA,TIR,1
VGA,VTZ,1
VGO,BCN,2
VGO,BIO,1
VGO,CDG,3
VGO,MAD,4
VGO,TFS,1
VGO,VLC,1
VGZ,BOG,1
VHC,LAD,1
VHC,MEG,1
VHM,ARN,2
VHM,HMV,2
VIE,ACE,3
VIE,ACH,1
VIE,ADB,1
VIE,ADD,1
VIE,AGP,6
VIE,ALC,3
VIE,ALG,1
VIE,AMM,4
VIE,AMS,3
VIE,AOK,1
VIE,ARN,4
VIE,ATH,3
VIE,AYT,4
VIE,BCN,9
VIE,BDS,1
VIE,BEG,2
VIE,BER,1
VIE,BGY,1
VIE,BHX,2
VIE,BIO,1
VIE,BKK,3
VIE,BLL,2
VIE,BLQ,2
VIE,BOS,1
VIE,BRE,2
VIE,BRI,2
VIE,BRN,1
VIE,BRU,3
VIE,BSL,2
VIE,BUD,2
VIE,BVA,1
VIE,CAG,1
VIE,CAI,2
VIE,CDG,5
VIE,CFU,3
VIE,CGN,5
VIE,CHQ,3
VIE,CLJ,2
VIE,CMN,1
VIE,CPH,7
VIE,CPT,1
VIE,CTA,5
VIE,DBV,2
VIE,DEL,2
VIE,DLM,1
VIE,DME,5
VIE,DNK,2
VIE,DOH,1
VIE,DTM,1
VIE,DUB,2
VIE,DUS,4
VIE,DXB,2
VIE,EBL,1
VIE,EFL,1
VIE,ESB,2
VIE,EVN,3
VIE,EWR,1
VIE,FAO,2
VIE,FCO,9
VIE,FLR,6
VIE,FNC,4
VIE,FRA,7
VIE,FUE,3
VIE,GOT,1
VIE,GPA,1
VIE,GRZ,1
VIE,GVA,3
VIE,GYD,2
VIE,HAJ,4
VIE,HAM,6
VIE,HEL,2
VIE,HER,5
VIE,HND,1
VIE,HRG,2
VIE,HRK,3
VIE,IAD,2
VIE,IAS,2
VIE,IBZ,2
VIE,ICN,1
VIE,IKA,2
VIE,INI,1
VIE,INN,1
VIE,ISL,1
VIE,IST,3
VIE,JED,1
VIE,JFK,2
VIE,JMK,3
VIE,JSI,1
VIE,JTR,4
VIE,KBP,3
VIE,KEF,2
VIE,KGS,1
VIE,KIV,1
VIE,KLU,1
VIE,KLX,3
VIE,KRK,2
VIE,KRR,1
VIE,KSC,1
VIE,KVA,2
VIE,LAX,1
VIE,LCA,5
VIE,LED,4
VIE,LEJ,2
VIE,LGW,3
VIE,LHR,4
VIE,LIN,1
VIE,LIS,3
VIE,LJU,2
VIE,LNZ,1
VIE,LPA,5
VIE,LPL,1
VIE,LUX,2
VIE,LWO,2
VIE,LYS,2
VIE,MAD,6
VIE,MAH,1
VIE,MAN,2
VIE,MIA,1
VIE,MJT,1
VIE,MLA,5
VIE,MLE,1
VIE,MMX,1
VIE,MRU,1
VIE,MSQ,2
VIE,MUC,5
VIE,MXP,8
VIE,NAP,2
VIE,NCE,5
VIE,NRT,2
VIE,NUE,3
VIE,NYO,1
VIE,ODS,2
VIE,OHD,1
VIE,OLB,5
VIE,OPO,1
VIE,ORD,2
VIE,ORY,1
VIE,OSL,4
VIE,OTP,3
VIE,PEK,2
VIE,PMI,6
VIE,PMO,1
VIE,PRG,1
VIE,PRN,3
VIE,PVG,1
VIE,PVK,3
VIE,RAK,2
VIE,RHO,4
VIE,RIX,3
VIE,RMF,2
VIE,ROV,1
VIE,RTM,1
VIE,SAW,2
VIE,SBZ,2
VIE,SJJ,1
VIE,SKG,4
VIE,SKP,1
VIE,SMI,1
VIE,SOF,2
VIE,SPU,2
VIE,STN,1
VIE,STR,5
VIE,SUF,2
VIE,SVO,1
VIE,SVQ,1
VIE,SZG,3
VIE,TBS,2
VIE,TFS,6
VIE,TGD,2
VIE,TIA,2
VIE,TLL,1
VIE,TLV,4
VIE,TPE,3
VIE,TSE,2
VIE,TUN,1
VIE,TXL,5
VIE,URC,1
VIE,VAR,2
VIE,VCE,1
VIE,VKO,2
VIE,VLC,4
VIE,VNO,1
VIE,VOL,3
VIE,WAW,2
VIE,YUL,1
VIE,YYZ,3
VIE,ZAD,1
VIE,ZAG,2
VIE,ZAZ,1
VIE,ZRH,6
VIE,ZTH,3
VIG,CCS,2
VIG,PMV,1
VII,BMV,3
VII,DAD,1
VII,DLI,1
VII,HAN,1
VII,PXU,1
VII,SGN,3
VII,VTE,1
VIJ,SJU,3
VIJ,STT,1
VIL,AGA,1
VIL,CMN,1
VIL,EUN,1
VIL,LPA,1
VIN,TLV,1
VIS,LAX,1
VIX,BSB,2
VIX,CAW,1
VIX,CGH,3
VIX,CNF,2
VIX,GIG,2
VIX,GRU,3
VIX,POA,1
VIX,SDU,4
VIX,SSA,2
VIX,VCP,1
VKG,SGN,1
VKO,AER,5
VKO,AGP,1
VKO,ALA,1
VKO,ASF,1
VKO,AYT,4
VKO,BAX,1
VKO,BCN,1
VKO,BER,1
VKO,BGY,1
VKO,BHK,2
VKO,BKK,1
VKO,BTK,1
VKO,BTS,1
VKO,BUD,1
VKO,CEE,1
VKO,CEK,1
VKO,CGN,1
VKO,CIT,1
VKO,CSY,1
VKO,CUN,1
VKO,DLM,1
VKO,DUS,1
VKO,DWC,1
VKO,DXB,2
VKO,DYR,1
VKO,DYU,1
VKO,EGO,1
VKO,EIN,1
VKO,ESB,1
VKO,ESL,2
VKO,ETM,1
VKO,EVN,3
VKO,EYK,1
VKO,FCO,2
VKO,FEG,2
VKO,FKB,1
VKO,FMM,1
VKO,FRA,2
VKO,GOJ,1
VKO,GRO,1
VKO,GRV,1
VKO,GSV,1
VKO,GUW,1
VKO,GYD,1
VKO,HER,1
VKO,HKT,1
VKO,HMA,1
VKO,HRG,1
VKO,IEV,2
VKO,IGT,2
VKO,IKT,2
VKO,IST,3
VKO,JFK,1
VKO,KEJ,1
VKO,KGD,3
VKO,KGP,1
VKO,KJA,3
VKO,KLV,1
VKO,KRO,1
VKO,KRR,5
VKO,KSN,1
VKO,KSQ,1
VKO,KUF,3
VKO,KUT,1
VKO,KVX,3
VKO,KYZ,1
VKO,KZN,2
VKO,LAX,1
VKO,LCA,1
VKO,LED,5
VKO,LEJ,1
VKO,LHR,2
VKO,LWN,1
VKO,LWO,1
VKO,MAD,1
VKO,MCX,2
VKO,MIA,1
VKO,MLE,1
VKO,MMK,2
VKO,MRU,1
VKO,MRV,4
VKO,MSQ,1
VKO,MXP,1
VKO,NAJ,1
VKO,NAL,1
VKO,NBC,1
VKO,NCU,2
VKO,NER,1
VKO,NMA,1
VKO,NNM,1
VKO,NOJ,1
VKO,NSK,1
VKO,NUX,2
VKO,NVI,1
VKO,NYM,1
VKO,ODS,1
VKO,OGZ,2
VKO,OMS,1
VKO,ORY,2
VKO,OST,1
VKO,OVB,2
VKO,OVS,1
VKO,OZH,1
VKO,PEE,1
VKO,PEK,1
VKO,PES,1
VKO,PEZ,1
VKO,PFO,1
VKO,PKV,1
VKO,PMO,1
VKO,PSA,1
VKO,PWE,1
VKO,RGK,1
VKO,RIX,4
VKO,RMI,1
VKO,ROV,3
VKO,RTW,1
VKO,SAW,1
VKO,SBT,1
VKO,SCO,1
VKO,SCW,1
VKO,SEZ,1
VKO,SGC,2
VKO,SIP,1
VKO,SKD,2
VKO,SSH,1
VKO,STW,1
VKO,SVX,3
VKO,TAS,2
VKO,TBS,1
VKO,TBW,2
VKO,TIV,1
VKO,TJM,3
VKO,TLV,1
VKO,TMJ,1
VKO,TOF,1
VKO,TSE,1
VKO,TSF,1
VKO,TXL,3
VKO,UCT,2
VKO,UFA,2
VKO,UGC,1
VKO,ULV,3
VKO,URS,2
VKO,USK,1
VKO,UUD,1
VKO,VCE,1
VKO,VIE,2
VKO,VKT,1
VKO,VNO,1
VKO,VOG,1
VKO,VOZ,2
VKO,YKS,1
VKO,YYZ,1
VKT,DME,1
VKT,SCW,1
VLC,ACE,2
VLC,AGP,2
VLC,ALG,1
VLC,AMS,4
VLC,BCN,2
VLC,BGY,1
VLC,BIO,2
VLC,BLQ,1
VLC,BOD,1
VLC,BRI,1
VLC,BRS,1
VLC,BRU,3
VLC,BUD,1
VLC,BVA,1
VLC,CAG,1
VLC,CDG,2
VLC,CGN,1
VLC,CIA,1
VLC,CLJ,1
VLC,CMN,2
VLC,CRL,1
VLC,CTA,1
VLC,DME,1
VLC,DUB,1
VLC,DUS,2
VLC,EIN,2
VLC,EMA,1
VLC,FCO,3
VLC,FRA,3
VLC,FUE,1
VLC,GVA,2
VLC,HAM,1
VLC,HHN,1
VLC,IBZ,3
VLC,IEV,1
VLC,IST,1
VLC,KRK,1
VLC,LCG,1
VLC,LGW,1
VLC,LHR,1
VLC,LIS,4
VLC,LPA,3
VLC,LWO,1
VLC,MAD,3
VLC,MAH,2
VLC,MAN,1
VLC,MRS,1
VLC,MUC,1
VLC,MXP,2
VLC,NAP,1
VLC,NRN,1
VLC,NTE,2
VLC,OPO,1
VLC,ORY,3
VLC,OTP,1
VLC,OVD,2
VLC,PMI,6
VLC,PMO,1
VLC,PRG,2
VLC,PSA,1
VLC,RAK,1
VLC,RTM,1
VLC,SCQ,1
VLC,SDR,1
VLC,SOF,1
VLC,STN,1
VLC,STR,1
VLC,SVO,1
VLC,SVQ,3
VLC,SXF,1
VLC,TFN,2
VLC,TFS,2
VLC,TNG,1
VLC,TRN,1
VLC,TRS,1
VLC,TSF,1
VLC,TSR,1
VLC,VGO,1
VLC,VIE,2
VLC,WMI,1
VLC,ZRH,1
VLD,ATL,3
VLI,AKL,2
VLI,BNE,3
VLI,CCV,1
VLI,DLY,1
VLI,EAE,1
VLI,HIR,3
VLI,IPA,1
VLI,LNB,1
VLI,LNE,1
VLI,LPM,1
VLI,NOU,2
VLI,NUS,1
VLI,PBJ,1
VLI,SON,1
VLI,SWJ,1
VLI,SYD,2
VLI,TAH,1
VLI,TGH,1
VLI,VLS,1
VLL,BCN,3
VLL,LPA,1
VLL,PMI,1
VLN,AUA,3
VLN,BLA,2
VLN,CUR,1
VLN,MAR,3
VLN,MUN,1
VLN,PMV,3
VLN,PTY,2
VLN,PUJ,1
VLN,PZO,1
VLN,SDQ,1
VLS,VLI,1
VLV,CCS,2
VLY,CWL,1
VNO,AES,1
VNO,AMM,1
VNO,AMS,1
VNO,ARN,2
VNO,BCN,2
VNO,BFS,1
VNO,BGO,1
VNO,BGY,2
VNO,BLL,1
VNO,BRE,1
VNO,BRU,4
VNO,BVA,2
VNO,CDG,2
VNO,CHQ,1
VNO,CIA,1
VNO,CPH,2
VNO,CRL,1
VNO,DME,1
VNO,DSA,1
VNO,DTM,1
VNO,DUB,1
VNO,EIN,1
VNO,FCO,1
VNO,FNC,1
VNO,FRA,2
VNO,HEL,2
VNO,HER,1
VNO,IEV,2
VNO,IST,1
VNO,KBP,2
VNO,KEF,1
VNO,KUT,1
VNO,LCA,1
VNO,LCY,1
VNO,LED,1
VNO,LPL,1
VNO,LTN,1
VNO,LWO,1
VNO,MSQ,1
VNO,MUC,2
VNO,MXP,1
VNO,ORK,1
VNO,OSL,2
VNO,PRG,1
VNO,RIX,1
VNO,RYG,1
VNO,SEN,1
VNO,STN,1
VNO,SVG,1
VNO,SVO,1
VNO,TCP,1
VNO,TLL,4
VNO,TLV,1
VNO,TRF,1
VNO,TSF,1
VNO,TXL,2
VNO,VIE,1
VNO,VKO,1
VNO,WAW,2
VNS,AGR,1
VNS,BKK,1
VNS,BOM,1
VNS,CCU,3
VNS,CMB,1
VNS,DED,1
VNS,DEL,5
VNS,GAY,1
VNS,HJR,1
VNS,KTM,1
VNS,MAA,1
VNS,SHJ,1
VNX,BEW,1
VNX,INH,1
VNX,JNB,3
VNX,MPM,1
VOG,DME,1
VOG,DXB,1
VOG,DYU,1
VOG,EVN,1
VOG,KRR,1
VOG,LED,2
VOG,OGZ,1
VOG,ROV,1
VOG,SVO,1
VOG,TAS,1
VOG,UGC,1
VOG,VKO,1
VOL,AMS,1
VOL,CRL,1
VOL,HHN,1
VOL,MUC,1
VOL,VIE,3
VOZ,DME,3
VOZ,EVN,1
VOZ,IST,1
VOZ,KRR,1
VOZ,LED,2
VOZ,MUC,1
VOZ,SVO,1
VOZ,VKO,1
VPE,CBT,1
VPE,LAD,1
VPE,NOV,1
VPE,SDD,1
VPE,SPP,1
VPE,SVP,1
VPS,ATL,3
VPS,CLT,2
VPS,DCA,2
VPS,DFW,2
VPS,IAH,1
VPY,MPM,2
VPY,TET,1
VQS,SJU,5
VQS,STX,1
VRA,CUN,1
VRA,DME,1
VRA,DUS,2
VRA,FRA,1
VRA,SNU,2
VRA,WAW,1
VRA,YHZ,1
VRA,YUL,3
VRA,YYC,2
VRA,YYZ,3
VRC,MNL,1
VRN,AMS,1
VRN,BRI,1
VRN,CAG,1
VRN,CDG,2
VRN,CGN,2
VRN,CTA,3
VRN,DME,1
VRN,DUB,1
VRN,FCO,1
VRN,FRA,2
VRN,FUE,1
VRN,HAM,1
VRN,KIV,2
VRN,LGW,4
VRN,MAN,2
VRN,MUC,2
VRN,NAP,2
VRN,OLB,1
VRN,OTP,1
VRN,PMO,3
VRN,SUF,1
VRN,SVO,1
VRN,TFS,1
VRN,TIA,5
VRN,TXL,1
VRN,VBS,1
VSA,CUN,1
VSA,GDL,1
VSA,IAH,1
VSA,MEX,3
VSA,MID,3
VSA,MTY,1
VSA,PAZ,2
VSA,TAM,1
VSA,VER,2
VST,AGP,1
VST,ALC,1
VST,STN,1
VTE,BKK,5
VTE,CAN,2
VTE,CSX,1
VTE,CTU,1
VTE,CZX,1
VTE,HAN,2
VTE,HOE,1
VTE,ICN,2
VTE,KMG,2
VTE,KUL,1
VTE,LPQ,3
VTE,LXG,2
VTE,NEU,1
VTE,NNG,1
VTE,ODY,2
VTE,PCQ,1
VTE,PKZ,2
VTE,PNH,2
VTE,PUS,1
VTE,PVG,1
VTE,SIN,2
VTE,VII,1
VTE,XKH,2
VTE,ZVK,1
VTZ,BBI,1
VTZ,BLR,4
VTZ,BOM,3
VTZ,CCU,2
VTZ,DEL,1
VTZ,HYD,3
VTZ,IXZ,1
VTZ,MAA,2
VTZ,RJA,1
VTZ,RPR,1
VTZ,SIN,3
VTZ,VGA,1
VUP,BOG,2
VUS,CEE,1
VVC,BOG,3
VVC,LMC,1
VVC,MVP,2
VVC,PCR,1
VVC,PDA,1
VVI,ASU,2
VVI,BOG,1
VVI,CBB,2
VVI,CIJ,1
VVI,EZE,2
VVI,GRU,3
VVI,IQQ,1
VVI,LIM,3
VVI,LPB,3
VVI,MAD,2
VVI,MIA,3
VVI,PTY,1
VVI,SCL,1
VVI,SLA,1
VVI,SRE,3
VVI,TDD,1
VVI,TJA,3
VVI,UYU,1
VVO,BKK,1
VVO,BQS,2
VVO,CGQ,1
VVO,CTS,1
VVO,CXR,1
VVO,DME,1
VVO,FNJ,1
VVO,GDX,1
VVO,HKG,3
VVO,HRB,2
VVO,ICN,6
VVO,IKT,2
VVO,KHV,4
VVO,KIX,1
VVO,KJA,2
VVO,MDG,1
VVO,NRT,3
VVO,OVB,2
VVO,PEK,4
VVO,PKC,3
VVO,PUS,3
VVO,PVG,1
VVO,SVO,2
VVO,TLY,1
VVO,UUS,3
VVO,YKS,3
VVO,YNJ,1
VXC,APL,1
VXC,BEW,1
VXC,TET,1
VXE,CDG,1
VXE,LIS,2
VXE,RAI,1
VXE,SID,1
VXE,SNE,1
VXO,ALC,1
VXO,AMS,2
VXO,ARN,2
VXO,BMA,2
VXO,OSL,1
WAA,KTS,1
WAA,OME,2
WAA,SHH,1
WAE,JED,1
WAE,RUH,1
WAG,AKL,1
WAT,BHX,1
WAT,MAN,1
WAW,AGP,1
WAW,ALC,1
WAW,AMS,2
WAW,ARN,2
WAW,ATH,2
WAW,BCN,5
WAW,BEG,2
WAW,BER,1
WAW,BEY,1
WAW,BGO,1
WAW,BGY,1
WAW,BHX,1
WAW,BLL,2
WAW,BRU,2
WAW,BUD,2
WAW,BVA,1
WAW,BZG,1
WAW,CDG,2
WAW,CGN,1
WAW,CLJ,1
WAW,CPH,3
WAW,CRL,1
WAW,CTA,1
WAW,CUN,1
WAW,DBV,2
WAW,DEL,1
WAW,DME,1
WAW,DOH,1
WAW,DSA,1
WAW,DUB,1
WAW,DUS,3
WAW,DXB,2
WAW,EDI,1
WAW,EIN,1
WAW,EVN,1
WAW,EWR,1
WAW,FAO,1
WAW,FCO,2
WAW,FRA,3
WAW,GDN,1
WAW,GLA,1
WAW,GOT,1
WAW,GSE,1
WAW,GVA,2
WAW,HAJ,1
WAW,HAM,2
WAW,HEL,2
WAW,HRG,1
WAW,HRK,2
WAW,ICN,1
WAW,IEG,1
WAW,IEV,1
WAW,IST,2
WAW,JFK,1
WAW,KBP,2
WAW,KEF,1
WAW,KGD,1
WAW,KIV,1
WAW,KRK,1
WAW,KSC,1
WAW,KTW,1
WAW,KUN,1
WAW,KUT,1
WAW,LAX,1
WAW,LCA,2
WAW,LCY,1
WAW,LED,1
WAW,LHR,5
WAW,LIN,1
WAW,LIS,2
WAW,LJU,2
WAW,LPL,1
WAW,LTN,1
WAW,LUX,1
WAW,LUZ,1
WAW,LWO,1
WAW,LYS,1
WAW,MAD,1
WAW,MIA,1
WAW,MLA,1
WAW,MMX,1
WAW,MSQ,2
WAW,MUC,2
WAW,MXP,2
WAW,NCE,1
WAW,NRT,1
WAW,NUE,1
WAW,NYO,1
WAW,ODS,1
WAW,ORD,1
WAW,OSL,2
WAW,OTP,3
WAW,OZH,1
WAW,PEK,2
WAW,PKX,1
WAW,POZ,1
WAW,PRG,3
WAW,RAK,1
WAW,RIX,3
WAW,RMF,1
WAW,RZE,1
WAW,SIN,1
WAW,SKP,1
WAW,SOF,2
WAW,SPU,2
WAW,SSH,1
WAW,STR,1
WAW,SVG,1
WAW,SVO,2
WAW,SZZ,1
WAW,TBS,1
WAW,TGD,1
WAW,TIA,1
WAW,TLL,2
WAW,TLV,3
WAW,TRF,1
WAW,TSE,1
WAW,TXL,2
WAW,VAR,1
WAW,VCE,1
WAW,VIE,3
WAW,VNO,2
WAW,WRO,2
WAW,YYZ,2
WAW,ZAD,1
WAW,ZAG,1
WAW,ZRH,2
WBB,KOT,1
WBB,OME,2
WBB,SMK,2
WBB,UNK,2
WBM,POM,1
WBQ,FAI,1
WBQ,SVS,1
WDH,ACC,1
WDH,ADD,1
WDH,CPT,3
WDH,DOH,1
WDH,FRA,3
WDH,GBE,1
WDH,HLE,1
WDH,HRE,1
WDH,JNB,6
WDH,LAD,3
WDH,LOS,1
WDH,LUD,1
WDH,LUN,2
WDH,MUB,1
WDH,OMD,1
WDH,SDD,1
WDH,VFA,1
WDH,WVB,1
WDS,CAN,1
WDS,CSX,1
WDS,CTU,1
WDS,FUO,1
WDS,KWE,1
WDS,KWL,1
WDS,LHW,1
WDS,NKG,1
WDS,PEK,1
WDS,PKX,1
WDS,SHA,1
WDS,SJW,1
WDS,TAO,1
WDS,TNA,1
WDS,WUH,1
WDS,XMN,1
WDS,ZUH,1
WEF,CAN,1
WEF,DLC,1
WEF,HGH,1
WEF,NGB,1
WEF,PEK,1
WEF,PVG,1
WEF,SHE,1
WEF,YKH,1
WEH,CAN,1
WEH,CGQ,1
WEH,CJJ,1
WEH,HFE,1
WEH,HGH,1
WEH,HRB,2
WEH,ICN,3
WEH,MDG,1
WEH,NGB,1
WEH,NKG,1
WEH,PEK,2
WEH,PKX,1
WEH,PVG,1
WEH,SHA,1
WEH,TAE,1
WEH,TNA,1
WEH,TPE,1
WEH,WUH,1
WEH,XIY,1
WEH,XMN,1
WEH,YNJ,1
WEH,YYA,1
WEI,CNS,2
WEI,IRG,1
WGA,ABX,1
WGA,MEL,1
WGA,SYD,2
WGN,CGO,1
WGP,DPS,1
WHK,AKL,1
WIC,ABZ,1
WIC,EDI,1
WIL,ASV,3
WIL,ILU,1
WIL,JJM,1
WIL,JRO,2
WIL,KEU,2
WIL,KTJ,2
WIL,KTL,2
WIL,LAU,3
WIL,LKG,1
WIL,LOK,1
WIL,LOY,1
WIL,MRE,3
WIL,NYK,2
WIL,OLX,2
WIL,UAS,2
WIL,UKA,3
WIL,WJR,1
WIL,ZNZ,1
WIN,LRE,1
WIN,TSV,1
WJR,HGA,1
WJR,MGQ,1
WJR,NBO,3
WJR,WIL,1
WJU,CJU,1
WKJ,CTS,1
WKJ,HND,1
WLG,AKL,2
WLG,BHE,2
WLG,BNE,2
WLG,CHC,2
WLG,DUD,2
WLG,GIS,1
WLG,HLZ,1
WLG,IVC,1
WLG,MEL,6
WLG,NPE,1
WLG,NPL,1
WLG,NSN,3
WLG,OOL,1
WLG,PCN,1
WLG,PMR,1
WLG,ROT,1
WLG,SYD,5
WLG,TIU,1
WLG,TRG,1
WLG,TUO,2
WLG,WRE,1
WLG,WSZ,2
WLG,ZQN,2
WLH,SON,1
WLK,OTZ,2
WLP,BME,1
WLP,BQB,1
WLP,BYP,1
WLS,FUT,1
WLS,NOU,1
WMI,ALC,1
WMI,AMM,1
WMI,ATH,1
WMI,BCN,1
WMI,BGY,1
WMI,BHX,1
WMI,BLQ,1
WMI,BRS,1
WMI,BVA,1
WMI,CGN,1
WMI,CHQ,1
WMI,CIA,1
WMI,CRL,1
WMI,DUB,1
WMI,EIN,1
WMI,EMA,1
WMI,GDN,1
WMI,GLA,1
WMI,GOT,1
WMI,KBP,1
WMI,LBA,1
WMI,LPL,1
WMI,LWO,1
WMI,MAN,1
WMI,MRS,1
WMI,NYO,1
WMI,PIK,1
WMI,PMI,1
WMI,PSA,1
WMI,RYG,1
WMI,SKG,1
WMI,SNN,1
WMI,STN,1
WMI,TPS,1
WMI,WRO,1
WMN,ANM,1
WMN,SVB,2
WMN,TMM,1
WMN,TNR,1
WMO,GLV,2
WMO,OME,2
WMR,TMM,1
WMT,CAN,1
WMT,CSX,1
WMT,HAK,1
WMT,HGH,1
WMT,KHN,1
WMT,KMG,2
WMT,LHW,1
WMT,NKG,1
WMT,PEK,1
WMT,SHA,1
WMT,SJW,1
WMT,SZX,1
WMT,TNA,1
WMT,TSN,1
WMT,TYN,1
WMT,WUH,1
WMT,XIY,1
WMT,XMN,1
WMX,DJJ,1
WNA,PKA,1
WNH,KMG,2
WNH,NNG,1
WNN,KIF,1
WNN,SUR,1
WNN,YXL,1
WNP,MNL,2
WNR,BVI,2
WNR,ULP,2
WNZ,BAR,1
WNZ,BHY,1
WNZ,BKK,1
WNZ,CAN,6
WNZ,CGO,4
WNZ,CGQ,4
WNZ,CJU,1
WNZ,CKG,7
WNZ,CSX,4
WNZ,CTU,4
WNZ,DAD,1
WNZ,DLC,1
WNZ,DYG,1
WNZ,FUG,1
WNZ,FUO,1
WNZ,HAK,2
WNZ,HDG,1
WNZ,HFE,1
WNZ,HIA,1
WNZ,HKG,3
WNZ,HRB,2
WNZ,ICN,1
WNZ,JNG,1
WNZ,KHN,1
WNZ,KIX,1
WNZ,KMG,4
WNZ,KOS,1
WNZ,KWE,8
WNZ,KWL,3
WNZ,LFQ,1
WNZ,LHW,1
WNZ,LYG,2
WNZ,LYI,1
WNZ,LZH,1
WNZ,LZO,1
WNZ,MFM,1
WNZ,MIG,1
WNZ,NAY,2
WNZ,NNG,2
WNZ,NTG,1
WNZ,PEK,4
WNZ,PKX,1
WNZ,PVG,4
WNZ,SHA,3
WNZ,SHE,2
WNZ,SJW,1
WNZ,SYX,4
WNZ,SZX,4
WNZ,TAO,4
WNZ,TNA,2
WNZ,TPE,1
WNZ,TSA,1
WNZ,TSN,2
WNZ,TXN,1
WNZ,TYN,2
WNZ,WUH,4
WNZ,WUZ,1
WNZ,XAI,1
WNZ,XFN,1
WNZ,XIY,6
WNZ,YCU,1
WNZ,YIH,1
WNZ,YNT,2
WNZ,ZUH,4
WRE,AKL,1
WRE,WLG,1
WRG,JNU,1
WRG,KTN,1
WRG,PSG,1
WRL,CYS,3
WRO,AGP,1
WRO,ALC,1
WRO,AMS,1
WRO,BGY,1
WRO,BHX,1
WRO,BLQ,1
WRO,BRS,1
WRO,BRU,1
WRO,BVA,1
WRO,CDG,2
WRO,CHQ,1
WRO,CIA,1
WRO,CPH,1
WRO,DSA,1
WRO,DUB,1
WRO,DUS,2
WRO,EMA,1
WRO,FRA,2
WRO,GDN,1
WRO,GLA,1
WRO,GRO,1
WRO,HRK,1
WRO,KBP,1
WRO,KEF,1
WRO,LPL,1
WRO,LTN,1
WRO,MAN,1
WRO,MLA,1
WRO,MUC,2
WRO,NCL,1
WRO,ODS,2
WRO,ORK,1
WRO,PIK,1
WRO,RYG,1
WRO,SNN,1
WRO,STN,1
WRO,TCP,1
WRO,TLV,1
WRO,TRF,1
WRO,WAW,1
WRO,WMI,1
WRO,ZRH,2
WRY,KOI,1
WRY,PPW,1
WSK,CAN,1
WSK,CKG,1
WSK,YNT,1
WSN,CLP,1
WSN,DLG,1
WSN,EGX,1
WSX,DHB,1
WSX,LPS,1
WSZ,WLG,1
WTB,BNE,1
WTB,CTL,1
WTB,HKG,1
WTB,MEL,1
WTB,SGO,1
WTB,TSV,1
WTK,KVL,2
WTK,OTZ,1
WTL,BET,1
WTL,KKH,1
WUA,BAV,1
WUA,HET,2
WUA,INC,1
WUA,NAY,2
WUA,PEK,3
WUA,PKX,1
WUA,XIY,1
WUH,ANC,1
WUH,AQG,1
WUH,BAR,2
WUH,BAV,2
WUH,BHY,2
WUH,BKK,1
WUH,CAN,5
WUH,CDG,1
WUH,CGQ,3
WUH,CIH,2
WUH,CKG,7
WUH,CNX,1
WUH,CTU,7
WUH,DAT,1
WUH,DLC,5
WUH,DLU,1
WUH,DMK,1
WUH,DPS,1
WUH,DSN,2
WUH,DXB,1
WUH,ENH,4
WUH,FCO,1
WUH,FOC,4
WUH,HAK,4
WUH,HET,4
WUH,HGH,5
WUH,HIA,1
WUH,HKG,4
WUH,HKT,1
WUH,HPG,3
WUH,HRB,2
WUH,HUZ,1
WUH,HYN,2
WUH,ICN,3
WUH,INC,4
WUH,IST,1
WUH,JFK,1
WUH,JJN,4
WUH,JNZ,1
WUH,KHH,2
WUH,KHN,1
WUH,KIX,3
WUH,KMG,8
WUH,KWE,5
WUH,KWL,1
WUH,LFQ,1
WUH,LHR,1
WUH,LHW,5
WUH,LJG,3
WUH,LPF,1
WUH,LXA,1
WUH,LYG,1
WUH,LYI,2
WUH,LZH,1
WUH,LZO,1
WUH,MDL,1
WUH,MFM,3
WUH,MIG,1
WUH,NGB,2
WUH,NGO,1
WUH,NNG,9
WUH,NRT,2
WUH,NTG,1
WUH,PEK,5
WUH,PUS,1
WUH,PVG,5
WUH,PZI,1
WUH,RGN,1
WUH,RIZ,1
WUH,SFO,1
WUH,SGN,1
WUH,SHA,4
WUH,SHE,3
WUH,SIN,4
WUH,SVO,1
WUH,SWA,2
WUH,SYD,1
WUH,SYX,4
WUH,SZX,4
WUH,TAO,6
WUH,TCZ,1
WUH,TEN,1
WUH,TNA,4
WUH,TPE,3
WUH,TSA,1
WUH,TSN,5
WUH,TYN,4
WUH,URC,4
WUH,UYN,1
WUH,WDS,3
WUH,WEH,1
WUH,WMT,1
WUH,WNZ,5
WUH,WUX,2
WUH,XFN,1
WUH,XIY,5
WUH,XMN,8
WUH,XNN,5
WUH,YBP,1
WUH,YCU,1
WUH,YIW,1
WUH,YNT,4
WUH,YNZ,2
WUH,YTY,2
WUH,ZHA,3
WUH,ZUH,3
WUH,ZYI,1
WUS,CAN,2
WUS,CKG,2
WUS,HKG,1
WUS,NNG,1
WUS,PEK,2
WUS,SHA,1
WUS,TAO,2
WUS,TNA,2
WUS,XIY,1
WUS,XMN,3
WUT,INC,1
WUT,PVG,1
WUT,XNN,1
WUX,CAN,4
WUX,CKG,4
WUX,CSX,2
WUX,CTS,1
WUX,CTU,4
WUX,CXR,1
WUX,DLC,4
WUX,DYG,1
WUX,FOC,3
WUX,HKG,2
WUX,HRB,1
WUX,HUZ,1
WUX,INC,1
WUX,JGS,1
WUX,JJN,1
WUX,KHH,2
WUX,KIX,2
WUX,KMG,1
WUX,LHW,1
WUX,MFM,2
WUX,NGO,2
WUX,NNG,1
WUX,PEK,3
WUX,RMQ,2
WUX,SHE,4
WUX,SIN,2
WUX,SYX,4
WUX,SZX,4
WUX,TAO,2
WUX,TEN,1
WUX,TPE,4
WUX,TYN,1
WUX,WUH,2
WUX,XIY,3
WUX,XMN,4
WUX,YCU,1
WUX,YNT,1
WUX,ZUH,2
WUZ,CKG,1
WUZ,CSX,1
WUZ,FOC,1
WUZ,KWE,1
WUZ,NNG,1
WUZ,PKX,1
WUZ,WNZ,1
WUZ,ZUH,1
WVB,CPT,3
WVB,JNB,3
WVB,OND,1
WVB,WDH,1
WWI,PER,1
WWK,HGU,2
WWK,MAG,2
WWK,POM,1
WWK,VAI,1
WWP,NKI,1
WWT,BET,2
WWT,NME,1
WXN,CAN,2
WXN,CTU,1
WXN,KMG,1
WXN,NGB,1
WXN,NKG,2
WXN,PEK,1
WXN,PVG,2
WXN,SZX,2
WXN,TSN,1
WXN,XIY,2
WXN,XMN,2
WYA,ADL,2
WYS,SLC,1
XAI,CKG,1
XAI,CTU,1
XAI,FOC,1
XAI,FUO,1
XAI,HGH,1
XAI,KMG,1
XAI,KWL,1
XAI,LHW,1
XAI,NGB,1
XAI,PKX,1
XAI,SHA,1
XAI,SWA,1
XAI,TAO,1
XAI,TNA,1
XAI,WNZ,1
XAI,XIY,1
XAI,YCU,1
XAI,YNT,1
XAP,CWB,1
XAP,FLN,2
XAP,GRU,1
XAP,POA,1
XAP,VCP,1
XBE,MSA,1
XBE,YAX,1
XBE,YTL,1
XBE,YXL,1
XBE,ZPB,2
XBJ,MHD,1
XBJ,THR,1
XCH,CCK,1
XCH,LEA,1
XCH,PER,1
XCR,MAD,1
XCR,OPO,1
XCR,RAK,1
XEQ,QUV,1
XFN,BHY,1
XFN,CAN,1
XFN,CGO,1
XFN,CKG,1
XFN,CSX,1
XFN,FUO,1
XFN,HGH,1
XFN,HUZ,1
XFN,KMG,1
XFN,NAY,2
XFN,PEK,2
XFN,PKX,1
XFN,PVG,1
XFN,SHE,1
XFN,SZX,3
XFN,WUH,2
XFN,XIY,1
XFN,XMN,1
XFN,ZUH,1
XFW,TLS,1
XGR,YVP,1
XIC,CAN,1
XIC,CKG,2
XIC,CTU,3
XIC,KMG,1
XIC,LZY,1
XIC,MIG,1
XIC,PEK,1
XIC,PVG,1
XIL,HET,4
XIL,NAY,2
XIL,PEK,2
XIL,PKX,1
XIY,AAT,2
XIY,AKL,1
XIY,AKU,2
XIY,AQG,1
XIY,AVA,2
XIY,BAV,3
XIY,BFJ,1
XIY,BHY,3
XIY,BKI,1
XIY,BKK,1
XIY,BPE,1
XIY,BPL,1
XIY,BPX,1
XIY,BSD,2
XIY,CAN,5
XIY,CDE,1
XIY,CDG,1
XIY,CGD,1
XIY,CGQ,2
XIY,CJU,2
XIY,CKG,10
XIY,CNX,1
XIY,CSX,10
XIY,CTU,8
XIY,CXR,1
XIY,CZX,1
XIY,DAT,3
XIY,DCY,1
XIY,DIG,1
XIY,DLC,7
XIY,DLU,2
XIY,DMK,1
XIY,DNH,3
XIY,DOY,2
XIY,DPS,1
XIY,DQA,1
XIY,DSN,3
XIY,DXB,1
XIY,DYG,2
XIY,ENH,2
XIY,ENY,3
XIY,FCO,1
XIY,FOC,5
XIY,FUG,1
XIY,GOQ,1
XIY,GXH,1
XIY,GYU,3
XIY,HAK,3
XIY,HAN,1
XIY,HEL,1
XIY,HET,4
XIY,HFE,7
XIY,HGH,7
XIY,HIA,2
XIY,HJJ,2
XIY,HKG,3
XIY,HKT,2
XIY,HMI,1
XIY,HNY,1
XIY,HRB,7
XIY,HTN,1
XIY,HUZ,2
XIY,HYN,2
XIY,ICN,3
XIY,INC,9
XIY,IQN,1
XIY,JDZ,3
XIY,JGN,2
XIY,JGS,1
XIY,JIC,2
XIY,JIQ,2
XIY,JJN,1
XIY,JNG,1
XIY,JUH,1
XIY,JZH,1
XIY,KCA,1
XIY,KHG,1
XIY,KHN,8
XIY,KIX,1
XIY,KMG,8
XIY,KOW,1
XIY,KRL,3
XIY,KRY,2
XIY,KTM,1
XIY,KWE,9
XIY,KWL,10
XIY,LAX,1
XIY,LED,1
XIY,LHR,1
XIY,LHW,6
XIY,LJG,6
XIY,LLV,1
XIY,LNL,1
XIY,LPF,1
XIY,LUM,2
XIY,LXA,3
XIY,LYG,2
XIY,LYI,2
XIY,LZH,2
XIY,LZO,1
XIY,LZY,1
XIY,MAD,1
XIY,MEL,1
XIY,MFM,2
XIY,MIG,1
XIY,NAO,2
XIY,NGB,3
XIY,NGO,1
XIY,NKG,8
XIY,NNG,7
XIY,NRT,2
XIY,NTG,1
XIY,PEK,5
XIY,PRG,1
XIY,PUS,1
XIY,PVG,9
XIY,PZI,1
XIY,QSZ,1
XIY,RGN,1
XIY,RIZ,1
XIY,RKZ,1
XIY,RLK,1
XIY,SHA,5
XIY,SHE,6
XIY,SIN,1
XIY,SJW,5
XIY,SWA,2
XIY,SYD,1
XIY,SYX,6
XIY,SZX,6
XIY,TAO,8
XIY,TCZ,1
XIY,TEN,1
XIY,TGO,1
XIY,THQ,2
XIY,TLQ,2
XIY,TNA,9
XIY,TPE,5
XIY,TSN,7
XIY,TVS,1
XIY,TXN,1
XIY,TYN,2
XIY,URC,10
XIY,USM,1
XIY,UYN,6
XIY,WDS,1
XIY,WEF,1
XIY,WEH,2
XIY,WMT,1
XIY,WNZ,6
XIY,WUA,2
XIY,WUH,5
XIY,WUS,1
XIY,WUT,1
XIY,WUX,3
XIY,WXN,2
XIY,XAI,1
XIY,XIC,1
XIY,XMN,8
XIY,XNN,10
XIY,XUZ,1
XIY,YBP,1
XIY,YIC,1
XIY,YIH,2
XIY,YIN,1
XIY,YIW,3
XIY,YNT,4
XIY,YNZ,1
XIY,YTY,2
XIY,YZY,2
XIY,ZHA,3
XIY,ZHY,2
XIY,ZUH,5
XIY,ZYI,1
XKH,LPQ,1
XKH,VTE,1
XKS,YAX,1
XKS,YTL,1
XKS,YXL,1
XLB,XTL,1
XLB,YBT,1
XMH,AHE,1
XMH,PPT,1
XMH,RGI,1
XMN,AMS,3
XMN,AQG,2
XMN,BKI,1
XMN,BKK,3
XMN,CAN,7
XMN,CEB,1
XMN,CGD,1
XMN,CGK,3
XMN,CGO,5
XMN,CGQ,2
XMN,CIH,1
XMN,CJU,1
XMN,CKG,7
XMN,CSX,8
XMN,CTU,6
XMN,CZX,2
XMN,DAD,1
XMN,DAT,1
XMN,DLC,2
XMN,DPS,1
XMN,FOC,1
XMN,FUG,1
XMN,HAK,3
XMN,HDG,1
XMN,HET,1
XMN,HFE,7
XMN,HGH,5
XMN,HIA,1
XMN,HKG,5
XMN,HRB,1
XMN,HSN,4
XMN,ICN,2
XMN,INC,1
XMN,JDZ,2
XMN,JGS,1
XMN,JIU,2
XMN,JNG,2
XMN,JUH,2
XMN,JUZ,2
XMN,KHH,3
XMN,KHN,5
XMN,KIX,1
XMN,KMG,8
XMN,KOW,1
XMN,KUL,3
XMN,KWE,4
XMN,KWL,6
XMN,LAX,1
XMN,LYG,1
XMN,LZH,2
XMN,LZO,1
XMN,MEL,1
XMN,MFM,4
XMN,MNL,4
XMN,NAY,2
XMN,NGB,3
XMN,NKG,10
XMN,NNG,6
XMN,NNY,1
XMN,NRT,4
XMN,NTG,3
XMN,PEK,7
XMN,PKX,1
XMN,PNH,1
XMN,PVG,6
XMN,REP,1
XMN,RGN,1
XMN,RIZ,2
XMN,RMQ,2
XMN,SFO,1
XMN,SGN,1
XMN,SHA,7
XMN,SHE,3
XMN,SIN,4
XMN,SJW,2
XMN,SYD,1
XMN,SYX,5
XMN,SZX,4
XMN,TAO,5
XMN,TNA,5
XMN,TPE,3
XMN,TSA,3
XMN,TSN,6
XMN,TXN,3
XMN,TYN,3
XMN,WDS,2
XMN,WEH,1
XMN,WMT,1
XMN,WUH,7
XMN,WUS,3
XMN,WUX,3
XMN,WXN,2
XMN,XFN,1
XMN,XIY,7
XMN,XUZ,2
XMN,YBP,1
XMN,YIC,1
XMN,YIH,2
XMN,YIW,1
XMN,YNT,3
XMN,YNZ,2
XMN,YTY,3
XMN,YVR,1
XMN,ZHA,2
XMN,ZUH,4
XMN,ZYI,1
XMS,TNW,1
XMY,CNC,1
XMY,SYU,1
XNA,ATL,5
XNA,CLT,2
XNA,CVG,1
XNA,DCA,1
XNA,DEN,1
XNA,DFW,2
XNA,DTW,1
XNA,EWR,1
XNA,IAH,1
XNA,IND,1
XNA,LAS,1
XNA,LAX,2
XNA,LGA,3
XNA,MIA,1
XNA,MSP,2
XNA,ORD,3
XNA,PHL,1
XNA,SFB,1
XNH,IKA,1
XNH,MHD,1
XNN,BHY,1
XNN,BKK,1
XNN,CAN,2
XNN,CGO,6
XNN,CKG,7
XNN,CSX,1
XNN,CTU,5
XNN,DNH,1
XNN,DSN,1
XNN,DYG,1
XNN,GMQ,1
XNN,GOQ,2
XNN,HAK,1
XNN,HDG,1
XNN,HFE,1
XNN,HGH,1
XNN,HIA,2
XNN,HRB,1
XNN,HXD,1
XNN,INC,1
XNN,KMG,2
XNN,KWE,1
XNN,KWL,1
XNN,LXA,3
XNN,LYA,1
XNN,LZO,1
XNN,MIG,1
XNN,NKG,2
XNN,PEK,5
XNN,PKX,3
XNN,PVG,2
XNN,SHE,1
XNN,SJW,1
XNN,SZX,1
XNN,TAO,1
XNN,TLQ,1
XNN,TSN,1
XNN,TYN,1
XNN,URC,5
XNN,WUH,5
XNN,WUT,1
XNN,XIY,9
XNN,YNT,1
XNN,YUS,3
XNN,ZHY,1
XNN,ZYI,1
XQP,PMZ,1
XQP,SJO,3
XRY,AGP,1
XRY,BCN,3
XRY,BIO,1
XRY,BRN,1
XRY,CGN,1
XRY,DUS,3
XRY,FRA,2
XRY,HAJ,1
XRY,HAM,2
XRY,HHN,1
XRY,LUX,1
XRY,MAD,1
XRY,MUC,3
XRY,PMI,2
XRY,STN,1
XRY,STR,2
XRY,SXF,1
XRY,ZRH,1
XSB,AZI,1
XSB,DXB,1
XSC,GDT,1
XSC,PLS,1
XSP,SZB,1
XTG,CMA,1
XUZ,BAR,1
XUZ,CAN,1
XUZ,CKG,2
XUZ,CSX,2
XUZ,CTU,2
XUZ,DLC,2
XUZ,FOC,2
XUZ,HKG,1
XUZ,HRB,1
XUZ,HUZ,1
XUZ,INC,1
XUZ,JJN,1
XUZ,KHH,1
XUZ,KIX,1
XUZ,KMG,1
XUZ,KWE,3
XUZ,LJG,1
XUZ,LYG,1
XUZ,MIG,1
XUZ,SHA,1
XUZ,SHE,1
XUZ,SWA,1
XUZ,SZX,1
XUZ,TPE,3
XUZ,WNZ,1
XUZ,XMN,3
XWA,MSP,1
YAA,QBC,1
YAA,YVR,1
YAB,YFB,1
YAB,YRB,1
YAC,YXL,1
YAC,ZRJ,2
YAG,YQK,1
YAG,YQT,1
YAK,CDV,1
YAK,JNU,1
YAK,SEA,1
YAM,GTF,1
YAM,YQT,1
YAM,YSB,1
YAM,YTZ,1
YAM,YYZ,2
YAP,GUM,1
YAP,ROR,1
YAT,YMO,1
YAT,YPO,1
YAT,ZKE,1
YAX,KIF,1
YAX,WNN,1
YAX,XBE,1
YAX,YTL,1
YAY,YBX,1
YAY,YDF,1
YAY,YYR,1
YAY,YYT,1
YBC,YQB,2
YBC,YUL,1
YBC,YWK,1
YBC,YYY,2
YBG,YHU,1
YBG,YQB,1
YBG,YUL,1
YBG,YZV,1
YBK,YCS,2
YBK,YRT,2
YBK,YUT,1
YBK,YXN,1
YBL,YQQ,3
YBL,YVR,3
YBL,ZEL,1
YBP,CAN,2
YBP,CSX,1
YBP,KMG,1
YBP,KWL,1
YBP,NKG,1
YBP,NNG,1
YBP,PEK,2
YBP,PVG,1
YBP,SYX,1
YBP,SZX,2
YBP,TAO,1
YBP,TYN,1
YBP,WUH,1
YBP,XIY,1
YBP,XMN,1
YBR,YYC,1
YBX,YAY,1
YBX,YIF,1
YBX,YYR,1
YCB,YCO,2
YCB,YHK,2
YCB,YYH,1
YCB,YZF,2
YCD,YVR,2
YCD,YYC,2
YCG,YVR,1
YCG,YYC,1
YCL,YHZ,1
YCL,YWK,1
YCO,YCB,2
YCO,YHI,1
YCO,YZF,2
YCS,YBK,2
YCS,YRT,3
YCS,YZS,1
YCU,CAN,2
YCU,CKG,2
YCU,CSX,2
YCU,CTU,2
YCU,HAK,1
YCU,HFE,1
YCU,HGH,2
YCU,HRB,2
YCU,INC,1
YCU,JJN,1
YCU,KHN,1
YCU,KMG,3
YCU,KWE,1
YCU,LHW,2
YCU,NKG,3
YCU,NNG,1
YCU,PEK,2
YCU,PVG,2
YCU,SHE,1
YCU,SYX,2
YCU,SZX,2
YCU,TAO,3
YCU,TNA,1
YCU,TSN,3
YCU,TYN,1
YCU,URC,2
YCU,WNZ,1
YCU,WUH,1
YCU,WUX,1
YCU,XAI,1
YCU,ZUH,1
YCY,YFB,2
YCY,YIO,2
YDA,YEV,1
YDA,YOC,1
YDF,YHZ,1
YDF,YJT,1
YDF,YYR,2
YDF,YYT,2
YDF,YYZ,2
YDP,YNP,2
YDP,YYR,2
YDQ,YVR,1
YDQ,YYE,1
YEG,AMS,1
YEG,AZA,1
YEG,CUN,3
YEG,DEN,2
YEG,DFW,1
YEG,EWR,2
YEG,HUX,1
YEG,IAH,2
YEG,KEF,1
YEG,LAS,4
YEG,LAX,3
YEG,LHR,2
YEG,MCO,2
YEG,MSP,1
YEG,ORD,2
YEG,PHX,3
YEG,PSP,1
YEG,PVR,3
YEG,SEA,1
YEG,SFO,2
YEG,SJD,2
YEG,YFI,1
YEG,YHM,2
YEG,YHY,1
YEG,YHZ,1
YEG,YLW,3
YEG,YMM,4
YEG,YOJ,1
YEG,YOP,1
YEG,YOW,2
YEG,YPY,1
YEG,YQQ,1
YEG,YQR,2
YEG,YQU,2
YEG,YSM,1
YEG,YUL,2
YEG,YVR,5
YEG,YWG,5
YEG,YXE,2
YEG,YXJ,1
YEG,YXS,1
YEG,YXU,1
YEG,YXX,3
YEG,YXY,1
YEG,YYC,5
YEG,YYJ,1
YEG,YYZ,3
YEG,YZF,5
YEI,DIY,1
YEI,ERZ,1
YEI,ESB,1
YEI,GZT,1
YEI,MSR,1
YEI,TZX,1
YEK,YRT,2
YEK,YXN,3
YEK,YYQ,2
YER,YAX,1
YER,YTL,1
YER,YXL,1
YES,THR,1
YEV,YGH,1
YEV,YHI,1
YEV,YPC,1
YEV,YSY,1
YEV,YUB,1
YEV,YVQ,2
YEV,ZFM,1
YFA,YMO,1
YFA,ZKE,1
YFB,YAB,1
YFB,YCY,2
YFB,YGT,2
YFB,YIO,1
YFB,YLC,1
YFB,YOW,2
YFB,YRT,3
YFB,YTE,2
YFB,YUX,2
YFB,YVP,1
YFB,YXP,2
YFC,YHZ,1
YFC,YOW,1
YFC,YUL,1
YFC,YYZ,3
YFH,YLH,1
YFH,YOG,1
YFH,YPL,1
YFH,YQT,1
YFH,YWP,1
YFI,YEG,1
YFI,YXE,1
YFI,YYC,1
YFJ,YZF,1
YFO,YQD,2
YFO,YTH,1
YFO,YWG,1
YFS,YZF,2
YGH,YEV,1
YGH,YVQ,1
YGJ,CTS,1
YGJ,HND,2
YGJ,ICN,2
YGJ,NRT,1
YGJ,OKA,1
YGJ,UKB,1
YGK,YYZ,1
YGL,YGW,1
YGL,YPX,1
YGL,YUL,1
YGP,YGR,1
YGP,YQB,1
YGR,YGP,1
YGR,YQB,1
YGR,YVB,1
YGT,YFB,2
YGT,YIO,1
YGT,YUX,2
YGV,YPN,1
YGV,YZV,2
YGW,YGL,1
YGW,YKU,1
YGW,YPH,1
YGW,YSK,1
YGW,YUD,1
YGW,YUL,1
YGW,YUY,1
YGX,YTH,1
YGX,YWG,1
YGZ,YRB,1
YHD,YAG,1
YHD,YQK,1
YHD,YQT,1
YHD,YRL,1
YHD,YXL,1
YHI,YCO,1
YHI,YEV,1
YHI,YSY,1
YHK,YCB,1
YHK,YYH,2
YHK,YZF,1
YHM,CUN,1
YHM,FLL,1
YHM,LAS,1
YHM,MBJ,1
YHM,MCO,1
YHM,PVR,1
YHM,TPA,1
YHM,YEG,2
YHM,YHZ,2
YHM,YQM,1
YHM,YUL,1
YHM,YWG,1
YHM,YXX,1
YHM,YYC,1
YHM,YYZ,1
YHO,YMN,1
YHO,YNP,2
YHO,YSO,1
YHP,YNO,1
YHP,YRL,1
YHR,YIF,2
YHR,YNA,2
YHR,ZGS,1
YHR,ZTB,1
YHU,YBG,1
YHU,YQB,1
YHU,YVO,1
YHU,YZV,1
YHY,YEG,1
YHY,YSM,1
YHY,YZF,1
YHZ,ANC,1
YHZ,AZS,1
YHZ,BOS,2
YHZ,CCC,1
YHZ,CUN,2
YHZ,DCA,2
YHZ,EWR,1
YHZ,FLL,1
YHZ,FRA,1
YHZ,FSP,1
YHZ,LGA,2
YHZ,LHR,2
YHZ,MBJ,1
YHZ,MCO,3
YHZ,ORD,2
YHZ,PHL,2
YHZ,PUJ,2
YHZ,TPA,1
YHZ,YCL,1
YHZ,YDF,1
YHZ,YEG,1
YHZ,YFC,1
YHZ,YHM,2
YHZ,YOW,3
YHZ,YQM,1
YHZ,YQX,2
YHZ,YQY,2
YHZ,YSJ,1
YHZ,YUL,3
YHZ,YWG,1
YHZ,YYC,1
YHZ,YYG,1
YHZ,YYR,1
YHZ,YYT,4
YHZ,YYZ,3
YIA,BDJ,2
YIA,BPN,1
YIA,CGK,1
YIA,DPS,2
YIA,HLP,1
YIA,PKY,1
YIA,PLM,2
YIA,TKG,1
YIA,UPG,2
YIC,CAN,1
YIC,HAK,1
YIC,KMG,1
YIC,NKG,1
YIC,PEK,2
YIC,SHA,1
YIC,SZX,2
YIC,TAO,1
YIE,HET,1
YIE,HLD,1
YIE,HRB,1
YIE,NZH,1
YIE,PKX,1
YIF,YBX,2
YIF,YHR,2
YIF,ZGS,1
YIF,ZLT,2
YIH,BAV,1
YIH,CAN,3
YIH,CKG,3
YIH,CTU,2
YIH,DLC,1
YIH,HAK,1
YIH,HGH,1
YIH,HKG,1
YIH,HUZ,1
YIH,HYN,1
YIH,KMG,3
YIH,KWE,1
YIH,KWL,1
YIH,NGB,1
YIH,NKG,1
YIH,PEK,5
YIH,PVG,1
YIH,SHA,2
YIH,SWA,1
YIH,SYX,1
YIH,SZX,4
YIH,TNA,1
YIH,TXN,1
YIH,TYN,1
YIH,WNZ,1
YIH,WUT,1
YIH,XIY,1
YIH,XMN,2
YIK,AKV,1
YIK,YZG,1
YIN,AAT,1
YIN,AKU,1
YIN,CTU,2
YIN,KCA,1
YIN,KHG,1
YIN,KRY,1
YIN,NKG,1
YIN,SHF,1
YIN,TCG,2
YIN,TLQ,1
YIN,URC,2
YIN,XIY,1
YIO,YCY,2
YIO,YGT,1
YIV,YRS,1
YIV,YST,1
YIW,CAN,1
YIW,CGO,1
YIW,CGQ,1
YIW,CKG,2
YIW,CTU,2
YIW,DMK,1
YIW,HKG,1
YIW,HRB,1
YIW,JJN,1
YIW,KMG,2
YIW,LYI,1
YIW,PEK,3
YIW,SHE,1
YIW,SJW,1
YIW,SWA,2
YIW,SZX,1
YIW,TAO,1
YIW,TPE,1
YIW,TSN,1
YIW,URC,1
YIW,WUH,1
YIW,XIY,3
YIW,XMN,1
YIW,ZUH,1
YJT,YDF,1
YKA,YVR,2
YKA,YXS,1
YKA,YYC,2
YKF,ORD,2
YKF,YYC,1
YKG,YPJ,1
YKG,YQC,1
YKG,YVP,1
YKH,HRB,1
YKH,MDG,1
YKH,NKG,1
YKH,PKX,1
YKH,PVG,1
YKL,YQB,1
YKL,YVP,1
YKL,YWK,2
YKL,YZV,1
YKM,PDX,1
YKM,SEA,1
YKO,ESB,1
YKO,IST,1
YKQ,YKU,1
YKQ,YMO,1
YKQ,YMT,1
YKQ,YNS,1
YKQ,YVO,1
YKQ,ZEM,1
YKS,BQJ,1
YKS,BQS,1
YKS,CKH,2
YKS,CYX,2
YKS,DME,2
YKS,GDX,2
YKS,HRB,1
YKS,HTA,1
YKS,ICN,1
YKS,IKS,2
YKS,IKT,3
YKS,KHV,1
YKS,KJA,1
YKS,LED,1
YKS,MJZ,2
YKS,MQJ,2
YKS,NER,2
YKS,NYR,1
YKS,OLZ,1
YKS,OVB,2
YKS,PEK,2
YKS,PWE,1
YKS,PYJ,2
YKS,SUK,1
YKS,SUY,1
YKS,SVO,1
YKS,UKG,1
YKS,ULK,3
YKS,UUD,1
YKS,VKO,1
YKS,VVO,3
YKS,ZIX,1
YKS,ZKP,1
YKT,ZEL,1
YKU,YGW,1
YKU,YKQ,1
YKU,YMT,1
YKU,YNC,1
YKU,YVO,1
YKU,ZEM,1
YLC,YFB,1
YLE,YZF,1
YLH,SUR,1
YLH,YFH,1
YLH,YWP,1
YLL,YYC,2
YLW,LAS,1
YLW,LAX,2
YLW,PHX,1
YLW,PVR,1
YLW,SEA,1
YLW,SJD,1
YLW,YEG,2
YLW,YQF,1
YLW,YVR,3
YLW,YXC,1
YLW,YXS,1
YLW,YXX,1
YLW,YXY,1
YLW,YYC,2
YLW,YYJ,1
YLW,YYZ,2
YMM,DEN,2
YMM,YEG,3
YMM,YPY,1
YMM,YQF,1
YMM,YVR,1
YMM,YYC,2
YMM,YYZ,2
YMN,YHO,1
YMN,YRG,1
YMN,YSO,2
YMO,YFA,1
YMO,YKQ,1
YMO,YTS,1
YMT,YKQ,1
YMT,YKU,1
YMT,YNS,1
YMT,YUL,1
YNA,YHR,1
YNA,YZV,2
YNA,ZGS,2
YNA,ZKG,1
YNB,CAI,4
YNB,DMM,1
YNB,DXB,1
YNB,IST,1
YNB,JED,1
YNB,RUH,1
YNB,SHJ,1
YNC,YKU,1
YNC,ZEM,1
YNE,YCR,1
YNG,MYR,1
YNG,PGD,1
YNG,PIE,1
YNG,SFB,1
YNJ,CGQ,1
YNJ,CJJ,1
YNJ,DLC,2
YNJ,ICN,5
YNJ,KIX,1
YNJ,NGB,1
YNJ,PEK,3
YNJ,PUS,2
YNJ,PVG,2
YNJ,TAO,3
YNJ,VVO,1
YNJ,WEH,1
YNJ,YNT,1
YNJ,YNZ,1
YNO,YHP,1
YNO,YRL,1
YNO,YVZ,1
YNO,ZSJ,1
YNP,YDP,2
YNP,YHO,2
YNS,YKQ,1
YNS,YMT,1
YNT,BAV,1
YNT,CAN,4
YNT,CGO,2
YNT,CGQ,5
YNT,CHG,1
YNT,CKG,1
YNT,CSX,2
YNT,CTU,4
YNT,DDG,1
YNT,DLC,2
YNT,DQA,2
YNT,DSN,1
YNT,DYG,1
YNT,FOC,1
YNT,FSZ,1
YNT,FUK,1
YNT,HET,1
YNT,HFE,3
YNT,HGH,3
YNT,HKG,2
YNT,HRB,6
YNT,HSN,1
YNT,HUZ,1
YNT,HYN,1
YNT,ICN,5
YNT,INC,1
YNT,JJN,1
YNT,JMU,2
YNT,JNZ,1
YNT,JXA,1
YNT,KHN,1
YNT,KIX,2
YNT,KMG,1
YNT,LHW,1
YNT,LYI,2
YNT,MDG,2
YNT,NGB,1
YNT,NGO,1
YNT,NKG,4
YNT,PEK,4
YNT,PKX,1
YNT,PVG,3
YNT,SHA,4
YNT,SHE,5
YNT,SJW,2
YNT,SWA,1
YNT,SZX,2
YNT,TNA,2
YNT,TPE,1
YNT,TSN,2
YNT,TYN,2
YNT,WNZ,3
YNT,WSK,1
YNT,WUH,4
YNT,WUX,1
YNT,XAI,1
YNT,XIY,4
YNT,XMN,2
YNT,XNN,1
YNT,XUZ,1
YNT,YKH,1
YNT,YNJ,1
YNT,YNZ,1
YNY,CJU,1
YNY,KKJ,1
YNY,PUS,1
YNY,PVG,1
YNZ,CAN,1
YNZ,CGQ,1
YNZ,CSX,1
YNZ,DLC,1
YNZ,DMK,1
YNZ,DQA,1
YNZ,HKG,1
YNZ,HRB,2
YNZ,ICN,2
YNZ,KHN,1
YNZ,KWE,1
YNZ,KWL,1
YNZ,NKG,1
YNZ,NTG,1
YNZ,PEK,2
YNZ,PKX,1
YNZ,SHA,2
YNZ,SHE,2
YNZ,SZX,1
YNZ,TPE,3
YNZ,WUH,2
YNZ,XIY,1
YNZ,XMN,2
YNZ,YNJ,1
YNZ,YNT,1
YNZ,ZUH,1
YOG,YFH,1
YOJ,YEG,1
YOJ,YOP,1
YOJ,YXJ,1
YOL,ABV,1
YON,GLU,1
YOP,YEG,1
YOP,YOJ,1
YOW,BOS,2
YOW,CLT,2
YOW,CUN,2
YOW,DCA,1
YOW,DTW,1
YOW,EWR,2
YOW,FLL,1
YOW,FRA,2
YOW,IAD,2
YOW,LGA,3
YOW,LHR,2
YOW,MCO,2
YOW,ORD,2
YOW,PHL,2
YOW,PUJ,1
YOW,RSW,1
YOW,TPA,1
YOW,YEG,2
YOW,YFB,3
YOW,YFC,2
YOW,YHZ,3
YOW,YQB,1
YOW,YQM,2
YOW,YSJ,1
YOW,YTZ,1
YOW,YUL,1
YOW,YVR,2
YOW,YWG,2
YOW,YXU,1
YOW,YYC,2
YOW,YYT,2
YOW,YYZ,3
YOW,YZF,1
YPC,YEV,1
YPH,YPX,1
YPH,YUD,1
YPH,YVP,1
YPJ,YKG,1
YPJ,YTQ,1
YPJ,YVP,1
YPL,SUR,1
YPL,XKS,1
YPL,YQT,1
YPL,YWP,1
YPM,YHP,1
YPM,YNO,1
YPM,YRL,1
YPM,YVZ,1
YPM,YXL,1
YPM,ZSJ,1
YPN,YGV,1
YPN,YZV,1
YPO,YAT,1
YPR,YVR,2
YPW,YVR,1
YPX,AKV,1
YPX,YGL,1
YPX,YPH,1
YPX,YVP,1
YPX,YZG,1
YPY,YMM,1
YPY,YSM,1
YQB,CDG,1
YQB,CUN,2
YQB,EWR,1
YQB,FLL,1
YQB,ORD,2
YQB,PHL,2
YQB,PUJ,1
YQB,SNU,1
YQB,VRA,2
YQB,YBC,2
YQB,YGP,1
YQB,YGR,1
YQB,YHU,1
YQB,YKL,1
YQB,YOW,1
YQB,YTZ,1
YQB,YUL,4
YQB,YVB,1
YQB,YVR,1
YQB,YWK,1
YQB,YYY,1
YQB,YYZ,2
YQB,YZV,4
YQC,YKG,1
YQC,YWB,1
YQD,YFO,2
YQD,YTH,1
YQD,YWG,2
YQF,YLW,1
YQF,YMM,1
YQF,YYC,1
YQG,YTZ,1
YQG,YUL,1
YQG,YYC,1
YQG,YYZ,1
YQK,YAG,1
YQK,YHD,1
YQK,YWG,1
YQL,YYC,2
YQM,EWR,1
YQM,MCO,2
YQM,YHM,1
YQM,YHZ,1
YQM,YOW,2
YQM,YUL,1
YQM,YYZ,2
YQQ,PVR,1
YQQ,YBL,2
YQQ,YEG,1
YQQ,YVR,4
YQQ,YYC,1
YQR,DEN,2
YQR,LAS,1
YQR,MSP,1
YQR,ORD,2
YQR,PHX,1
YQR,PVR,1
YQR,YEG,2
YQR,YVR,2
YQR,YWG,2
YQR,YYC,2
YQR,YYZ,2
YQT,YAG,1
YQT,YAM,1
YQT,YFH,1
YQT,YSB,1
YQT,YTS,1
YQT,YTZ,1
YQT,YWG,3
YQT,YWP,1
YQT,YXL,2
YQT,YYZ,2
YQU,YEG,2
YQU,YYC,2
YQX,YAY,1
YQX,YDF,1
YQX,YHZ,2
YQX,YYR,2
YQX,YYT,1
YQY,YHZ,2
YQY,YYZ,1
YQZ,YVR,2
YQZ,YWL,2
YRA,YZF,1
YRB,YAB,1
YRB,YGZ,1
YRG,YMN,2
YRG,YYR,1
YRL,KEW,1
YRL,YHD,1
YRL,YHP,1
YRL,YNO,1
YRL,YPM,1
YRL,YVZ,1
YRL,YWG,1
YRL,YXL,2
YRL,ZSJ,1
YRQ,CMH,1
YRQ,YYZ,1
YRT,YBK,3
YRT,YCS,3
YRT,YEK,3
YRT,YFB,2
YRT,YTH,1
YRT,YUT,2
YRT,YWG,2
YRT,YXN,2
YRT,YYQ,2
YRT,YZF,3
YRT,YZS,2
YSB,YAM,1
YSB,YOW,1
YSB,YQT,1
YSB,YTS,1
YSB,YTZ,1
YSB,YYB,1
YSB,YYZ,1
YSG,YZF,1
YSJ,YHZ,1
YSJ,YUL,1
YSJ,YYZ,1
YSK,YGW,1
YSK,YUD,1
YSK,YWG,1
YSM,YEG,1
YSM,YHY,1
YSM,YPY,1
YSM,YZF,1
YSO,YHO,2
YSO,YMN,2
YSO,YYR,1
YSY,YEV,1
YSY,YHI,1
YTE,YFB,2
YTE,YZS,1
YTH,XLB,1
YTH,XSI,1
YTH,XTL,1
YTH,YBT,1
YTH,YFO,1
YTH,YGO,1
YTH,YGT,1
YTH,YGX,1
YTH,YOH,1
YTH,YQD,1
YTH,YWG,1
YTH,YYQ,2
YTH,ZAC,1
YTH,ZGI,1
YTH,ZTM,1
YTL,XBE,1
YTL,XKS,1
YTL,YER,1
YTL,YXL,1
YTM,YYZ,1
YTQ,YPJ,1
YTQ,YVP,1
YTS,YAT,1
YTS,YMO,1
YTS,YSB,1
YTS,YTZ,1
YTS,YYU,1
YTS,YYZ,1
YTY,BHY,1
YTY,CAN,2
YTY,CGO,1
YTY,CGQ,1
YTY,CJU,1
YTY,CKG,2
YTY,CSX,1
YTY,CTU,1
YTY,DDG,1
YTY,DLC,2
YTY,FOC,1
YTY,HKG,1
YTY,HRB,2
YTY,ICN,1
YTY,INC,1
YTY,KIX,1
YTY,KMG,1
YTY,KWE,1
YTY,LJG,1
YTY,LYA,1
YTY,MFM,1
YTY,NNG,1
YTY,PEK,2
YTY,PKX,1
YTY,SHE,1
YTY,SYX,1
YTY,SZX,1
YTY,WUH,2
YTY,XIY,2
YTY,XMN,2
YTY,ZUH,1
YTZ,BOS,1
YTZ,EWR,2
YTZ,IAD,1
YTZ,MDW,1
YTZ,MYR,1
YTZ,YAM,1
YTZ,YOW,1
YTZ,YQB,1
YTZ,YQG,1
YTZ,YQT,1
YTZ,YSB,1
YTZ,YTS,1
YTZ,YUL,2
YUB,YEV,1
YUD,YGW,1
YUD,YPH,1
YUD,YSK,1
YUL,ADZ,1
YUL,AGP,1
YUL,ALG,2
YUL,AMM,3
YUL,AMS,2
YUL,ANU,2
YUL,ATH,2
YUL,ATL,3
YUL,AZS,2
YUL,BCN,2
YUL,BDL,2
YUL,BGI,1
YUL,BOD,1
YUL,BOG,1
YUL,BOS,2
YUL,BRU,4
YUL,BSL,1
YUL,BWI,1
YUL,CCC,4
YUL,CDG,6
YUL,CLT,2
YUL,CMN,2
YUL,CMW,1
YUL,CUN,3
YUL,CUR,1
YUL,CYO,1
YUL,CZM,1
YUL,DCA,3
YUL,DEL,1
YUL,DEN,2
YUL,DFW,4
YUL,DOH,1
YUL,DTW,4
YUL,DUB,1
YUL,EWR,2
YUL,FCO,2
YUL,FDF,1
YUL,FLL,3
YUL,FRA,2
YUL,FSP,1
YUL,GRU,1
YUL,GVA,4
YUL,HAV,1
YUL,HOG,4
YUL,IAD,2
YUL,IAH,2
YUL,IST,1
YUL,JFK,6
YUL,LAS,2
YUL,LAX,2
YUL,LGA,6
YUL,LGW,1
YUL,LHR,6
YUL,LIM,1
YUL,LIR,1
YUL,LIS,3
YUL,LYS,2
YUL,MAD,1
YUL,MBJ,3
YUL,MCO,2
YUL,MEX,1
YUL,MIA,4
YUL,MRS,1
YUL,MSP,2
YUL,MSY,1
YUL,MUC,2
YUL,MZJ,1
YUL,NAS,1
YUL,NCE,2
YUL,NRT,1
YUL,NTE,1
YUL,OPO,1
YUL,ORD,6
YUL,ORY,1
YUL,PAP,2
YUL,PBI,1
YUL,PEK,1
YUL,PHL,3
YUL,PHX,1
YUL,PIT,1
YUL,PLS,1
YUL,POP,2
YUL,PTP,1
YUL,PTY,1
YUL,PUJ,3
YUL,PVG,1
YUL,PVR,2
YUL,RDU,1
YUL,RSW,1
YUL,SEA,1
YUL,SFO,2
YUL,SJO,1
YUL,SJU,1
YUL,SNU,4
YUL,SXM,1
YUL,TLS,2
YUL,TLV,1
YUL,TPA,1
YUL,TUN,1
YUL,UVF,1
YUL,VCE,1
YUL,VIE,1
YUL,VRA,3
YUL,YBC,1
YUL,YBG,1
YUL,YEG,2
YUL,YFC,1
YUL,YGL,1
YUL,YGW,1
YUL,YHM,1
YUL,YHZ,3
YUL,YMT,1
YUL,YOW,1
YUL,YQB,4
YUL,YQG,1
YUL,YQM,1
YUL,YSJ,1
YUL,YTZ,2
YUL,YUY,2
YUL,YVO,2
YUL,YVP,1
YUL,YVR,4
YUL,YWG,2
YUL,YWK,1
YUL,YXU,1
YUL,YYC,3
YUL,YYG,1
YUL,YYT,1
YUL,YYY,1
YUL,YYZ,8
YUL,YZV,2
YUL,ZBF,1
YUL,ZIH,1
YUL,ZRH,2
YUL,ZSA,1
YUM,DFW,1
YUM,LAX,1
YUM,PHX,2
YUS,XNN,2
YUT,YBK,1
YUT,YRT,1
YUT,YZS,1
YUX,YFB,2
YUX,YGT,2
YUX,YTE,1
YUY,YGW,1
YUY,YUL,2
YUY,YVO,2
YVB,YGR,1
YVB,YYY,1
YVB,ZBF,1
YVM,YXP,2
YVO,YHU,1
YVO,YKQ,1
YVO,YKU,1
YVO,YUL,2
YVO,YUY,2
YVP,XGR,1
YVP,YFB,1
YVP,YGW,1
YVP,YKG,1
YVP,YKL,1
YVP,YPH,1
YVP,YPJ,1
YVP,YPX,1
YVP,YTQ,1
YVP,YUL,1
YVQ,YEV,2
YVQ,YGH,1
YVQ,YZF,2
YVQ,ZFN,1
YVR,AKL,2
YVR,AMS,2
YVR,ATL,1
YVR,BNE,1
YVR,CAN,1
YVR,CDG,1
YVR,CUN,5
YVR,DEL,1
YVR,DEN,2
YVR,DFW,4
YVR,EWR,3
YVR,FRA,3
YVR,HKG,2
YVR,HND,2
YVR,HNL,3
YVR,HUX,1
YVR,IAH,1
YVR,ICN,3
YVR,JFK,1
YVR,KOA,2
YVR,LAS,4
YVR,LAX,5
YVR,LGW,1
YVR,LHR,6
YVR,LIH,2
YVR,MAN,1
YVR,MCO,1
YVR,MEL,1
YVR,MEX,3
YVR,MNL,1
YVR,MSP,1
YVR,MUC,2
YVR,MZT,1
YVR,NKG,1
YVR,NRT,4
YVR,OGG,2
YVR,ORD,5
YVR,PDX,4
YVR,PEK,2
YVR,PHX,4
YVR,PSP,2
YVR,PVG,3
YVR,PVR,3
YVR,QBC,1
YVR,SAN,2
YVR,SEA,5
YVR,SFO,3
YVR,SHE,1
YVR,SJC,1
YVR,SJD,2
YVR,SLC,1
YVR,SMF,1
YVR,SNA,2
YVR,SYD,2
YVR,TPE,3
YVR,VRA,1
YVR,XMN,1
YVR,YAA,1
YVR,YAZ,1
YVR,YBL,4
YVR,YCD,2
YVR,YCG,1
YVR,YDQ,1
YVR,YEG,3
YVR,YKA,2
YVR,YLW,3
YVR,YMM,1
YVR,YOW,1
YVR,YPR,2
YVR,YPW,1
YVR,YQB,1
YVR,YQQ,4
YVR,YQR,2
YVR,YQZ,2
YVR,YUL,4
YVR,YWG,2
YVR,YWL,3
YVR,YXC,3
YVR,YXE,2
YVR,YXJ,2
YVR,YXS,3
YVR,YXT,3
YVR,YXY,2
YVR,YYC,3
YVR,YYD,2
YVR,YYF,1
YVR,YYJ,3
YVR,YYZ,4
YVR,YZF,1
YVR,YZP,1
YVR,YZT,2
YVR,YZZ,1
YVR,ZEL,1
YVR,ZIH,1
YVR,ZMT,2
YVR,ZRH,1
YVZ,YHP,1
YVZ,YNO,2
YVZ,ZSJ,2
YWB,YQC,1
YWB,YZG,1
YWG,ANC,1
YWG,CUN,2
YWG,DEN,2
YWG,FLL,1
YWG,LAS,2
YWG,MBJ,1
YWG,MCO,2
YWG,MSP,1
YWG,ORD,2
YWG,PHX,1
YWG,PSP,1
YWG,PVR,1
YWG,SJD,1
YWG,YBV,1
YWG,YCR,1
YWG,YEG,4
YWG,YFO,2
YWG,YGO,1
YWG,YGX,1
YWG,YHM,1
YWG,YIV,1
YWG,YNE,1
YWG,YOH,1
YWG,YOW,2
YWG,YPM,1
YWG,YQD,2
YWG,YQK,1
YWG,YQR,2
YWG,YQT,2
YWG,YRL,1
YWG,YRS,1
YWG,YRT,3
YWG,YSK,1
YWG,YST,1
YWG,YTH,1
YWG,YUL,3
YWG,YVR,2
YWG,YVZ,1
YWG,YXE,2
YWG,YXU,1
YWG,YXX,2
YWG,YYC,2
YWG,YYQ,2
YWG,YYZ,2
YWG,ZGI,1
YWG,ZGR,1
YWG,ZPB,1
YWG,ZSJ,1
YWG,ZTM,1
YWH,CXH,1
YWH,LKE,1
YWJ,YZF,1
YWJ,ZFN,1
YWK,YBC,1
YWK,YBG,1
YWK,YCL,1
YWK,YDF,1
YWK,YKL,2
YWK,YUL,1
YWK,YVB,1
YWK,YYR,2
YWK,YYY,1
YWK,YZV,5
YWK,ZUM,1
YWL,YQZ,2
YWL,YVR,3
YWP,XKS,1
YWP,YLH,1
YWP,YPL,1
YXC,YLW,1
YXC,YVR,3
YXC,YYC,2
YXE,CUN,1
YXE,DEN,2
YXE,LAS,1
YXE,MSP,1
YXE,ORD,1
YXE,PHX,1
YXE,PVR,1
YXE,YEG,2
YXE,YFI,1
YXE,YLW,1
YXE,YVR,2
YXE,YWG,2
YXE,YYC,2
YXE,YYZ,2
YXH,YYC,2
YXJ,YEG,1
YXJ,YVR,2
YXJ,YXS,1
YXJ,YYC,1
YXJ,YYE,1
YXL,KIF,1
YXL,MSA,1
YXL,SUR,1
YXL,WNN,1
YXL,XBE,3
YXL,XKS,1
YXL,YAC,2
YXL,YAG,1
YXL,YAX,1
YXL,YER,1
YXL,YFH,1
YXL,YHD,1
YXL,YNO,2
YXL,YPL,1
YXL,YPM,2
YXL,YQT,2
YXL,YRL,2
YXL,YTL,1
YXL,YVC,1
YXL,YVZ,1
YXL,YWG,1
YXL,YWP,1
YXL,ZPB,3
YXL,ZRJ,3
YXL,ZSJ,3
YXN,YEK,2
YXN,YRT,3
YXP,YFB,2
YXP,YVM,2
YXS,YDQ,1
YXS,YEG,1
YXS,YKA,1
YXS,YLW,1
YXS,YVR,3
YXS,YXJ,1
YXS,YXT,1
YXS,YYC,2
YXS,YYD,1
YXS,YYE,1
YXT,YVR,3
YXT,YXS,1
YXT,YYD,1
YXU,CUN,1
YXU,LAS,1
YXU,MCO,1
YXU,ORD,2
YXU,YEG,1
YXU,YOW,1
YXU,YUL,1
YXU,YWG,1
YXU,YXX,1
YXU,YYC,1
YXU,YYZ,2
YXX,LAS,1
YXX,MZT,1
YXX,PVR,1
YXX,YEG,2
YXX,YHM,1
YXX,YVR,1
YXX,YWG,2
YXX,YXU,1
YXX,YYC,1
YXY,FRA,1
YXY,YDA,1
YXY,YEG,1
YXY,YLW,1
YXY,YVR,2
YXY,YYC,1
YXY,YYJ,1
YXY,YZF,1
YYA,HGH,1
YYA,KMG,1
YYA,NNG,1
YYA,PKX,1
YYA,PVG,1
YYB,YKF,1
YYB,YSB,1
YYB,YTA,1
YYB,YTS,1
YYB,YYZ,1
YYC,AMS,3
YYC,ANC,1
YYC,ATL,1
YYC,AUS,1
YYC,AZA,1
YYC,BNA,1
YYC,CDG,1
YYC,CUN,3
YYC,DEN,3
YYC,DFW,4
YYC,EWR,1
YYC,FLL,1
YYC,FRA,4
YYC,GLA,1
YYC,HUX,1
YYC,IAH,3
YYC,JFK,3
YYC,LAS,4
YYC,LAX,4
YYC,LGW,2
YYC,LHR,6
YYC,LIR,1
YYC,LTO,1
YYC,MAN,1
YYC,MBJ,1
YYC,MCO,1
YYC,MSP,1
YYC,MZT,1
YYC,NRT,2
YYC,OGG,2
YYC,ORD,5
YYC,PDX,3
YYC,PHX,4
YYC,PSP,2
YYC,PUJ,1
YYC,PVR,3
YYC,SAN,2
YYC,SEA,2
YYC,SFO,3
YYC,SJD,2
YYC,SLC,1
YYC,VRA,2
YYC,YBR,1
YYC,YCD,2
YYC,YCG,1
YYC,YEG,6
YYC,YFI,1
YYC,YHM,1
YYC,YHZ,2
YYC,YKA,2
YYC,YKF,1
YYC,YLL,2
YYC,YLW,2
YYC,YMM,2
YYC,YOW,2
YYC,YQF,1
YYC,YQG,1
YYC,YQL,2
YYC,YQQ,1
YYC,YQR,2
YYC,YQU,2
YYC,YUL,3
YYC,YVR,4
YYC,YWG,3
YYC,YXC,2
YYC,YXE,2
YYC,YXH,2
YYC,YXJ,1
YYC,YXS,2
YYC,YXT,1
YYC,YXU,1
YYC,YXX,2
YYC,YYF,1
YYC,YYJ,2
YYC,YYZ,4
YYC,YZF,2
YYC,ZIH,1
YYC,ZLO,1
YYC,ZRH,1
YYD,YVR,2
YYD,YXS,1
YYD,YXT,1
YYE,YDQ,1
YYE,YXJ,1
YYE,YXS,1
YYF,YVR,1
YYF,YYC,1
YYG,YHZ,2
YYG,YUL,1
YYG,YYZ,2
YYH,YBB,1
YYH,YCB,1
YYH,YHK,2
YYH,YZF,1
YYJ,CUN,1
YYJ,LAS,1
YYJ,PVR,1
YYJ,SEA,1
YYJ,SFO,2
YYJ,YEG,1
YYJ,YLW,2
YYJ,YVR,3
YYJ,YXS,1
YYJ,YYC,2
YYJ,YYZ,2
YYQ,YEK,2
YYQ,YRT,2
YYQ,YTH,2
YYQ,YWG,3
YYR,YAY,1
YYR,YBX,1
YYR,YDF,2
YYR,YDP,2
YYR,YHZ,1
YYR,YNP,1
YYR,YQX,2
YYR,YRG,2
YYR,YSO,1
YYR,YWK,2
YYR,YYT,2
YYR,ZUM,1
YYT,EWR,1
YYT,FSP,1
YYT,LHR,2
YYT,MCO,2
YYT,YAY,1
YYT,YDF,2
YYT,YHZ,4
YYT,YJT,1
YYT,YOW,2
YYT,YQX,2
YYT,YUL,1
YYT,YWK,1
YYT,YYR,2
YYT,YYZ,2
YYU,YQT,1
YYU,YTS,1
YYY,YBC,2
YYY,YQB,1
YYY,YUL,1
YYY,YVB,1
YYY,YWK,1
YYY,YZV,2
YYZ,ADD,1
YYZ,AMS,4
YYZ,ANC,2
YYZ,ANU,2
YYZ,ATH,2
YYZ,ATL,6
YYZ,AUA,2
YYZ,AUH,2
YYZ,AUS,1
YYZ,AZS,3
YYZ,BCN,2
YYZ,BDA,2
YYZ,BDL,2
YYZ,BGI,2
YYZ,BNA,2
YYZ,BOG,2
YYZ,BOM,1
YYZ,BOS,3
YYZ,BRU,3
YYZ,BUD,1
YYZ,BWI,1
YYZ,BZE,2
YYZ,CAI,1
YYZ,CAN,1
YYZ,CCC,4
YYZ,CDG,6
YYZ,CLE,2
YYZ,CLT,3
YYZ,CMH,2
YYZ,CMW,1
YYZ,CPH,3
YYZ,CTG,1
YYZ,CUN,4
YYZ,CUR,2
YYZ,CVG,3
YYZ,CZM,2
YYZ,DCA,3
YYZ,DEL,2
YYZ,DEN,2
YYZ,DFW,5
YYZ,DTW,5
YYZ,DUB,3
YYZ,DXB,2
YYZ,EWR,2
YYZ,EZE,1
YYZ,FAO,1
YYZ,FCO,5
YYZ,FLL,5
YYZ,FRA,3
YYZ,GCM,2
YYZ,GEO,2
YYZ,GGT,1
YYZ,GLA,1
YYZ,GND,2
YYZ,GRU,2
YYZ,GUS,1
YYZ,HAV,1
YYZ,HKG,2
YYZ,HND,1
YYZ,HNL,1
YYZ,HOG,4
YYZ,HUX,2
YYZ,IAD,2
YYZ,IAH,3
YYZ,ICN,2
YYZ,IND,1
YYZ,ISB,1
YYZ,ISL,1
YYZ,IST,2
YYZ,JAX,1
YYZ,JED,1
YYZ,JFK,6
YYZ,KEF,1
YYZ,KHI,1
YYZ,KIN,4
YYZ,LAS,4
YYZ,LAX,5
YYZ,LGA,6
YYZ,LGW,2
YYZ,LHE,1
YYZ,LHR,6
YYZ,LIM,1
YYZ,LIR,2
YYZ,LIS,4
YYZ,MAD,1
YYZ,MAN,1
YYZ,MBJ,4
YYZ,MCI,1
YYZ,MCO,6
YYZ,MDT,1
YYZ,MEM,1
YYZ,MEX,3
YYZ,MIA,4
YYZ,MKE,1
YYZ,MSP,4
YYZ,MSY,2
YYZ,MUC,2
YYZ,MXP,1
YYZ,MYR,1
YYZ,NAS,2
YYZ,NRT,2
YYZ,OMA,1
YYZ,OPO,3
YYZ,ORD,6
YYZ,PBI,1
YYZ,PDL,2
YYZ,PEK,3
YYZ,PHL,5
YYZ,PHX,2
YYZ,PIT,2
YYZ,PLS,2
YYZ,POP,3
YYZ,POS,3
YYZ,PSP,1
YYZ,PTY,2
YYZ,PUJ,4
YYZ,PVG,3
YYZ,PVR,2
YYZ,RDU,1
YYZ,ROC,1
YYZ,RSW,2
YYZ,SAL,1
YYZ,SAN,1
YYZ,SAT,1
YYZ,SAV,1
YYZ,SCL,1
YYZ,SEA,1
YYZ,SFO,2
YYZ,SJC,1
YYZ,SJD,1
YYZ,SJO,2
YYZ,SJU,2
YYZ,SKB,1
YYZ,SLC,1
YYZ,SNU,5
YYZ,SRQ,1
YYZ,STL,2
YYZ,SUF,1
YYZ,SVO,1
YYZ,SXM,3
YYZ,SYR,1
YYZ,TLV,2
YYZ,TPA,2
YYZ,TPE,1
YYZ,UVF,2
YYZ,VCE,1
YYZ,VIE,3
YYZ,VKO,1
YYZ,VRA,4
YYZ,WAW,2
YYZ,YAM,2
YYZ,YDF,2
YYZ,YEG,2
YYZ,YFC,3
YYZ,YGK,1
YYZ,YHM,1
YYZ,YHZ,3
YYZ,YLW,2
YYZ,YMM,2
YYZ,YOW,2
YYZ,YQB,3
YYZ,YQG,1
YYZ,YQM,2
YYZ,YQR,3
YYZ,YQT,2
YYZ,YQY,1
YYZ,YRQ,1
YYZ,YSB,1
YYZ,YSJ,1
YYZ,YTM,1
YYZ,YTS,1
YYZ,YUL,8
YYZ,YVR,6
YYZ,YWG,3
YYZ,YXE,2
YYZ,YXU,2
YYZ,YYB,1
YYZ,YYC,4
YYZ,YYG,2
YYZ,YYJ,2
YYZ,YYT,2
YYZ,YZR,1
YYZ,ZAG,2
YYZ,ZIH,1
YYZ,ZRH,2
YZF,YBB,1
YZF,YCB,2
YZF,YCO,2
YZF,YEG,6
YZF,YFJ,1
YZF,YFS,2
YZF,YHK,2
YZF,YHY,1
YZF,YLE,1
YZF,YOW,2
YZF,YRA,1
YZF,YRT,2
YZF,YSG,1
YZF,YSM,1
YZF,YVQ,2
YZF,YVR,2
YZF,YWJ,1
YZF,YXY,1
YZF,YYC,2
YZF,YYH,1
YZG,YIK,1
YZG,YWB,1
YZP,YVR,1
YZR,YYZ,1
YZS,YCS,1
YZS,YRT,2
YZS,YTE,1
YZS,YUT,2
YZT,YVR,2
YZT,ZEL,1
YZV,YBG,1
YZV,YGV,2
YZV,YHU,1
YZV,YKL,1
YZV,YNA,3
YZV,YPN,1
YZV,YQB,4
YZV,YUL,2
YZV,YWK,5
YZV,YYY,2
YZV,ZGS,1
YZY,LHW,3
YZY,XIY,2
YZZ,YVR,1
ZAD,BER,1
ZAD,BLL,1
ZAD,BVA,1
ZAD,CGN,2
ZAD,CRL,1
ZAD,DUB,1
ZAD,DUS,2
ZAD,FDH,1
ZAD,FKB,1
ZAD,FRA,2
ZAD,GSE,1
ZAD,HAU,1
ZAD,HHN,1
ZAD,MAN,1
ZAD,MRS,1
ZAD,MUC,3
ZAD,NRN,1
ZAD,NYO,1
ZAD,PUY,1
ZAD,RYG,1
ZAD,STN,1
ZAD,STR,2
ZAD,TXL,1
ZAD,VIE,1
ZAD,WAW,1
ZAD,ZAG,1
ZAG,AMS,2
ZAG,ARN,1
ZAG,BCN,3
ZAG,BER,1
ZAG,BLQ,2
ZAG,BRU,2
ZAG,BUD,1
ZAG,BWK,1
ZAG,CDG,2
ZAG,CGN,2
ZAG,CPH,3
ZAG,DBV,1
ZAG,DOH,1
ZAG,DUB,1
ZAG,DUS,1
ZAG,FRA,2
ZAG,HEL,1
ZAG,ICN,1
ZAG,IST,2
ZAG,LED,1
ZAG,LGW,1
ZAG,LHR,3
ZAG,LIS,1
ZAG,MAD,1
ZAG,MUC,2
ZAG,MXP,1
ZAG,OMO,1
ZAG,OSI,2
ZAG,OSL,1
ZAG,OTP,1
ZAG,PRG,1
ZAG,PRN,1
ZAG,RJK,1
ZAG,SJJ,1
ZAG,SKP,1
ZAG,SPU,1
ZAG,STR,2
ZAG,SVO,1
ZAG,TLV,1
ZAG,TXL,2
ZAG,VIE,2
ZAG,WAW,1
ZAG,YYZ,2
ZAG,ZAD,1
ZAG,ZRH,3
ZAH,BND,1
ZAH,DXB,1
ZAH,GBT,2
ZAH,KER,1
ZAH,MHD,3
ZAH,SYZ,1
ZAH,THR,2
ZAH,ZBR,2
ZAL,CCP,1
ZAL,SCL,1
ZAM,CBO,1
ZAM,CEB,1
ZAM,DVO,1
ZAM,JOL,1
ZAM,MNL,3
ZAM,TWT,1
ZAT,CKG,1
ZAT,KMG,2
ZAT,PEK,1
ZAT,PVG,1
ZAT,SZX,1
ZAZ,ACE,1
ZAZ,BEY,1
ZAZ,BGY,1
ZAZ,BVA,1
ZAZ,CLJ,1
ZAZ,CRL,1
ZAZ,DOH,1
ZAZ,JFK,1
ZAZ,LGG,1
ZAZ,LUX,1
ZAZ,MEX,1
ZAZ,MIA,1
ZAZ,NVI,1
ZAZ,OTP,1
ZAZ,PMI,2
ZAZ,RUH,1
ZAZ,STN,1
ZAZ,TFN,1
ZAZ,TSN,1
ZBF,YUL,1
ZBL,BNE,1
ZBR,BND,1
ZBR,MCT,1
ZBR,MHD,1
ZBR,THR,2
ZBR,ZAH,1
ZCL,DFW,2
ZCL,LAX,1
ZCL,MDW,1
ZCL,MEX,2
ZCL,TIJ,1
ZCO,CCP,1
ZCO,SCL,2
ZDY,AZI,1
ZEL,YBL,1
ZEL,YKT,1
ZEL,YZT,1
ZEM,YKQ,1
ZEM,YNC,1
ZFM,YEV,1
ZFN,YVQ,1
ZFN,YWJ,1
ZGR,YBV,1
ZGS,YHR,1
ZGS,YIF,1
ZGS,YNA,2
ZGS,YZV,1
ZGS,ZKG,1
ZGU,MTV,1
ZGU,SON,1
ZGU,TOH,1
ZHA,CAN,1
ZHA,CGO,1
ZHA,CKG,2
ZHA,CSX,1
ZHA,CTU,3
ZHA,DMK,1
ZHA,HAK,1
ZHA,HGH,2
ZHA,HKG,2
ZHA,HUZ,1
ZHA,KHN,1
ZHA,KMG,2
ZHA,LZH,1
ZHA,LZO,1
ZHA,MXZ,1
ZHA,NAY,2
ZHA,NKG,1
ZHA,PEK,2
ZHA,PNH,1
ZHA,PVG,3
ZHA,SWA,1
ZHA,SYX,1
ZHA,SZX,3
ZHA,TVS,1
ZHA,TYN,1
ZHA,WUH,2
ZHA,XIY,1
ZHA,XMN,2
ZHA,ZUH,1
ZHY,PEK,1
ZHY,XIY,3
ZHY,XNN,1
ZIA,AER,1
ZIA,ALA,1
ZIA,AMS,1
ZIA,DYU,1
ZIA,FCO,1
ZIA,FRU,1
ZIA,GYD,1
ZIA,KYZ,1
ZIA,LBD,1
ZIA,OSS,1
ZIA,PRG,1
ZIA,TBS,1
ZIA,TJU,1
ZIA,TLV,1
ZIG,CSK,1
ZIG,DKR,1
ZIH,DFW,1
ZIH,IAH,1
ZIH,LAX,2
ZIH,MEX,3
ZIH,ORD,1
ZIH,PHX,2
ZIH,TLC,1
ZIH,YUL,1
ZIH,YVR,1
ZIH,YYC,1
ZIH,YYZ,1
ZKE,YAT,1
ZKE,YFA,1
ZKG,YNA,2
ZKG,ZGS,1
ZLO,IAH,1
ZLO,LAX,2
ZLO,MEX,3
ZLO,PHX,1
ZLO,TIJ,1
ZLO,YYC,1
ZLT,YIF,1
ZLT,ZTB,1
ZMT,YVR,2
ZNE,PER,2
ZNZ,ADD,1
ZNZ,DAR,5
ZNZ,DOH,1
ZNZ,FRA,1
ZNZ,JNB,1
ZNZ,JRO,4
ZNZ,MBA,1
ZNZ,NBO,2
ZOS,SCL,1
ZOS,ZAL,1
ZPB,MSA,1
ZPB,XBE,1
ZPB,YRS,1
ZPB,YXL,2
ZQN,AKL,2
ZQN,BNE,2
ZQN,CHC,1
ZQN,MEL,3
ZQN,OOL,1
ZQN,SYD,5
ZQN,WLG,2
ZQW,AYT,1
ZQW,FUE,1
ZQW,LPA,1
ZQW,PMI,1
ZQW,TFS,1
ZQZ,PVG,1
ZQZ,SJW,2
ZRH,ACE,4
ZRH,ADB,1
ZRH,AGA,1
ZRH,AGP,2
ZRH,ALC,3
ZRH,AMM,1
ZRH,AMS,3
ZRH,ARN,2
ZRH,ATH,2
ZRH,ATL,1
ZRH,AUH,1
ZRH,AYT,4
ZRH,BCN,3
ZRH,BDS,4
ZRH,BEG,2
ZRH,BER,1
ZRH,BHX,1
ZRH,BIO,1
ZRH,BJV,1
ZRH,BKK,2
ZRH,BLL,1
ZRH,BNX,1
ZRH,BOD,2
ZRH,BOM,2
ZRH,BOS,2
ZRH,BRE,2
ZRH,BRS,1
ZRH,BRU,2
ZRH,BTS,1
ZRH,BUD,1
ZRH,CAG,1
ZRH,CAI,2
ZRH,CDG,2
ZRH,CFU,1
ZRH,CGN,3
ZRH,CHQ,1
ZRH,CMN,1
ZRH,CPH,3
ZRH,CPT,1
ZRH,CTA,4
ZRH,CUN,1
ZRH,DAR,1
ZRH,DBV,3
ZRH,DEL,2
ZRH,DEN,1
ZRH,DJE,2
ZRH,DLM,1
ZRH,DME,1
ZRH,DOH,1
ZRH,DRS,2
ZRH,DUB,2
ZRH,DUS,4
ZRH,DXB,3
ZRH,EBA,1
ZRH,EDI,1
ZRH,EWR,2
ZRH,EZE,1
ZRH,FAO,1
ZRH,FCO,3
ZRH,FLR,2
ZRH,FMO,1
ZRH,FNC,3
ZRH,FRA,3
ZRH,FSC,1
ZRH,FUE,3
ZRH,GDN,1
ZRH,GIG,1
ZRH,GOT,1
ZRH,GRU,1
ZRH,GRZ,2
ZRH,GVA,4
ZRH,GWT,1
ZRH,HAJ,2
ZRH,HAM,4
ZRH,HAV,2
ZRH,HEL,2
ZRH,HER,5
ZRH,HKG,2
ZRH,HRG,3
ZRH,IAD,2
ZRH,IBZ,2
ZRH,ICN,1
ZRH,INI,1
ZRH,ISL,1
ZRH,IST,4
ZRH,JER,1
ZRH,JFK,5
ZRH,JMK,1
ZRH,JNB,2
ZRH,JTR,1
ZRH,KBP,2
ZRH,KEF,1
ZRH,KGS,2
ZRH,KIX,1
ZRH,KLX,1
ZRH,KRK,2
ZRH,KTT,1
ZRH,LAS,2
ZRH,LAX,2
ZRH,LCA,5
ZRH,LCY,3
ZRH,LED,1
ZRH,LEI,1
ZRH,LEJ,2
ZRH,LGW,1
ZRH,LHR,4
ZRH,LIS,7
ZRH,LJU,2
ZRH,LPA,5
ZRH,LTN,1
ZRH,LUG,1
ZRH,LUX,1
ZRH,LYS,1
ZRH,MAD,4
ZRH,MAH,1
ZRH,MAN,1
ZRH,MCO,1
ZRH,MCT,2
ZRH,MIA,2
ZRH,MLA,2
ZRH,MLE,1
ZRH,MRU,1
ZRH,MUC,2
ZRH,MXP,1
ZRH,NAP,4
ZRH,NBE,1
ZRH,NBO,3
ZRH,NCE,1
ZRH,NRT,2
ZRH,NUE,2
ZRH,OHD,1
ZRH,OLB,5
ZRH,OPO,2
ZRH,ORD,2
ZRH,OSL,2
ZRH,OTP,1
ZRH,PEK,1
ZRH,PFO,1
ZRH,PHL,2
ZRH,PMI,6
ZRH,PRG,3
ZRH,PRN,3
ZRH,PUJ,2
ZRH,PUY,1
ZRH,PVG,1
ZRH,RAK,2
ZRH,RHO,3
ZRH,RIX,1
ZRH,RMF,4
ZRH,SAN,1
ZRH,SAW,1
ZRH,SCQ,1
ZRH,SEZ,1
ZRH,SFO,2
ZRH,SIN,3
ZRH,SJO,1
ZRH,SKP,3
ZRH,SMI,1
ZRH,SOF,1
ZRH,SPC,1
ZRH,SPU,4
ZRH,STR,2
ZRH,SUF,3
ZRH,SVO,1
ZRH,SVQ,1
ZRH,SZG,1
ZRH,TFS,4
ZRH,TGD,1
ZRH,TIA,1
ZRH,TLV,2
ZRH,TOS,1
ZRH,TPA,2
ZRH,TRN,1
ZRH,TUN,1
ZRH,TXL,5
ZRH,VAR,1
ZRH,VCE,1
ZRH,VIE,5
ZRH,VLC,1
ZRH,WAW,2
ZRH,WRO,2
ZRH,XCR,1
ZRH,XRY,1
ZRH,YUL,2
ZRH,YVR,1
ZRH,YYC,1
ZRH,YYZ,2
ZRH,ZAG,2
ZRH,ZTH,1
ZRJ,MSA,1
ZRJ,YAC,2
ZRJ,ZPB,1
ZSA,FLL,1
ZSA,LGI,1
ZSA,NAS,2
ZSA,PLS,1
ZSA,PUJ,1
ZSA,YUL,1
ZSE,MRU,3
ZSJ,KEW,1
ZSJ,YPM,1
ZSJ,YRL,1
ZTA,NUK,1
ZTB,YHR,2
ZTB,ZLT,2
ZTH,AMS,1
ZTH,ATH,2
ZTH,BRU,1
ZTH,CRL,1
ZTH,DUS,3
ZTH,EFL,1
ZTH,FRA,1
ZTH,GVA,1
ZTH,HAM,1
ZTH,KIT,1
ZTH,LBA,1
ZTH,LGW,2
ZTH,MAN,2
ZTH,MUC,2
ZTH,PRG,1
ZTH,STR,1
ZTH,VIE,3
ZTH,ZRH,1
ZUH,BFJ,1
ZUH,BSD,1
ZUH,CGD,1
ZUH,CGO,4
ZUH,CGQ,1
ZUH,CKG,5
ZUH,CSX,3
ZUH,CTU,4
ZUH,CZX,1
ZUH,DAX,1
ZUH,FOC,5
ZUH,HAK,5
ZUH,HDG,1
ZUH,HFE,3
ZUH,HGH,3
ZUH,HNY,1
ZUH,HYN,3
ZUH,INC,1
ZUH,JIQ,1
ZUH,JJN,2
ZUH,KHN,5
ZUH,KMG,3
ZUH,KOW,1
ZUH,KWE,3
ZUH,KWL,1
ZUH,LFQ,1
ZUH,LHW,2
ZUH,LYG,1
ZUH,LZH,1
ZUH,LZO,1
ZUH,MXZ,2
ZUH,NGB,5
ZUH,NKG,4
ZUH,NNG,3
ZUH,PEK,4
ZUH,PKX,1
ZUH,PVG,6
ZUH,SHA,5
ZUH,SWA,2
ZUH,SYX,2
ZUH,TAO,1
ZUH,TCZ,1
ZUH,TNA,1
ZUH,TSN,3
ZUH,TYN,2
ZUH,WDS,2
ZUH,WNZ,4
ZUH,WUH,3
ZUH,WUT,1
ZUH,WUX,2
ZUH,WUZ,1
ZUH,WXN,1
ZUH,XFN,1
ZUH,XIY,2
ZUH,XMN,4
ZUH,XUZ,2
ZUH,YCU,1
ZUH,YIC,1
ZUH,YIH,1
ZUH,YIW,1
ZUH,YNT,1
ZUH,YNZ,1
ZUM,YWK,1
ZUM,YYR,1
ZVK,BKK,1
ZVK,PKZ,1
ZVK,VTE,1
ZYI,CAN,1
ZYI,CSX,2
ZYI,CTU,1
ZYI,DMK,1
ZYI,HAK,2
ZYI,INC,1
ZYI,KHN,1
ZYI,KMG,1
ZYI,KWL,1
ZYI,NGB,1
ZYI,NKG,1
ZYI,PEK,3
ZYI,PKX,2
ZYI,PVG,1
ZYI,SHA,1
ZYI,SJW,1
ZYI,SYX,2
ZYI,SZX,2
ZYI,WNZ,1
ZYI,WUH,1
ZYI,XIY,1
ZYI,XMN,1
ZYI,ZUH,1
ZYL,AUH,1
ZYL,DAC,4
ZYL,DOH,1
ZYL,DXB,1
ZYL,JED,1
ZYL,LHR,1
ZYL,MAN,1
ZYL,MCT,1
